{
  "Id": 10000014,
  "PromoteId": 14,
  "Sort": 20,
  "Body": 2,
  "Icon": "UI_AvatarIcon_Barbara",
  "SideIcon": "UI_AvatarIcon_Side_Barbara",
  "Name": "芭芭拉",
  "Description": "蒙德城的大家都喜欢芭芭拉。「偶像」这个词是她从一本杂志里看到的。",
  "BeginTime": "2020-09-15T04:00:00+08:00",
  "Quality": 4,
  "Weapon": 10,
  "BaseValue": {
    "HpBase": 820.6119,
    "AttackBase": 13.356,
    "DefenseBase": 56.0805
  },
  "GrowCurves": [
    {
      "Type": 1,
      "Value": 22
    },
    {
      "Type": 4,
      "Value": 32
    },
    {
      "Type": 7,
      "Value": 22
    }
  ],
  "SkillDepot": {
    "Arkhe": 0,
    "Skills": [
      {
        "GroupId": 1431,
        "Proud": {
          "Descriptions": [
            "一段伤害|{param1:F1P}",
            "二段伤害|{param2:F1P}",
            "三段伤害|{param3:F1P}",
            "四段伤害|{param4:F1P}",
            "重击伤害|{param5:P}",
            "重击体力消耗|{param6:F1}点",
            "下坠期间伤害|{param7:F1P}",
            "低空/高空坠地冲击伤害|{param8:P}/{param9:P}"
          ],
          "Parameters": [
            {
              "Level": 1,
              "Parameters": [
                0.3784,
                0.3552,
                0.4104,
                0.552,
                1.6624,
                50,
                0.568288,
                1.136335,
                1.419344
              ]
            },
            {
              "Level": 2,
              "Parameters": [
                0.40678,
                0.38184,
                0.44118,
                0.5934,
                1.78708,
                50,
                0.614544,
                1.228828,
                1.534872
              ]
            },
            {
              "Level": 3,
              "Parameters": [
                0.43516,
                0.40848,
                0.47196,
                0.6348,
                1.91176,
                50,
                0.6608,
                1.32132,
                1.6504
              ]
            },
            {
              "Level": 4,
              "Parameters": [
                0.473,
                0.444,
                0.513,
                0.69,
                2.078,
                50,
                0.72688,
                1.453452,
                1.81544
              ]
            },
            {
              "Level": 5,
              "Parameters": [
                0.50138,
                0.47064,
                0.54378,
                0.7314,
                2.20268,
                50,
                0.773136,
                1.545944,
                1.930968
              ]
            },
            {
              "Level": 6,
              "Parameters": [
                0.52976,
                0.49728,
                0.57456,
                0.7728,
                2.32736,
                50,
                0.826,
                1.65165,
                2.063
              ]
            },
            {
              "Level": 7,
              "Parameters": [
                0.5676,
                0.5328,
                0.6156,
                0.828,
                2.4936,
                50,
                0.898688,
                1.796995,
                2.244544
              ]
            },
            {
              "Level": 8,
              "Parameters": [
                0.60544,
                0.56832,
                0.65664,
                0.8832,
                2.65984,
                50,
                0.971376,
                1.94234,
                2.426088
              ]
            },
            {
              "Level": 9,
              "Parameters": [
                0.64328,
                0.60384,
                0.69768,
                0.9384,
                2.82608,
                50,
                1.044064,
                2.087686,
                2.607632
              ]
            },
            {
              "Level": 10,
              "Parameters": [
                0.68112,
                0.63936,
                0.73872,
                0.9936,
                2.99232,
                50,
                1.12336,
                2.246244,
                2.80568
              ]
            },
            {
              "Level": 11,
              "Parameters": [
                0.720474,
                0.676301,
                0.781402,
                1.051008,
                3.16521,
                50,
                1.202656,
                2.404802,
                3.003728
              ]
            },
            {
              "Level": 12,
              "Parameters": [
                0.771936,
                0.724608,
                0.837216,
                1.12608,
                3.391296,
                50,
                1.281952,
                2.563361,
                3.201776
              ]
            },
            {
              "Level": 13,
              "Parameters": [
                0.823398,
                0.772915,
                0.89303,
                1.201152,
                3.617382,
                50,
                1.361248,
                2.721919,
                3.399824
              ]
            },
            {
              "Level": 14,
              "Parameters": [
                0.874861,
                0.821222,
                0.948845,
                1.276224,
                3.843469,
                50,
                1.440544,
                2.880478,
                3.597872
              ]
            },
            {
              "Level": 15,
              "Parameters": [
                0.926323,
                0.86953,
                1.004659,
                1.351296,
                4.069555,
                50,
                1.51984,
                3.039036,
                3.79592
              ]
            }
          ]
        },
        "Id": 10070,
        "Name": "普通攻击·水之浅唱",
        "Description": "<color=#FFD780FF>普通攻击</color>\n进行至多四段的水花攻击，造成<color=#80C0FFFF>水元素伤害</color>。\n\n<color=#FFD780FF>重击</color>\n消耗一定体力，短暂咏唱后，造成<color=#80C0FFFF>水元素范围伤害</color>。\n\n<color=#FFD780FF>下落攻击</color>\n凝聚水元素的力量，从空中下坠冲击地面，攻击下落路径上的敌人，并在落地时造成<color=#80C0FFFF>水元素范围伤害</color>。",
        "Icon": "Skill_A_Catalyst_MD"
      },
      {
        "GroupId": 1432,
        "Proud": {
          "Descriptions": [
            "命中治疗量|{param3:F2P}生命值上限+{param4:I}",
            "持续治疗量|{param1:F2P}生命值上限+{param2:I}",
            "水珠伤害|{param5:F1P}",
            "持续时间|{param6:F1}秒",
            "冷却时间|{param7:F1}秒"
          ],
          "Parameters": [
            {
              "Level": 1,
              "Parameters": [
                0.04,
                385.18774,
                0.0075,
                72.2227,
                0.584,
                15,
                32
              ]
            },
            {
              "Level": 2,
              "Parameters": [
                0.043,
                423.71188,
                0.008063,
                79.44598,
                0.6278,
                15,
                32
              ]
            },
            {
              "Level": 3,
              "Parameters": [
                0.046,
                465.44635,
                0.008625,
                87.271194,
                0.6716,
                15,
                32
              ]
            },
            {
              "Level": 4,
              "Parameters": [
                0.05,
                510.39117,
                0.009375,
                95.69834,
                0.73,
                15,
                32
              ]
            },
            {
              "Level": 5,
              "Parameters": [
                0.053,
                558.5463,
                0.009938,
                104.72743,
                0.7738,
                15,
                32
              ]
            },
            {
              "Level": 6,
              "Parameters": [
                0.056,
                609.9118,
                0.0105,
                114.35847,
                0.8176,
                15,
                32
              ]
            },
            {
              "Level": 7,
              "Parameters": [
                0.06,
                664.4877,
                0.01125,
                124.59144,
                0.876,
                15,
                32
              ]
            },
            {
              "Level": 8,
              "Parameters": [
                0.064,
                722.27386,
                0.012,
                135.42635,
                0.9344,
                15,
                32
              ]
            },
            {
              "Level": 9,
              "Parameters": [
                0.068,
                783.2704,
                0.01275,
                146.8632,
                0.9928,
                15,
                32
              ]
            },
            {
              "Level": 10,
              "Parameters": [
                0.072,
                847.4773,
                0.0135,
                158.902,
                1.0512,
                15,
                32
              ]
            },
            {
              "Level": 11,
              "Parameters": [
                0.076,
                914.89453,
                0.01425,
                171.54272,
                1.1096,
                15,
                32
              ]
            },
            {
              "Level": 12,
              "Parameters": [
                0.08,
                985.5221,
                0.015,
                184.78539,
                1.168,
                15,
                32
              ]
            },
            {
              "Level": 13,
              "Parameters": [
                0.085,
                1059.36,
                0.015938,
                198.63,
                1.241,
                15,
                32
              ]
            },
            {
              "Level": 14,
              "Parameters": [
                0.09,
                1136.4082,
                0.016875,
                213.07655,
                1.314,
                15,
                32
              ]
            },
            {
              "Level": 15,
              "Parameters": [
                0.095,
                1216.6669,
                0.017812,
                228.12503,
                1.387,
                15,
                32
              ]
            }
          ]
        },
        "Id": 10071,
        "Name": "演唱，开始♪",
        "Description": "唤出歌声般跃动的水珠，形成歌声之环，对周围的敌人造成<color=#80C0FFFF>水元素伤害</color>，并施加<color=#80C0FFFF>潮湿</color>状态。\n\n<color=#FFD780FF>歌声之环</color>\n·芭芭拉的普通攻击命中时，为队伍中自己的角色，以及附近的友方角色恢复生命值，回复量受益于芭芭拉的生命值上限；\n·重击命中时，能产生4倍回复量；\n·每隔一段时间，为当前场上自己的角色恢复生命值；\n·对角色与触及的敌人施加<color=#80C0FFFF>潮湿</color>状态。\n\n<i>芭芭拉的音乐就是治疗大家的魔法。</i>",
        "Icon": "Skill_S_Barbara_01"
      }
    ],
    "EnergySkill": {
      "GroupId": 1439,
      "Proud": {
        "Descriptions": [
          "治疗量|{param1:F1P}生命值上限+{param2:I}",
          "冷却时间|{param3:F1}秒",
          "元素能量|{param4:I}"
        ],
        "Parameters": [
          {
            "Level": 1,
            "Parameters": [
              0.176,
              1694.2819,
              20,
              80
            ]
          },
          {
            "Level": 2,
            "Parameters": [
              0.1892,
              1863.7336,
              20,
              80
            ]
          },
          {
            "Level": 3,
            "Parameters": [
              0.2024,
              2047.3063,
              20,
              80
            ]
          },
          {
            "Level": 4,
            "Parameters": [
              0.22,
              2245,
              20,
              80
            ]
          },
          {
            "Level": 5,
            "Parameters": [
              0.2332,
              2456.8147,
              20,
              80
            ]
          },
          {
            "Level": 6,
            "Parameters": [
              0.2464,
              2682.7502,
              20,
              80
            ]
          },
          {
            "Level": 7,
            "Parameters": [
              0.264,
              2922.807,
              20,
              80
            ]
          },
          {
            "Level": 8,
            "Parameters": [
              0.2816,
              3176.9846,
              20,
              80
            ]
          },
          {
            "Level": 9,
            "Parameters": [
              0.2992,
              3445.2832,
              20,
              80
            ]
          },
          {
            "Level": 10,
            "Parameters": [
              0.3168,
              3727.7026,
              20,
              80
            ]
          },
          {
            "Level": 11,
            "Parameters": [
              0.3344,
              4024.2432,
              20,
              80
            ]
          },
          {
            "Level": 12,
            "Parameters": [
              0.352,
              4334.905,
              20,
              80
            ]
          },
          {
            "Level": 13,
            "Parameters": [
              0.374,
              4659.687,
              20,
              80
            ]
          },
          {
            "Level": 14,
            "Parameters": [
              0.396,
              4998.591,
              20,
              80
            ]
          },
          {
            "Level": 15,
            "Parameters": [
              0.418,
              5351.615,
              20,
              80
            ]
          }
        ]
      },
      "Id": 10072,
      "Name": "闪耀奇迹♪",
      "Description": "为附近的友方角色及队伍中自己的角色恢复大量生命值，回复量受益于芭芭拉的生命值上限。\n\n<i>治愈大家的心就是芭芭拉战斗与歌唱的力量。</i>",
      "Icon": "Skill_E_Barbara_01"
    },
    "Inherents": [
      {
        "GroupId": 1421,
        "Proud": {
          "Descriptions": [],
          "Parameters": [
            {
              "Level": 1,
              "Parameters": [
                0.12
              ]
            }
          ]
        },
        "Id": 142101,
        "Name": "光辉的季节",
        "Description": "角色在<color=#FFD780FF>演唱，开始♪</color>的歌声之环中时，体力消耗降低12%。",
        "Icon": "UI_Talent_S_Barbara_05"
      },
      {
        "GroupId": 1422,
        "Proud": {
          "Descriptions": [],
          "Parameters": [
            {
              "Level": 1,
              "Parameters": [
                1,
                5
              ]
            }
          ]
        },
        "Id": 142201,
        "Name": "安可",
        "Description": "当前场上自己的角色获得元素晶球或元素微粒时，延长<color=#FFD780FF>演唱，开始♪</color>歌声之环持续时间1秒。\n通过这种方式，至多延长5秒。",
        "Icon": "UI_Talent_S_Barbara_06"
      },
      {
        "GroupId": 1423,
        "Proud": {
          "Descriptions": [],
          "Parameters": [
            {
              "Level": 1,
              "Parameters": []
            }
          ]
        },
        "Id": 142301,
        "Name": "心意♪注入",
        "Description": "完美烹饪恢复类食物时，有12%概率获得2倍产出。",
        "Icon": "UI_Talent_Cook_Heal"
      }
    ],
    "Talents": [
      {
        "Id": 141,
        "Name": "彩色歌谣",
        "Description": "芭芭拉每10秒恢复1点元素能量。",
        "Icon": "UI_Talent_S_Barbara_01"
      },
      {
        "Id": 142,
        "Name": "元气迸发",
        "Description": "<color=#FFD780FF>演唱，开始♪</color>的冷却时间降低15%；\n技能持续期间，当前场上自己的角色获得15%<color=#80C0FFFF>水元素伤害加成</color>。",
        "Icon": "UI_Talent_S_Barbara_02"
      },
      {
        "Id": 143,
        "Name": "明日之星",
        "Description": "<color=#FFD780FF>闪耀奇迹♪</color>的技能等级提高3级。\n至多提升至15级。",
        "Icon": "UI_Talent_U_Barbara_02",
        "ExtraLevel": {
          "Index": 9,
          "Level": 3
        }
      },
      {
        "Id": 144,
        "Name": "努力即魔法",
        "Description": "芭芭拉使用重击时，每命中一个敌人，就恢复1点元素能量。\n通过这种方式，一次至多回复5点元素能量。",
        "Icon": "UI_Talent_S_Barbara_03"
      },
      {
        "Id": 145,
        "Name": "纯真的羁绊",
        "Description": "<color=#FFD780FF>演唱，开始♪</color>的技能等级提高3级。\n至多提升至15级。",
        "Icon": "UI_Talent_U_Barbara_01",
        "ExtraLevel": {
          "Index": 2,
          "Level": 3
        }
      },
      {
        "Id": 146,
        "Name": "将一切美好献给你",
        "Description": "芭芭拉处于队伍后台时，队伍中自己的角色倒下时，则立即：\n·复苏该角色；\n·将该角色生命值恢复至100%。\n该效果每15分钟只能触发一次。",
        "Icon": "UI_Talent_S_Barbara_04"
      }
    ]
  },
  "FetterInfo": {
    "Title": "闪耀偶像",
    "Detail": "蒙德城的大家都喜欢芭芭拉。「偶像」这个词是她从一本杂志里看到的。",
    "Association": 1,
    "Native": "西风教会",
    "BirthMonth": 7,
    "BirthDay": 5,
    "VisionBefore": "水",
    "ConstellationBefore": "金杯座",
    "CvChinese": "宋媛媛",
    "CvJapanese": "鬼头明里",
    "CvEnglish": "劳拉·斯特尔",
    "CvKorean": "尹娥煐",
    "CookBonus": {
      "OriginItemId": 108038,
      "ItemId": 108040,
      "InputList": [
        100061,
        110002,
        100015
      ]
    },
    "Fetters": [
      {
        "Title": "初次见面…",
        "Context": "芭芭拉，闪耀登场~治疗就交给我吧，不会让你失望的！"
      },
      {
        "Title": "闲聊·犯困",
        "Context": "再这样站下去，会…想睡觉的…"
      },
      {
        "Title": "闲聊·激励",
        "Context": "大家应该都在努力着，那我们也不能偷懒，对吧？"
      },
      {
        "Title": "闲聊·提神秘诀",
        "Context": "欸，是没精神了吗？尝一尝我做的辣味饮料吧，很提神的喔！"
      },
      {
        "Title": "下雨的时候…",
        "Context": "这样淋着不要紧吗？会感冒的吧？"
      },
      {
        "Title": "打雷的时候…",
        "Context": "呜哇！"
      },
      {
        "Title": "下雪的时候…",
        "Context": "欸！是雪花欸！冰冰凉凉的~！"
      },
      {
        "Title": "阳光很好…",
        "Context": "这样的好天气，嗯~适合比较明快的曲风呢！"
      },
      {
        "Title": "刮大风了…",
        "Context": "放心，我不会被吹走的！"
      },
      {
        "Title": "早上好…",
        "Context": "早安~今天也要加油呀。"
      },
      {
        "Title": "中午好…",
        "Context": "欸，想听我唱歌…？对不起，还…还没有到演出时间呢。"
      },
      {
        "Title": "晚上好…",
        "Context": "想吃猎鹿人餐馆的香辣鲈鱼…可是最近的肚子，呜…"
      },
      {
        "Title": "晚安…",
        "Context": "辛苦了！请好好休息吧。"
      },
      {
        "Title": "关于芭芭拉自己…",
        "Context": "「指引我前进的风啊。在我困顿时给我继续前行的力量，在我迷惑时给我辨明善恶的智慧，在我遭受不义时给我抗争的勇气…」…哎呀，抱歉，刚才在专心祈祷。有什么事吗？"
      },
      {
        "Title": "关于我们·愿望",
        "Context": "我的愿望，是给身边的大家带来笑容！只要能帮上你的忙，我就很开心了。"
      },
      {
        "Title": "关于我们·梦想",
        "Context": "谢谢你陪我走到现在，离我的梦想已经越来越近了呢。未来的日子，也请多多关照啦~！"
      },
      {
        "Title": "关于「神之眼」…",
        "Context": "每个人都会有自己的愿望。汇聚大家的愿望，让大家感到幸福，这一定，就是神给予我的使命吧。"
      },
      {
        "Title": "有什么想要分享…",
        "Context": "蒙德城外青青的原野，真的百看不厌。但我听说，世界上还有蓝色的树林呢！就在海对岸的稻妻城那边。嗯！我还得多攒一点…欸？问我在攒什么？嘿嘿，是秘密哦~！"
      },
      {
        "Title": "感兴趣的见闻…",
        "Context": "向日葵一直对着阳光的样子，很耀眼呢。其实，妈妈送过我一条向日葵风格的礼裙…但我什么时候才能穿上它去演出呢？"
      },
      {
        "Title": "关于琴…",
        "Context": "代理团长大人…骑士团的领袖，大家都很喜欢她哦。欸？问我吗？我…我当然也非常尊敬她！"
      },
      {
        "Title": "关于丽莎…",
        "Context": "我一直承蒙丽莎姐姐照顾呢。要是她也成为偶像的话，我绝对会全力应援，喊到嗓子哑掉…啊，这样会吓到别人的吧…"
      },
      {
        "Title": "关于安柏…",
        "Context": "以前就经常看到安柏风风火火地往城外跑，侦察骑士还真是辛苦呀。"
      },
      {
        "Title": "关于迪卢克…",
        "Context": "迪卢克老爷吗？上次在「天使的馈赠」演出，他一直皱着眉头…是不是我唱的歌他不喜欢呢？"
      },
      {
        "Title": "关于温迪…",
        "Context": "温迪的声音很好听！不过，他唱的歌跟我擅长的风格差异很大。我试着偷偷学过…那旋律还真是复杂呀。"
      },
      {
        "Title": "关于班尼特…",
        "Context": "班尼特经常带着一身伤痕来教堂…他却一直毫不在意、大大咧咧地笑着。唔…还是应该更爱惜自己才好啊。"
      },
      {
        "Title": "关于法尔伽…",
        "Context": "父亲跟着法尔伽大团长一起出远门了，也不知道路途中会不会遇到什么…啊，没关系，大团长可是「北风骑士」，一定没问题的！我…也会为他们祈祷的。"
      },
      {
        "Title": "关于罗莎莉亚…",
        "Context": "罗莎莉亚修女虽然难以接近，也从不参加祈祷，但我觉得…唔，她一定是相信着风神的！不过，不过我并没有勇气和她交流就是了…"
      },
      {
        "Title": "关于诺艾尔…",
        "Context": "诺艾尔实在是太可爱了！人又温柔，还很有耐心，跟她在一起的时候，完全不会有什么压力…哦，对了，她做的茶点也很特别。又香，又甜，而且很健康，嘿嘿。"
      },
      {
        "Title": "想要了解芭芭拉·其一",
        "Context": "骑士们挥剑作战的样子好帅啊！你是不是也有这种感觉？我自己也试过用剑…欸嘿嘿，可惜我在剑术上，完全没有天赋呢。"
      },
      {
        "Title": "想要了解芭芭拉·其二",
        "Context": "想要治愈大家。就是这么简单的心情，让我成为了牧师。要是能帮上大家就好了。"
      },
      {
        "Title": "想要了解芭芭拉·其三",
        "Context": "偶像，唔...是从艾莉丝那边了解到的…「优秀的偶像能够治愈人们的心灵。」嗯，嗯，总之就是这样啦。"
      },
      {
        "Title": "想要了解芭芭拉·其四",
        "Context": "我每天都在努力，这份努力…如果能配得上蒙德城大家的信任…"
      },
      {
        "Title": "想要了解芭芭拉·其五",
        "Context": "每次演出的时候我都会想…我真的能够治愈蒙德城里的每个人么？但是看着你，我总觉得只要一步步向前，总有一天…欸？至少已经把你治愈了…？这时候不是应该说！我已经治愈很多人了吗？！不过这样也不错…"
      },
      {
        "Title": "芭芭拉的爱好…",
        "Context": "是大家脸上的笑容，一直在支持我。"
      },
      {
        "Title": "芭芭拉的烦恼…",
        "Context": "同伴们一直在受伤…我，没有替大家分担痛苦的力量。但我可以尽最大的努力治疗！一定，要让大家恢复健康。"
      },
      {
        "Title": "喜欢的食物…",
        "Context": "你喜欢麻辣小鱼干吗？我这还有两条…喏，给你一条！"
      },
      {
        "Title": "讨厌的食物…",
        "Context": "我不太喜欢苦的东西，特别是…苦瓜。"
      },
      {
        "Title": "收到赠礼·其一",
        "Context": "很少吃到那么合我口味的菜肴。今天是幸运日呢！"
      },
      {
        "Title": "收到赠礼·其二",
        "Context": "谢谢你特意做的这些，这次，是被你治愈了。"
      },
      {
        "Title": "收到赠礼·其三",
        "Context": "不，不好…"
      },
      {
        "Title": "生日…",
        "Context": "请收下！这个是给你的生日礼物，专属签名绘哟~欸嘿，等下一首新歌，我会第一时间唱给你听的！生日快乐呀！"
      },
      {
        "Title": "突破的感受·起",
        "Context": "芭芭拉的舞步…治愈力UP！"
      },
      {
        "Title": "突破的感受·承",
        "Context": "谢谢你的支持~啊，不好，好像有点太激动了…心脏怦怦跳个不停。"
      },
      {
        "Title": "突破的感受·转",
        "Context": "请告诉我继续变强的秘诀~欸？放心交给你就行？…这怎么行，我也要一起努力！"
      },
      {
        "Title": "突破的感受·合",
        "Context": "和你一起旅行，我才意识到舞台是没有边界的。谢谢你！嘿嘿…好！一起喊出那句咒语吧！三、二、一，——芭芭拉冲呀！"
      },
      {
        "Title": "元素战技·其一",
        "Context": "我会保护大家！"
      },
      {
        "Title": "元素战技·其二",
        "Context": "打起精神来哟！"
      },
      {
        "Title": "元素战技·其三",
        "Context": "演唱，开始！"
      },
      {
        "Title": "元素爆发·其一",
        "Context": "♪哼哼哼~哼哼~"
      },
      {
        "Title": "元素爆发·其二",
        "Context": "准备好了吗~"
      },
      {
        "Title": "元素爆发·其三",
        "Context": "大家加油喔！"
      },
      {
        "Title": "冲刺开始·其一",
        "Context": "芭芭拉，冲呀！"
      },
      {
        "Title": "冲刺结束·其一",
        "Context": "呼…呼…没问题！"
      },
      {
        "Title": "冲刺结束·其二",
        "Context": "能跟得上！"
      },
      {
        "Title": "打开宝箱·其一",
        "Context": "想用歌声，带给人们同样的惊喜。"
      },
      {
        "Title": "打开宝箱·其二",
        "Context": "光彩熠熠！"
      },
      {
        "Title": "打开宝箱·其三",
        "Context": "嗯哼♪真是幸运的一天~"
      },
      {
        "Title": "生命值低·其一",
        "Context": "我没关系的！"
      },
      {
        "Title": "生命值低·其二",
        "Context": "为了大家，我还不能…"
      },
      {
        "Title": "生命值低·其三",
        "Context": "我再坚持一下…"
      },
      {
        "Title": "同伴生命值低·其一",
        "Context": "我…不想看你受伤。"
      },
      {
        "Title": "同伴生命值低·其二",
        "Context": "让我为你治疗，拜托了！"
      },
      {
        "Title": "倒下·其一",
        "Context": "有点，没力气了…"
      },
      {
        "Title": "倒下·其二",
        "Context": "大家的声音，听不到呢…"
      },
      {
        "Title": "倒下·其三",
        "Context": "姐姐…"
      },
      {
        "Title": "普通受击·其一",
        "Context": "疼…"
      },
      {
        "Title": "重受击·其一",
        "Context": "讨厌…"
      },
      {
        "Title": "加入队伍·其一",
        "Context": "放心交给我就好。"
      },
      {
        "Title": "加入队伍·其二",
        "Context": "我会加油的！"
      },
      {
        "Title": "加入队伍·其三",
        "Context": "一起努力吧！"
      }
    ],
    "FetterStories": [
      {
        "Title": "角色详细",
        "Context": "芭芭拉是西风教会的祈礼牧师，同时也是蒙德城的闪耀偶像。\n「只要看到芭芭拉，心情就能变好。」——蒙德城里流传着这样的说法。\n实际上，不只是心情，伤口或者身体不适也能一起治愈。\n人们知道，芭芭拉可以通过水元素的「神之眼」，释放奇妙的魔法。\n但在芭芭拉心中，最神奇的魔法只有「切实的努力」而已。"
      },
      {
        "Title": "角色故事1",
        "Context": "蒙德城里，人人都喜欢芭芭拉。\n其实在最开始，芭芭拉的歌声对于蒙德居民来说十分陌生，甚至让人有些不习惯。\n因为蒙德一直以来流传的歌，大部分都是吟游诗人弹唱的民谣。\n好在蒙德有着「自由」的精神，令人愉快的新事物，可以和喜闻乐见的「传统」一起繁荣。\n人们接受了她的歌声，逐渐被她的活力感染，甚至也开始学着哼唱。\n「艾伯特先生，不要再唱啦！你唱的真的没调子！」"
      },
      {
        "Title": "角色故事2",
        "Context": "可是对于这样的成果，芭芭拉心情复杂。\n偶像的职责就是让大家喜爱自己。这么来看的话，芭芭拉做得很好。\n她的选择并没有错。\n——但是，另一方面，偶像需要去抚慰大家心灵的疲劳，她真的做到了吗？\n她为盲眼的葛罗丽唱了歌，安慰她远行的恋人一定会归来；她为生病的安娜唱了歌，祝福她疾病一定会被治愈。\n但在歌声结束后，她们脸上的笑容并未停留太久。\n芭芭拉陷入了迷茫之中。"
      },
      {
        "Title": "角色故事3",
        "Context": "芭芭拉从小就是个性格阳光的孩子。尽管她有些笨拙，做事常常失败，也总能飞快振作起来，再试一次。\n与芭芭拉截然相反的「那个人」，便是她的姐姐，众人口中的「家族骄傲」。\n仿佛是对着字典里「优秀」的解释一般成长起来的姐姐，完全遥不可及。\n芭芭拉最初努力的动机并没有多么伟大，仅仅是想要赢过姐姐一次。\n可是，无论剑术还是学习，她都比不上姐姐。\n一向阳光向上的芭芭拉，对此不免有些失落。\n「努力是最神奇的魔法，但在努力也没有用的时候，应该怎么办呢？」"
      },
      {
        "Title": "角色故事4",
        "Context": "芭芭拉没有想过放弃。\n不如说，她的韧性令她的父亲，「拂晓的枢机卿」西蒙都感到吃惊。\n芭芭拉给自己制定的「失落时间」只有三十秒。\n三十秒过后，无论如何都要重新打起精神来。\n「既然不擅长战斗，那我就负责后勤吧！」\n在父亲的引导下，芭芭拉成为了一位治疗者。\n伤员和病患是如此痛苦，芭芭拉的善良又是如此闪耀。\n「想获得他人认可」的渴望，不知不觉地变成了「想帮助他人」的简单信念。"
      },
      {
        "Title": "角色故事5",
        "Context": "「谢谢。」这是芭芭拉听到最多的话。\n感到迷茫时，有人握住了她的手。\n「你的陪伴，让我感觉好多了。」\n对芭芭拉而言，大家脸上重新洋溢出的笑容，就是她最好的奖章。\n所以，在夜里按摩着肿疼的小腿，或者咕嘟咕嘟喝着护嗓子的杏白茶时，芭芭拉都会想起每一个向她投以善意的人。\n「我也是在大家的鼓励下前进的！」\n而且，那个笑容说不定正是健康的证明——歌声也许真的能够将人们治愈。\n至于那份想要超越姐姐，成为全蒙德的人气第一的小小好胜心，并没有被芭芭拉摒弃，而是被她藏进了最深的心底。\n「如果能够变得更加优秀，也许就能为姐姐分担一点责任了吧。」\n她是这样想的。\n「唔唔…芭芭拉冲呀！」"
      },
      {
        "Title": "艾莉丝的偶像杂志",
        "Context": "「偶…像？」\n最初芭芭拉听到这个陌生词汇的时候，疑惑写满了她的整张脸。\n「人们应该崇拜的，不是世间的七神吗？」\n「不止哟。」魔女会元老成员之一，阅人万千的艾莉丝蛊惑般地说，「看了这个你就明白了。」\n总之，从这本不知道是哪个世界带回来的「偶像杂志」中，芭芭拉知道了有那么一种职业，工作的内容就是努力被大家喜爱。\n而优秀的偶像不仅收获欢欣，更能够通过歌喉和舞步治愈人们的心灵。\n芭芭拉一遍遍踩着拍子练习着新曲子。她终于在人们的笑容里，找到了属于自己的喜悦。\n后来有一天，艾莉丝一脸愁容地告诉芭芭拉，「提瓦特偶像团」计划似乎流产的时候，芭芭拉的演出已经在蒙德城小有名气了。\n「唔…既然只剩下我了，那，偶像的意义…就由我来发扬吧！」\n怀着小小的野心，芭芭拉今天也在偷偷练习着新的曲子。"
      },
      {
        "Title": "神之眼",
        "Context": "芭芭拉获得「神之眼」时，并没在做什么伟大的事。\n当时她刚刚进入教会不久，正在照顾一个高烧不退的孩子。\n无论芭芭拉怎么哄，孩子都哭闹不休。\n有人说，他已经服下药剂，可对亲人的想念无从缓解。\n又有人说，唱歌给孩子听吧，这样他就会好起来。\n到那时为止，芭芭拉从未唱过歌。不过她不会在这种时刻退缩。\n就算从来没有唱过歌，她也无法丢下需要照顾的孩子。\n芭芭拉抱着高烧不退的孩子，唱起了自己记得的唯一一首摇篮曲。\n最开始，她唱得很笨拙，连词都忘记了，只能轻轻哼唱出旋律。\n孩子平静了一些，于是她继续唱着这首歌，不知唱了多少遍，嗓子都变得干哑。直到怀里的孩子安然睡去，疲惫的芭芭拉才靠着墙睡着了。\n翌日清晨她醒来，发觉孩子的烧已经退了。也许是因为她的歌声，也许是因为不知何时落在她手边的「神之眼」。\n但芭芭拉并没有把注意力放在这件事上。看着孩子的笑靥，她真心地感到快乐。\n「用歌声治愈所有人」——芭芭拉的神之眼，就诞生于这样单纯而温柔的梦想。"
      }
    ]
  },
  "Costumes": [
    {
      "Id": 201401,
      "Name": "闪耀协奏",
      "Description": "芭芭拉的海滩装扮。洋溢着夏日活力的俏丽短裙，似乎散发着海洋的清爽气息。",
      "IsDefault": false,
      "FrontIcon": "UI_AvatarIcon_BarbaraCostumeSummertime",
      "SideIcon": "UI_AvatarIcon_Side_BarbaraCostumeSummertime"
    },
    {
      "Id": 201400,
      "Name": "纯真期待",
      "Description": "芭芭拉的装扮款式。带有芭芭拉个人特色的西风教会牧师制服。",
      "IsDefault": true
    }
  ],
  "CultivationItems": [
    104124,
    113012,
    100025,
    112010,
    104303,
    113007
  ],
  "NameCard": {
    "Name": "芭芭拉·流淌",
    "Description": "名片纹饰。\n什么东西会流淌？治愈的清泉和芭芭拉的歌声与旋律。",
    "Icon": "UI_NameCardIcon_Barbara",
    "PicturePrefix": "UI_NameCardPic_Barbara"
  }
}