{
  "Id": 10000063,
  "PromoteId": 63,
  "Sort": 45,
  "Body": 3,
  "Icon": "UI_AvatarIcon_Shenhe",
  "SideIcon": "UI_AvatarIcon_Side_Shenhe",
  "Name": "申鹤",
  "Description": "气质出尘的仙家子弟。隐修在璃月群山之间，个性也如仙人般淡漠疏离。",
  "BeginTime": "2022-01-05T00:00:00+08:00",
  "Quality": 5,
  "Weapon": 13,
  "BaseValue": {
    "HpBase": 1011.47253,
    "AttackBase": 23.6474,
    "DefenseBase": 64.6164
  },
  "GrowCurves": [
    {
      "Type": 1,
      "Value": 21
    },
    {
      "Type": 4,
      "Value": 31
    },
    {
      "Type": 7,
      "Value": 21
    }
  ],
  "SkillDepot": {
    "Arkhe": 0,
    "Skills": [
      {
        "GroupId": 6331,
        "Proud": {
          "Descriptions": [
            "一段伤害|{param1:F1P}",
            "二段伤害|{param2:F1P}",
            "三段伤害|{param3:F1P}",
            "四段伤害|{param4:F1P}+{param5:F1P}",
            "五段伤害|{param6:F1P}",
            "重击伤害|{param7:F1P}",
            "重击体力消耗|{param8:F1}点",
            "下坠期间伤害|{param9:F1P}",
            "低空/高空坠地冲击伤害|{param10:P}/{param11:P}"
          ],
          "Parameters": [
            {
              "Level": 1,
              "Parameters": [
                0.43258,
                0.40248,
                0.5332,
                0.26316,
                0.26316,
                0.65618,
                1.106734,
                25,
                0.639324,
                1.278377,
                1.596762
              ]
            },
            {
              "Level": 2,
              "Parameters": [
                0.46779,
                0.43524,
                0.5766,
                0.28458,
                0.28458,
                0.70959,
                1.196817,
                25,
                0.691362,
                1.382431,
                1.726731
              ]
            },
            {
              "Level": 3,
              "Parameters": [
                0.503,
                0.468,
                0.62,
                0.306,
                0.306,
                0.763,
                1.2869,
                25,
                0.7434,
                1.486485,
                1.8567
              ]
            },
            {
              "Level": 4,
              "Parameters": [
                0.5533,
                0.5148,
                0.682,
                0.3366,
                0.3366,
                0.8393,
                1.41559,
                25,
                0.81774,
                1.635134,
                2.04237
              ]
            },
            {
              "Level": 5,
              "Parameters": [
                0.58851,
                0.54756,
                0.7254,
                0.35802,
                0.35802,
                0.89271,
                1.505673,
                25,
                0.869778,
                1.739187,
                2.172339
              ]
            },
            {
              "Level": 6,
              "Parameters": [
                0.62875,
                0.585,
                0.775,
                0.3825,
                0.3825,
                0.95375,
                1.608625,
                25,
                0.92925,
                1.858106,
                2.320875
              ]
            },
            {
              "Level": 7,
              "Parameters": [
                0.68408,
                0.63648,
                0.8432,
                0.41616,
                0.41616,
                1.03768,
                1.750184,
                25,
                1.011024,
                2.02162,
                2.525112
              ]
            },
            {
              "Level": 8,
              "Parameters": [
                0.73941,
                0.68796,
                0.9114,
                0.44982,
                0.44982,
                1.12161,
                1.891743,
                25,
                1.092798,
                2.185133,
                2.729349
              ]
            },
            {
              "Level": 9,
              "Parameters": [
                0.79474,
                0.73944,
                0.9796,
                0.48348,
                0.48348,
                1.20554,
                2.033302,
                25,
                1.174572,
                2.348646,
                2.933586
              ]
            },
            {
              "Level": 10,
              "Parameters": [
                0.8551,
                0.7956,
                1.054,
                0.5202,
                0.5202,
                1.2971,
                2.18773,
                25,
                1.26378,
                2.527025,
                3.15639
              ]
            },
            {
              "Level": 11,
              "Parameters": [
                0.91546,
                0.85176,
                1.1284,
                0.55692,
                0.55692,
                1.38866,
                2.342158,
                25,
                1.352988,
                2.705403,
                3.379194
              ]
            },
            {
              "Level": 12,
              "Parameters": [
                0.97582,
                0.90792,
                1.2028,
                0.59364,
                0.59364,
                1.48022,
                2.496586,
                25,
                1.442196,
                2.883781,
                3.601998
              ]
            },
            {
              "Level": 13,
              "Parameters": [
                1.03618,
                0.96408,
                1.2772,
                0.63036,
                0.63036,
                1.57178,
                2.651014,
                25,
                1.531404,
                3.062159,
                3.824802
              ]
            },
            {
              "Level": 14,
              "Parameters": [
                1.09654,
                1.02024,
                1.3516,
                0.66708,
                0.66708,
                1.66334,
                2.805442,
                25,
                1.620612,
                3.240537,
                4.047606
              ]
            },
            {
              "Level": 15,
              "Parameters": [
                1.1569,
                1.0764,
                1.426,
                0.7038,
                0.7038,
                1.7549,
                2.95987,
                25,
                1.70982,
                3.418915,
                4.27041
              ]
            }
          ]
        },
        "Id": 10631,
        "Name": "普通攻击·踏辰摄斗",
        "Description": "<color=#FFD780FF>普通攻击</color>\n进行至多五段的连续枪击。\n\n<color=#FFD780FF>重击</color>\n消耗一定体力，向前方突进，对路径上的敌人造成伤害。\n\n<color=#FFD780FF>下落攻击</color>\n从空中下坠冲击地面，攻击下落路径上的敌人，并在落地时造成范围伤害。",
        "Icon": "Skill_A_03"
      },
      {
        "GroupId": 6332,
        "Proud": {
          "Descriptions": [
            "点按技能伤害|{param1:P}",
            "长按技能伤害|{param2:F1P}",
            "伤害值提升|{param3:F1P}攻击力",
            "点按/长按持续时间|{param4:F1}秒/{param5:F1}秒",
            "点按/长按生效次数|{param6:I}次/{param7:I}次",
            "点按冷却时间|{param8:F1}秒",
            "长按冷却时间|{param9:F1}秒"
          ],
          "Parameters": [
            {
              "Level": 1,
              "Parameters": [
                1.392,
                1.888,
                0.45656,
                10,
                15,
                5,
                7,
                10,
                15
              ]
            },
            {
              "Level": 2,
              "Parameters": [
                1.4964,
                2.0296,
                0.490802,
                10,
                15,
                5,
                7,
                10,
                15
              ]
            },
            {
              "Level": 3,
              "Parameters": [
                1.6008,
                2.1712,
                0.525044,
                10,
                15,
                5,
                7,
                10,
                15
              ]
            },
            {
              "Level": 4,
              "Parameters": [
                1.74,
                2.36,
                0.5707,
                10,
                15,
                5,
                7,
                10,
                15
              ]
            },
            {
              "Level": 5,
              "Parameters": [
                1.8444,
                2.5016,
                0.604942,
                10,
                15,
                5,
                7,
                10,
                15
              ]
            },
            {
              "Level": 6,
              "Parameters": [
                1.9488,
                2.6432,
                0.639184,
                10,
                15,
                5,
                7,
                10,
                15
              ]
            },
            {
              "Level": 7,
              "Parameters": [
                2.088,
                2.832,
                0.68484,
                10,
                15,
                5,
                7,
                10,
                15
              ]
            },
            {
              "Level": 8,
              "Parameters": [
                2.2272,
                3.0208,
                0.730496,
                10,
                15,
                5,
                7,
                10,
                15
              ]
            },
            {
              "Level": 9,
              "Parameters": [
                2.3664,
                3.2096,
                0.776152,
                10,
                15,
                5,
                7,
                10,
                15
              ]
            },
            {
              "Level": 10,
              "Parameters": [
                2.5056,
                3.3984,
                0.821808,
                10,
                15,
                5,
                7,
                10,
                15
              ]
            },
            {
              "Level": 11,
              "Parameters": [
                2.6448,
                3.5872,
                0.867464,
                10,
                15,
                5,
                7,
                10,
                15
              ]
            },
            {
              "Level": 12,
              "Parameters": [
                2.784,
                3.776,
                0.91312,
                10,
                15,
                5,
                7,
                10,
                15
              ]
            },
            {
              "Level": 13,
              "Parameters": [
                2.958,
                4.012,
                0.97019,
                10,
                15,
                5,
                7,
                10,
                15
              ]
            },
            {
              "Level": 14,
              "Parameters": [
                3.132,
                4.248,
                1.02726,
                10,
                15,
                5,
                7,
                10,
                15
              ]
            },
            {
              "Level": 15,
              "Parameters": [
                3.306,
                4.484,
                1.08433,
                10,
                15,
                5,
                7,
                10,
                15
              ]
            }
          ]
        },
        "Id": 10632,
        "Name": "仰灵威召将役咒",
        "Description": "凝叠银之霜露，摒退一切邪魔。\n为队伍中附近的所有角色施加「冰翎」效果，并依据点按、长按，以不同的方式造成<color=#99FFFFFF>冰元素伤害</color>。\n\n<color=#FFD780FF>点按</color>\n与「箓灵」一同向前突进，对路径上的敌人造成<color=#99FFFFFF>冰元素伤害</color>。\n\n<color=#FFD780FF>长按</color>\n律令「箓灵」，造成<color=#99FFFFFF>冰元素范围伤害</color>。\n\n<color=#FFD780FF>冰翎</color>\n普通攻击、重击、下落攻击、元素战技和元素爆发伤害对敌人造成<color=#99FFFFFF>冰元素伤害</color>时，基于申鹤自己当前的攻击力，提高造成的伤害。\n\n「冰翎」效果会在持续时间结束或生效一定次数后消失。长按施加的「冰翎」相比点按，拥有更长的持续时间与更多的生效次数。\n一次<color=#99FFFFFF>冰元素伤害</color>同时命中多名敌人时，会依据命中敌人的数量消耗生效次数；队伍中具有「冰翎」的角色，其生效次数单独计算。\n\n<i>「灵威非虚，役有百工。神女有令，急到符中。摄！」</i>",
        "Icon": "Skill_S_Shenhe_01"
      }
    ],
    "EnergySkill": {
      "GroupId": 6339,
      "Proud": {
        "Descriptions": [
          "技能伤害|{param1:P}",
          "抗性降低|{param2:F1P}",
          "持续伤害|{param3:F1P}",
          "持续时间|{param4:F1}秒",
          "冷却时间|{param5:F1}秒",
          "元素能量|{param6:I}"
        ],
        "Parameters": [
          {
            "Level": 1,
            "Parameters": [
              1.008,
              0.06,
              0.3312,
              12,
              20,
              80
            ]
          },
          {
            "Level": 2,
            "Parameters": [
              1.0836,
              0.07,
              0.35604,
              12,
              20,
              80
            ]
          },
          {
            "Level": 3,
            "Parameters": [
              1.1592,
              0.08,
              0.38088,
              12,
              20,
              80
            ]
          },
          {
            "Level": 4,
            "Parameters": [
              1.26,
              0.09,
              0.414,
              12,
              20,
              80
            ]
          },
          {
            "Level": 5,
            "Parameters": [
              1.3356,
              0.1,
              0.43884,
              12,
              20,
              80
            ]
          },
          {
            "Level": 6,
            "Parameters": [
              1.4112,
              0.11,
              0.46368,
              12,
              20,
              80
            ]
          },
          {
            "Level": 7,
            "Parameters": [
              1.512,
              0.12,
              0.4968,
              12,
              20,
              80
            ]
          },
          {
            "Level": 8,
            "Parameters": [
              1.6128,
              0.13,
              0.52992,
              12,
              20,
              80
            ]
          },
          {
            "Level": 9,
            "Parameters": [
              1.7136,
              0.14,
              0.56304,
              12,
              20,
              80
            ]
          },
          {
            "Level": 10,
            "Parameters": [
              1.8144,
              0.15,
              0.59616,
              12,
              20,
              80
            ]
          },
          {
            "Level": 11,
            "Parameters": [
              1.9152,
              0.15,
              0.62928,
              12,
              20,
              80
            ]
          },
          {
            "Level": 12,
            "Parameters": [
              2.016,
              0.15,
              0.6624,
              12,
              20,
              80
            ]
          },
          {
            "Level": 13,
            "Parameters": [
              2.142,
              0.15,
              0.7038,
              12,
              20,
              80
            ]
          },
          {
            "Level": 14,
            "Parameters": [
              2.268,
              0.15,
              0.7452,
              12,
              20,
              80
            ]
          },
          {
            "Level": 15,
            "Parameters": [
              2.394,
              0.15,
              0.7866,
              12,
              20,
              80
            ]
          }
        ]
      },
      "Id": 10635,
      "Name": "神女遣灵真诀",
      "Description": "解放「箓灵」的力量，驱使其驰骋世间，造成<color=#99FFFFFF>冰元素范围伤害</color>。\n「箓灵」将结成领域，使其中敌人的<color=#99FFFFFF>冰元素抗性</color>与物理抗性降低，并持续对其中的敌人造成<color=#99FFFFFF>冰元素伤害</color>。\n\n<i>「仙道法门并非证于虚玄，唯有观象天地万化，洞明红尘因果，方能得悟本真。」</i>",
      "Icon": "Skill_E_Shenhe_01"
    },
    "Inherents": [
      {
        "GroupId": 6321,
        "Proud": {
          "Descriptions": [],
          "Parameters": [
            {
              "Level": 1,
              "Parameters": [
                0.15
              ]
            }
          ]
        },
        "Id": 632101,
        "Name": "大洞弥罗尊法",
        "Description": "处于<color=#FFD780FF>神女遣灵真诀</color>的领域中的当前场上角色，<color=#99FFFFFF>冰元素伤害加成</color>提高15%。",
        "Icon": "UI_Talent_S_Shenhe_05"
      },
      {
        "GroupId": 6322,
        "Proud": {
          "Descriptions": [],
          "Parameters": [
            {
              "Level": 1,
              "Parameters": [
                0.15,
                10,
                0.15,
                15
              ]
            }
          ]
        },
        "Id": 632201,
        "Name": "缚灵通真法印",
        "Description": "申鹤施放<color=#FFD780FF>仰灵威召将役咒</color>后，将使附近的队伍中所有角色获得如下效果：\n·点按：元素战技和元素爆发造成的伤害提高15%，持续10秒；\n·长按：普通攻击、重击和下落攻击造成的伤害提高15%，持续15秒。",
        "Icon": "UI_Talent_S_Shenhe_06"
      },
      {
        "GroupId": 6323,
        "Proud": {
          "Descriptions": [],
          "Parameters": [
            {
              "Level": 1,
              "Parameters": []
            }
          ]
        },
        "Id": 632301,
        "Name": "来复知时",
        "Description": "在璃月执行时长为20小时的探索派遣任务时，获得的奖励增加25%。",
        "Icon": "UI_Talent_Expedition_Liyue"
      }
    ],
    "Talents": [
      {
        "Id": 631,
        "Name": "心斋",
        "Description": "<color=#FFD780FF>仰灵威召将役咒</color>的可使用次数增加1次。",
        "Icon": "UI_Talent_S_Shenhe_02"
      },
      {
        "Id": 632,
        "Name": "定蒙",
        "Description": "<color=#FFD780FF>神女遣灵真诀</color>的持续时间延长6秒。领域中的当前场上角色，<color=#99FFFFFF>冰元素伤害</color>的暴击伤害提高15%。",
        "Icon": "UI_Talent_S_Shenhe_01"
      },
      {
        "Id": 633,
        "Name": "潜虚",
        "Description": "<color=#FFD780FF>仰灵威召将役咒</color>的技能等级提高3级。\n至多提升至15级。",
        "Icon": "UI_Talent_U_Shenhe_01",
        "ExtraLevel": {
          "Index": 2,
          "Level": 3
        }
      },
      {
        "Id": 634,
        "Name": "洞观",
        "Description": "处于申鹤自己施加的<color=#FFD780FF>「冰翎」</color>状态下的角色，触发「冰翎」的伤害增加时，申鹤将获得一层「霜霄诀」：\n·申鹤施放<color=#FFD780FF>仰灵威召将役咒</color>时，将清除所有「霜霄诀」，并根据清除的层数，每层使本次仰灵威召将役咒造成的伤害提高5%；\n·该效果至多叠加50次，持续60秒。",
        "Icon": "UI_Talent_S_Shenhe_03"
      },
      {
        "Id": 635,
        "Name": "化神",
        "Description": "<color=#FFD780FF>神女遣灵真诀</color>的技能等级提高3级。\n至多提升至15级。",
        "Icon": "UI_Talent_U_Shenhe_02",
        "ExtraLevel": {
          "Index": 9,
          "Level": 3
        }
      },
      {
        "Id": 636,
        "Name": "忘玄",
        "Description": "角色通过普通攻击伤害与重击伤害触发<color=#FFD780FF>「冰翎」</color>的效果时，将不再会减少「冰翎」的生效次数。",
        "Icon": "UI_Talent_S_Shenhe_04"
      }
    ]
  },
  "FetterInfo": {
    "Title": "孤辰茕怀",
    "Detail": "气质出尘的仙家子弟。隐修在璃月群山之间，个性也如仙人般淡漠疏离。",
    "Association": 2,
    "Native": "留云借风真君洞天",
    "BirthMonth": 3,
    "BirthDay": 10,
    "VisionBefore": "冰",
    "ConstellationBefore": "愁疏座",
    "CvChinese": "秦紫翼",
    "CvJapanese": "川澄绫子",
    "CvEnglish": "切尔希·克沃卡",
    "CvKorean": "李贤真",
    "CookBonus": {
      "OriginItemId": 108370,
      "ItemId": 108372,
      "InputList": [
        110001,
        100064,
        100011,
        110005
      ]
    },
    "Fetters": [
      {
        "Title": "初次见面…",
        "Context": "我名申鹤，命格孤煞，易伤身边人，仙人叮嘱要以此红绳锁魂，控制杀心。若你不畏惧与我同行…很好，就请伸出手来吧。"
      },
      {
        "Title": "闲聊·归宿",
        "Context": "人间的归宿是一种奢望，我早已习惯跟山川与鸟兽作伴了。"
      },
      {
        "Title": "闲聊·要诀",
        "Context": "回向正道，保身护命…"
      },
      {
        "Title": "闲聊·刀枪无眼",
        "Context": "刀枪无眼，红绳的力量也有极限，所以我才不喜欢人多的地方。"
      },
      {
        "Title": "下雨的时候…",
        "Context": "按照凡人的做法，这种时候，是否应该…撑伞？"
      },
      {
        "Title": "雨过天晴…",
        "Context": "天气变好，我也很开心。只希望没有人来打扰…如果有，就让他们消失好了。"
      },
      {
        "Title": "打雷的时候…",
        "Context": "把魔物冻在原地，雷劈下来就能瞬间解决它们，还不会让衣服沾上尘土。"
      },
      {
        "Title": "刮大风了…",
        "Context": "嗯…师父最喜欢庆云顶上的罡风。"
      },
      {
        "Title": "早上好…",
        "Context": "早安。晨露很甜，要分一点给你吗？"
      },
      {
        "Title": "中午好…",
        "Context": "若是午后困乏，不妨试试打坐养神，很有效果。"
      },
      {
        "Title": "晚上好…",
        "Context": "不知道你是喜欢人间的灯火，还是山林的月光？"
      },
      {
        "Title": "晚安…",
        "Context": "放心休息吧，我睡眠很浅，有什么动静，我会替你查看的。"
      },
      {
        "Title": "关于申鹤自己·本能",
        "Context": "磨砺自身，修炼方术，都是本能使然，想要保全自己而已。我没有兼济苍生的胸怀，惩奸除恶只是顺手，不必感谢我。"
      },
      {
        "Title": "关于申鹤自己·异类",
        "Context": "受我恩惠的人叫我仙人，被我惩罚的人喊我魔女，呵…不管是仙是魔，终究都是跟凡人不同的异类罢了…"
      },
      {
        "Title": "关于我们·待人接物",
        "Context": "我很少下山，不懂得多少待人接物的道理。发生冲突的时候，我一律按自己的方式处理。但，如果你觉得不妥，都请告诉我，即使不理解，我也会听你的。"
      },
      {
        "Title": "关于我们·红绳",
        "Context": "师父赐我红绳用以压制心性，但这些日子你我同修，我才真正领悟到要诀，力量收放也更自在…你才是真正能锁住我的红绳。若你懂得这份心情，就请留在我身旁。"
      },
      {
        "Title": "关于「神之眼」…",
        "Context": "原来这颗闪耀的石头叫做「神之眼」？呵…有缘既得，无缘便失。日后倘若缘分消散，它也会熄灭吧。"
      },
      {
        "Title": "有什么想要分享…",
        "Context": "邪祟易驱，心魔难除。若自身无法放下执念，仙法与术式都无从挽回。"
      },
      {
        "Title": "感兴趣的见闻…",
        "Context": "为什么说「初雪多浪漫」？那处山巅日日下雪，何日才算是初雪？我不理解，请你告诉我。"
      },
      {
        "Title": "关于凝光…",
        "Context": "人们所谓的财富，对我而言没什么用。但到了凝光小姐手里，却能解决连刀枪都无法处理的难题。她能掌握人间规则，洞察人心…师父说，这些连仙人都无法做到。我很佩服她。"
      },
      {
        "Title": "关于北斗…",
        "Context": "与她相处不用讲究礼节，交谈时也不用揣测深意，让我轻松了不少。只是…她身边总是有人，听说船上还有诸多船员…我需要跟你一起，才能应对人多的场合。"
      },
      {
        "Title": "关于云堇…",
        "Context": "云堇唱的…叫做「璃月戏」吧？我很喜欢这种形式。不必亲见其面，就能了解他人的事迹。如果将来她把你唱进戏里，那一定会是非常精彩的故事，我很期待。"
      },
      {
        "Title": "关于甘雨…",
        "Context": "我从师父那里听过许多有关她的事…她原先在我心中的形象，和实际差距还是挺大的。放心，我不会说出去。说起来，璃月港的工作竟这般繁忙…看来融入人间，也要付出一些代价。"
      },
      {
        "Title": "关于重云…",
        "Context": "真没想到我在这世上…还有「亲缘」。他若是有什么修行上的困惑，我愿帮忙解答。不过，得请他上山来。他们一家太过热情，我不知道该如何回绝才符合礼数…"
      },
      {
        "Title": "关于行秋…",
        "Context": "我曾见到他凑在你耳旁不知说些什么。若他敢威胁你，我一定会将他…嗯？只是朋友间的玩闹话？当真如此吗…"
      },
      {
        "Title": "关于钟离…",
        "Context": "那位先生自称是凡人，却与身为仙人的师父很熟络。师父曾说，如果碰见他在仙府前的石凳上饮酒，莫要打扰，让他静静独坐一会。我照做了。"
      },
      {
        "Title": "关于白术…",
        "Context": "他的药草品质很好，为人也随和周到。相比起来，脖子上的小蛇倒是口无遮拦…放心，我没有动手。我还不至于和一条蛇置气。"
      },
      {
        "Title": "关于胡桃…",
        "Context": "她在附近山林游荡时，经常会唱奇怪的歌。久而久之，我把她的歌断断续续听了个遍。听习惯了也还是觉得奇怪，但，我并不讨厌。"
      },
      {
        "Title": "关于魈…",
        "Context": "印象中他一直不苟言笑。近来见他，虽说沉默依旧，但…像是比从前轻松了不少。兴许是结识了哪位良人吧。"
      },
      {
        "Title": "关于闲云…",
        "Context": "上回，师父带漱玉来万民堂吃饭，漱玉言谈间已有了几分师父的神形…我也是在师父的呵护下如此成长，不知道我的举止，是否也带着些师父的样子呢…"
      },
      {
        "Title": "想要了解申鹤·其一",
        "Context": "请不必在意人们对我的称呼，我不是仙人，也没什么神通。生于驱魔世家的旁系，长在远离璃月港的山间，只能算是个仙家弟子，仅此而已。"
      },
      {
        "Title": "想要了解申鹤·其二",
        "Context": "遇到恶意滋事的人，人们似乎都会选择上前说教，我不太明白。明明可以直接将这些拦路碍事、心存歹念的恶人斩草除根，为什么要这般麻烦？"
      },
      {
        "Title": "想要了解申鹤·其三",
        "Context": "我师从多位仙家，静心修炼。随着修为提升，他们不再传授我新的术式，而是改教我怎样收敛杀性。别紧张…像平地凿出深坑，树木连根拔起之类的事，只在远离人烟的山林中发生过，从未波及过无辜性命。况且，现在我也已经能控制自我了。"
      },
      {
        "Title": "想要了解申鹤·其四",
        "Context": "父亲想用我的血肉换回母亲的生命。自从被他丢在山洞，我一度期盼过他会回来救我。一天、两天、三天…我拼尽全力与魔物厮杀，直到倒下都没能等到他。我不知道，究竟是我命格孤煞才遭人遗弃，还是命途坎坷使得我萌生出这股煞气？"
      },
      {
        "Title": "想要了解申鹤·其五",
        "Context": "有一回，我瞒着师父偷偷下山回到村里，却发现原本的村庄荒弃了，父亲早已去世。我突然明白，自己与血亲的缘分彻底断绝了。在乎的往事永无后话。自那日起，我一度舍弃人间种种…直到遇见你。"
      },
      {
        "Title": "申鹤的爱好…",
        "Context": "打坐的要点在于「静」，需要摒弃杂念，用身体感受周遭气息，它能让我迅速回归自我。听师父说，修为达到足够境界后，打坐的姿势就不用再拘泥，仙人哪怕站立着都能打坐…我还远远不够。"
      },
      {
        "Title": "申鹤的烦恼…",
        "Context": "害怕失去重要之人、想要拯救重要之人…这种心情会将整颗心紧紧揪住，以前从未体会过。这是困扰，但…也是寄托。"
      },
      {
        "Title": "喜欢的食物…",
        "Context": "下山期间尝了不少菜，但都不太记得味道了。唯独从前在家吃的那碗面，永远忘不了…不该记住才对，不该记住才对…"
      },
      {
        "Title": "讨厌的食物…",
        "Context": "药草嚼得久了，只剩苦味与涩味…修行多年，我早已习惯这些清规戒律了。仙人们？「仙人不会被人间俗物阻碍修为，所以可以敞开吃各式菜肴。」…这是师父的原话。"
      },
      {
        "Title": "收到赠礼·其一",
        "Context": "这般滋味…真的是我能够享受的吗？"
      },
      {
        "Title": "收到赠礼·其二",
        "Context": "你做的饭菜，确实美味。无法割舍。"
      },
      {
        "Title": "收到赠礼·其三",
        "Context": "也好。这样的味道，我早就熟悉了。"
      },
      {
        "Title": "生日…",
        "Context": "我听说生辰是个值得铭记的日子，人们会向寿星送上礼品以示庆贺。身外之物，我不太了解。银河夜色，是我在山林中见过最美丽的事物。我将湖面冻成明镜，让浮云和星斗映照在眼前，跟你共贺生辰…希望你喜欢。"
      },
      {
        "Title": "突破的感受·起",
        "Context": "我能操控的力量…愈发强大了。"
      },
      {
        "Title": "突破的感受·承",
        "Context": "师父若知道了，怕是会让我多系几根红绳吧…"
      },
      {
        "Title": "突破的感受·转",
        "Context": "这段日子，我闭关修炼的时长有所削减，修为却不知不觉地增进…嗯，也许只有跟你一起才能做到。"
      },
      {
        "Title": "突破的感受·合",
        "Context": "「心无杂念，方可超然」，这是我从前所想。经历种种才明白，唯有心存牵挂，才能唤醒守护的欲望，让力量…变得有意义。"
      },
      {
        "Title": "元素战技·其一",
        "Context": "听令！"
      },
      {
        "Title": "元素战技·其二",
        "Context": "显！"
      },
      {
        "Title": "元素战技·其三",
        "Context": "魂出！"
      },
      {
        "Title": "元素战技·其四",
        "Context": "炼气化神！"
      },
      {
        "Title": "元素战技·其五",
        "Context": "意生冰身！"
      },
      {
        "Title": "元素战技·其六",
        "Context": "付君真形！"
      },
      {
        "Title": "元素爆发·其一",
        "Context": "天真敕奏！"
      },
      {
        "Title": "元素爆发·其二",
        "Context": "寒冰变神！"
      },
      {
        "Title": "元素爆发·其三",
        "Context": "依律奉行！"
      },
      {
        "Title": "打开宝箱·其一",
        "Context": "这就是凡间的宝物吧。"
      },
      {
        "Title": "打开宝箱·其二",
        "Context": "与仙人法宝有何区别？"
      },
      {
        "Title": "打开宝箱·其三",
        "Context": "这些东西…该用到何处？"
      },
      {
        "Title": "生命值低·其一",
        "Context": "休要怪我…"
      },
      {
        "Title": "生命值低·其二",
        "Context": "我不甘心…"
      },
      {
        "Title": "生命值低·其三",
        "Context": "必须…诛除！"
      },
      {
        "Title": "同伴生命值低·其一",
        "Context": "不必勉强。"
      },
      {
        "Title": "同伴生命值低·其二",
        "Context": "我来了结。"
      },
      {
        "Title": "倒下·其一",
        "Context": "难逃…宿命…"
      },
      {
        "Title": "倒下·其二",
        "Context": "死丧既定…"
      },
      {
        "Title": "倒下·其三",
        "Context": "劫煞为灾…"
      },
      {
        "Title": "普通受击·其一",
        "Context": "不成气候。"
      },
      {
        "Title": "重受击·其一",
        "Context": "休想！"
      },
      {
        "Title": "重受击·其二",
        "Context": "别后悔！"
      },
      {
        "Title": "加入队伍·其一",
        "Context": "团队作战…是什么意思？"
      },
      {
        "Title": "加入队伍·其二",
        "Context": "明白，站在这里就行了是吧。"
      },
      {
        "Title": "加入队伍·其三",
        "Context": "…听君敕令。"
      }
    ],
    "FetterStories": [
      {
        "Title": "角色详细",
        "Context": "申鹤本是驱邪世家旁系之子，却在种种机缘巧合之下，意外成为了仙家弟子。\n名义上师从留云借风真君，但凭借绝佳的根骨与悟性，很快赢得了其他几位仙人喜爱。\n日后陆续从其他仙人处学习，终于以人类之身修出了一身仙家术法。\n气质出尘，举手投足间像是能看见仙气缭绕。一眼看去，说是世外真仙也毫不为过。\n不过，正因她长年隐修在山林之间，身边除去几位仙人，来去的便只有些仙禽灵兽。\n长此以往，她的个性越发淡漠疏远。"
      },
      {
        "Title": "角色故事1",
        "Context": "璃月的访仙者小群体中，偶尔会传出一两段与仙人相逢的小道流言。\n通常是谁谁谁在哪哪哪陷入绝境，千钧一发之时——\n一位飘渺绝尘的白发仙子赶到，救人于水火…\n之后种种故事，大多与街头文学中被传唱了百八十遍的姻缘佳话无甚区别，大都是些痴绝美绝，引人沉醉的俗套桥段。\n可若是让那位白发仙子亲自讲述，却又是截然不同的模样了：\n「山中时不时窜出些恼人之物，贼眉鼠眼，看着烦人。索性以术法驱逐出去，免得扰了师父清净。\n万一下手不慎，伤了他们头脸手脚…本是自找，也没什么好办法。」"
      },
      {
        "Title": "角色故事2",
        "Context": "在所有看似世外散仙的人物中，申鹤是最不食人间烟火的那个。\n年纪轻轻又一直隐居山中的她缺乏经验常识，难以维持正常的人际往来。\n对普通人来说，一件事通常有多种解法。但在申鹤眼中，似乎只能看见最简单直接的那一种。\n譬如与人意见相左时，她几乎想不到「协商」二字，反而对「威胁」一事驾轻就熟。简单又好使，实在是好办法。\n她也曾花上许多时间来思考一些过于脱俗的问题——\n吃饭需付钱这件事，究竟是为什么？\n恐吓民众和恐吓匪徒有什么区别？\n她甚至还发自内心相信，自己的师父留云借风真君是位精于言辞，十分擅长话术的仙人。\n所以从这个角度来看，她很纯粹。\n如孩童一般，仅靠混沌又朴素的感知与逻辑行走在世上。\n理水叠山真君曾说：\n「申鹤小女不仅根骨过人，性子也是别具一格。」\n「不谙世事，不明常理，不辨菽粟，不知高低。」\n「留云借风领她入门，未必是一桩轻松差事。」"
      },
      {
        "Title": "角色故事3",
        "Context": "璃月民间逸话里不乏仙缘故事，多是讲些无名之辈被仙人相中，收入门下，一飞冲天的传奇。\n但申鹤拜入仙门的缘由绝非如此。相较起来，甚至是有些苦涩的。\n申鹤五岁时，母亲因病去世，父亲爱妻情切，难以承受此中苦痛。\n长此以往，竟因念生怨恨，因怨生心魔，发疯似地出门云游。\n他一去便是一年，日不停步，夜不能寐，只为寻找复活亡妻的术法。\n终于在申鹤年近垂髫之时，父亲狂喜着回来了。\n一同带回来的，还有一种名为「凭命借命」的神秘术法——\n将祭品献给秘术召唤来的「仙灵」，便能以活人之身，索回亡人之命。\n那时，申鹤对将要发生的灾难毫无感知。她不过是个普通孩子，欣喜于久不归家的父亲终于回来。\n父亲说在后山的山洞里给她准备了一个大惊喜，马上就带她去看，一切都让她十分开心…\n之后那一幕幕，却令申鹤至今难忘——\n狰狞可怖的黑色「仙灵」被父亲召唤到山洞内，它血红的眼睛里只有申鹤鲜活的生命。\n申鹤惊愕万状，不明白它从何而来，又想从这个家中拿走什么。\n危难让人变得迟钝。年幼的申鹤渐渐也只能想着一件事。\n怪物想吞了她，可她不想死，她要活下去。\n她握住母亲的遗物，一柄驱邪匕首，颤抖又坚定地迎向了黑色「仙灵」…\n数日后，仙人循着残留的邪祟气息找来，进洞一探，才发现洞内躺着一个费尽力气，粒米未进，早已奄奄一息的小女孩。\n仙人怜惜她命运多舛，也看出她凭一己之力击退了某种可怕的存在，念其天赋，便将她带回府中安养调息，抚顶授道。\n如此，才有了如今的申鹤。"
      },
      {
        "Title": "角色故事4",
        "Context": "久居山中修习十数年，再如何淡漠的心也会起波澜。\n申鹤亦是如此，她在某个心血来潮的夜晚暗自下山，回到曾经的故乡。\n她不明白自己是否仍抱有对家与亲缘的眷念，仅仅是遵从着某种朦胧的情思，\n想要去曾居住过的房屋，看看从前那个执迷不悟的父亲如今过着怎样的生活。\n然而，当她回到故地，才从邻人口中得知，父亲早在数年前去世。\n儿时生活的旧屋也被典当拆除，所有记忆中的痕迹都已消失在飘摇风雨中。\n申鹤丝毫不在乎旁人对她的关注，不愿回应邻里对她的种种疑问。\n只是沉默地站在原地，聆听内心深处一瞬而过的呼啸声。\n怨恨？执妄？释然？\n一瞬之间，什么都有，又什么都没能留存下来，心中仅余一口无波的古井。\n甚至是一口彻底干涸的井，失去了可供涟漪存在的水面。\n她长久地站在那里，最终迎着人们诧异的目光离开。\n每一步都走得很慢，一次也没有回头。"
      },
      {
        "Title": "角色故事5",
        "Context": "与占星类似，璃月也有以卜卦感知命运的方法。\n其中，有两种「命格」令人们避之不及。\n一是孤辰之命，命定亲朋离散，孤寡一生。\n二是劫煞之命，命定多灾多劫，命途凶险。\n仙家收留申鹤后，曾由削月筑阳真君出面为幼小的她卜卦。\n卦象显示，申鹤的命格既犯孤辰，又冲劫煞，杀性极重，是千年难遇、伤人伤己的大凶命格。\n为使申鹤安全长大又不殃及无辜之人，仙人们在申鹤身上施了红绳缚魂之法。\n缚住她身上凶煞与杀气的同时，似乎也禁锢了许多本属于人的情绪。\n自那以后，琐事越来越难在她心中激起波澜，常人重视的事物之于她也不过是过眼尘埃。\n人性越来越弱的她，活像一尊缺乏七情六欲的美丽雕塑。\n但令人意外的是，在与那位异乡旅者的接触中，她居然隐约感觉到——\n久违的陌生情感逐渐涌现，像是命运深处的东西开始松动了。\n或许如削月筑阳真君所说，命由天定，运由人写。申鹤与这人世的故事，还没有走到末尾…"
      },
      {
        "Title": "翠钿白玉梳",
        "Context": "申鹤原先也是有着一头青丝的。\n起初被带来琥牢山，她整日不发一言，唯一愿做的事就是攀上山岩，望着云海出神。\n好在困了也会和衣而眠，渴了也会抔饮山露，饿了还会采几朵清心嚼食。\n留云借风真君心如明镜，却未打扰她，而是用仙石制成一把翠钿白玉梳送给申鹤。\n留云告诉申鹤，今后若想斩却凡缘，踏入仙门，就用这柄玉梳梳三下头发，算作拜师礼。\n申鹤毫不犹豫地照办了。说来也怪，玉梳梳过第一遍，她满头黑发竟自上至下结出一层银霜来。\n玉梳再梳第二遍，青丝素练各半。\n玉梳梳完第三遍，已是白雪满头。\n……\n如今，申鹤依旧随身携带这把梳子，作为自身仙缘的见证。\n长久的修行中，她早已领悟当初那三梳之礼的含义，正是：\n一梳愁云去尾，二梳无喜无悲，三梳白头不悔。"
      },
      {
        "Title": "神之眼",
        "Context": "鲜少有人知道，当年在山洞中，被父亲当成祭品的年幼少女如何能凭一己之力与魔物对抗数天数夜。\n申鹤虽然生在驱邪世家，却没能从失心疯魔的父亲那里学到半点除魔咒法。\n与每一个天真的同龄人一样，她也从未独自面对过生活的凶险。\n但在昏黑的山洞里，在那个失去了父母庇护、遭到血亲背叛的绝境里，申鹤蜕变了。\n如削月筑阳真君的卦象所示，沉眠在申鹤命中的凶煞、血性与不屈，都在那一刻齐齐爆发出来。\n那些力量犹如目不能视的盾，无法看清的剑，武装起了女孩娇弱的身躯。\n它们赐给她力量，为她安上獠牙，准许她向面前的低贱魔物发起攻击，誓要将它撕碎，来证明她才是黑暗中最暴戾的邪恶。\n接连数日，搏命的战斗一直没有休止。猎人与猎物不停调换身份，势均力敌的局面久未破除…\n生死攸关的时刻，神明将目光投向了不凡的女孩。\n一颗晶亮的事物落到申鹤的手中。天平完全倒向申鹤，胜负终定。\n剔透莹亮的冰之光芒刺破黑暗，如同霞光，预示着未来的路。\n从前，它指引申鹤走出苦难的命运，未来，它也将指引申鹤重返尘世。"
      }
    ]
  },
  "Costumes": [
    {
      "Id": 206301,
      "Name": "冷花幽露",
      "Description": "申鹤收到的海灯节贺礼。由其师留云借风真君请人缝制的优雅礼服，双臂上红绳依旧，但申鹤心中的苦寒之意已淡。",
      "IsDefault": false,
      "FrontIcon": "UI_AvatarIcon_ShenheCostumeDai",
      "SideIcon": "UI_AvatarIcon_Side_ShenheCostumeDai"
    },
    {
      "Id": 206300,
      "Name": "缚绝红尘",
      "Description": "申鹤的装扮款式。伴随申鹤常年修行的优雅衣装，缠绕身躯的红绳既是束缚也是庇护。",
      "IsDefault": true
    }
  ],
  "CultivationItems": [
    104164,
    113031,
    100031,
    112040,
    104312,
    113026
  ],
  "NameCard": {
    "Name": "申鹤·栉掠",
    "Description": "名片纹饰。\n早生白发，多缘愁苦。因为「梳」「疏」同音，璃月人认为，以梳栉发，可以疏愁。",
    "Icon": "UI_NameCardIcon_Shenhe",
    "PicturePrefix": "UI_NameCardPic_Shenhe"
  }
}