{
  "Id": 10000002,
  "PromoteId": 2,
  "Sort": 34,
  "Body": 2,
  "Icon": "UI_AvatarIcon_Ayaka",
  "SideIcon": "UI_AvatarIcon_Side_Ayaka",
  "Name": "神里绫华",
  "Description": "稻妻「社奉行」神里家的大小姐。端庄而文雅，聪慧又坚韧。",
  "BeginTime": "2021-07-21T00:00:00+08:00",
  "Quality": 5,
  "Weapon": 1,
  "BaseValue": {
    "HpBase": 1000.986,
    "AttackBase": 26.6266,
    "DefenseBase": 61.0266
  },
  "GrowCurves": [
    {
      "Type": 1,
      "Value": 21
    },
    {
      "Type": 4,
      "Value": 31
    },
    {
      "Type": 7,
      "Value": 21
    }
  ],
  "SkillDepot": {
    "Arkhe": 0,
    "Skills": [
      {
        "GroupId": 231,
        "Proud": {
          "Descriptions": [
            "一段伤害|{param1:F1P}",
            "二段伤害|{param2:F1P}",
            "三段伤害|{param3:F1P}",
            "四段伤害|{param4:F1P}*3",
            "五段伤害|{param7:F1P}",
            "重击伤害|{param8:F1P}*3",
            "重击体力消耗|{param9:F1}点",
            "下坠期间伤害|{param10:P}",
            "低空/高空坠地冲击伤害|{param11:P}/{param12:P}"
          ],
          "Parameters": [
            {
              "Level": 1,
              "Parameters": [
                0.457253,
                0.486846,
                0.626218,
                0.226464,
                0,
                0,
                0.781817,
                0.55126,
                20,
                0.639324,
                1.278377,
                1.596762
              ]
            },
            {
              "Level": 2,
              "Parameters": [
                0.494472,
                0.526473,
                0.677189,
                0.244897,
                0,
                0,
                0.845454,
                0.59613,
                20,
                0.691362,
                1.382431,
                1.726731
              ]
            },
            {
              "Level": 3,
              "Parameters": [
                0.53169,
                0.5661,
                0.72816,
                0.26333,
                0,
                0,
                0.90909,
                0.641,
                20,
                0.7434,
                1.486485,
                1.8567
              ]
            },
            {
              "Level": 4,
              "Parameters": [
                0.584859,
                0.62271,
                0.800976,
                0.289663,
                0,
                0,
                0.999999,
                0.7051,
                20,
                0.81774,
                1.635134,
                2.04237
              ]
            },
            {
              "Level": 5,
              "Parameters": [
                0.622077,
                0.662337,
                0.851947,
                0.308096,
                0,
                0,
                1.063635,
                0.74997,
                20,
                0.869778,
                1.739187,
                2.172339
              ]
            },
            {
              "Level": 6,
              "Parameters": [
                0.664613,
                0.707625,
                0.9102,
                0.329163,
                0,
                0,
                1.136363,
                0.80125,
                20,
                0.92925,
                1.858106,
                2.320875
              ]
            },
            {
              "Level": 7,
              "Parameters": [
                0.723098,
                0.769896,
                0.990298,
                0.358129,
                0,
                0,
                1.236362,
                0.87176,
                20,
                1.011024,
                2.02162,
                2.525112
              ]
            },
            {
              "Level": 8,
              "Parameters": [
                0.781584,
                0.832167,
                1.070395,
                0.387095,
                0,
                0,
                1.336362,
                0.94227,
                20,
                1.092798,
                2.185133,
                2.729349
              ]
            },
            {
              "Level": 9,
              "Parameters": [
                0.84007,
                0.894438,
                1.150493,
                0.416061,
                0,
                0,
                1.436362,
                1.01278,
                20,
                1.174572,
                2.348646,
                2.933586
              ]
            },
            {
              "Level": 10,
              "Parameters": [
                0.903873,
                0.96237,
                1.237872,
                0.447661,
                0,
                0,
                1.545453,
                1.0897,
                20,
                1.26378,
                2.527025,
                3.15639
              ]
            },
            {
              "Level": 11,
              "Parameters": [
                0.967676,
                1.030302,
                1.325251,
                0.479261,
                0,
                0,
                1.654544,
                1.16662,
                20,
                1.352988,
                2.705403,
                3.379194
              ]
            },
            {
              "Level": 12,
              "Parameters": [
                1.031479,
                1.098234,
                1.41263,
                0.51086,
                0,
                0,
                1.763635,
                1.24354,
                20,
                1.442196,
                2.883781,
                3.601998
              ]
            },
            {
              "Level": 13,
              "Parameters": [
                1.095281,
                1.166166,
                1.50001,
                0.54246,
                0,
                0,
                1.872725,
                1.32046,
                20,
                1.531404,
                3.062159,
                3.824802
              ]
            },
            {
              "Level": 14,
              "Parameters": [
                1.159084,
                1.234098,
                1.587389,
                0.574059,
                0,
                0,
                1.981816,
                1.39738,
                20,
                1.620612,
                3.240537,
                4.047606
              ]
            },
            {
              "Level": 15,
              "Parameters": [
                1.222887,
                1.30203,
                1.674768,
                0.605659,
                0,
                0,
                2.090907,
                1.4743,
                20,
                1.70982,
                3.418915,
                4.27041
              ]
            }
          ]
        },
        "Id": 10024,
        "Name": "普通攻击·神里流·倾",
        "Description": "<color=#FFD780FF>普通攻击</color>\n进行至多五段的连续剑击。\n\n<color=#FFD780FF>重击</color>\n消耗一定体力，在居合中放出连续的剑风。\n\n<color=#FFD780FF>下落攻击</color>\n从空中下坠冲击地面，攻击下落路径上的敌人，并在落地时造成范围伤害。",
        "Icon": "Skill_A_01"
      },
      {
        "GroupId": 232,
        "Proud": {
          "Descriptions": [
            "技能伤害|{param1:P}",
            "冷却时间|{param2:F1}秒"
          ],
          "Parameters": [
            {
              "Level": 1,
              "Parameters": [
                2.392,
                10
              ]
            },
            {
              "Level": 2,
              "Parameters": [
                2.5714,
                10
              ]
            },
            {
              "Level": 3,
              "Parameters": [
                2.7508,
                10
              ]
            },
            {
              "Level": 4,
              "Parameters": [
                2.99,
                10
              ]
            },
            {
              "Level": 5,
              "Parameters": [
                3.1694,
                10
              ]
            },
            {
              "Level": 6,
              "Parameters": [
                3.3488,
                10
              ]
            },
            {
              "Level": 7,
              "Parameters": [
                3.588,
                10
              ]
            },
            {
              "Level": 8,
              "Parameters": [
                3.8272,
                10
              ]
            },
            {
              "Level": 9,
              "Parameters": [
                4.0664,
                10
              ]
            },
            {
              "Level": 10,
              "Parameters": [
                4.3056,
                10
              ]
            },
            {
              "Level": 11,
              "Parameters": [
                4.5448,
                10
              ]
            },
            {
              "Level": 12,
              "Parameters": [
                4.784,
                10
              ]
            },
            {
              "Level": 13,
              "Parameters": [
                5.083,
                10
              ]
            },
            {
              "Level": 14,
              "Parameters": [
                5.382,
                10
              ]
            },
            {
              "Level": 15,
              "Parameters": [
                5.681,
                10
              ]
            }
          ]
        },
        "Id": 10018,
        "Name": "神里流·冰华",
        "Description": "唤起盛开的冰之华，击飞身边的敌人并造成<color=#99FFFFFF>冰元素范围伤害</color>。\n\n<i>「晴云胧月夜，妄执如雾，心野凄迷恋羁旅。」</i>",
        "Icon": "Skill_S_Ayaka_01"
      },
      {
        "GroupId": 233,
        "Proud": {
          "Descriptions": [
            "启动体力消耗|{param1:F1}点",
            "持续体力消耗|每秒{param2:F1}点",
            "附魔持续时间|{param3:F1}秒"
          ],
          "Parameters": [
            {
              "Level": 1,
              "Parameters": [
                10,
                15,
                5
              ]
            }
          ]
        },
        "Id": 10013,
        "Name": "神里流·霰步",
        "Description": "<color=#FFD780FF>替代冲刺</color>\n隐入碎冰，以消耗体力为代价，化为激流快速移动。\n\n在霰步状态下，神里绫华可以在水面上高速移动。\n结束霰步现身时，将产生如下效果：\n·释放寒冰的力量，对周围的敌人施加<color=#99FFFFFF>冰元素附着</color>；\n·将寒气凝聚在剑上，使神里绫华在短时间内获得<color=#99FFFFFF>冰元素附魔</color>。\n\n<i>「滴雫濡羽瞬消无，白鹭踏水何可怨？」</i>",
        "Icon": "Skill_S_Ayaka_02"
      }
    ],
    "EnergySkill": {
      "GroupId": 239,
      "Proud": {
        "Descriptions": [
          "切割伤害|{param1:P}",
          "绽放伤害|{param2:P}",
          "持续时间|{param3:F1}秒",
          "冷却时间|{param4:F1}秒",
          "元素能量|{param5:I}"
        ],
        "Parameters": [
          {
            "Level": 1,
            "Parameters": [
              1.123,
              1.6845,
              5,
              20,
              80
            ]
          },
          {
            "Level": 2,
            "Parameters": [
              1.207225,
              1.810837,
              5,
              20,
              80
            ]
          },
          {
            "Level": 3,
            "Parameters": [
              1.29145,
              1.937175,
              5,
              20,
              80
            ]
          },
          {
            "Level": 4,
            "Parameters": [
              1.40375,
              2.105625,
              5,
              20,
              80
            ]
          },
          {
            "Level": 5,
            "Parameters": [
              1.487975,
              2.231962,
              5,
              20,
              80
            ]
          },
          {
            "Level": 6,
            "Parameters": [
              1.5722,
              2.3583,
              5,
              20,
              80
            ]
          },
          {
            "Level": 7,
            "Parameters": [
              1.6845,
              2.52675,
              5,
              20,
              80
            ]
          },
          {
            "Level": 8,
            "Parameters": [
              1.7968,
              2.6952,
              5,
              20,
              80
            ]
          },
          {
            "Level": 9,
            "Parameters": [
              1.9091,
              2.86365,
              5,
              20,
              80
            ]
          },
          {
            "Level": 10,
            "Parameters": [
              2.0214,
              3.0321,
              5,
              20,
              80
            ]
          },
          {
            "Level": 11,
            "Parameters": [
              2.1337,
              3.20055,
              5,
              20,
              80
            ]
          },
          {
            "Level": 12,
            "Parameters": [
              2.246,
              3.369,
              5,
              20,
              80
            ]
          },
          {
            "Level": 13,
            "Parameters": [
              2.386375,
              3.579562,
              5,
              20,
              80
            ]
          },
          {
            "Level": 14,
            "Parameters": [
              2.52675,
              3.790125,
              5,
              20,
              80
            ]
          },
          {
            "Level": 15,
            "Parameters": [
              2.667125,
              4.000687,
              5,
              20,
              80
            ]
          }
        ]
      },
      "Id": 10019,
      "Name": "神里流·霜灭",
      "Description": "以倾奇之姿汇聚寒霜，放出持续行进的霜见雪关扉。\n\n<color=#FFD780FF>霜见雪关扉</color>\n·以刀锋般尖锐的霜风持续切割触及的敌人，造成<color=#99FFFFFF>冰元素伤害</color>；\n·持续时间结束时绽放，造成<color=#99FFFFFF>冰元素范围伤害</color>。\n\n<i>「吹雪濡鹭时，积思若霜，胸底思重焉哀怜。」</i>",
      "Icon": "Skill_E_Ayaka"
    },
    "Inherents": [
      {
        "GroupId": 221,
        "Proud": {
          "Descriptions": [],
          "Parameters": [
            {
              "Level": 1,
              "Parameters": [
                0.3,
                6
              ]
            }
          ]
        },
        "Id": 22101,
        "Name": "天罪国罪镇词",
        "Description": "施放<color=#FFD780FF>神里流·冰华</color>后的6秒内，神里绫华的普通攻击与重击造成的伤害提升30%。",
        "Icon": "UI_Talent_S_Ayaka_05"
      },
      {
        "GroupId": 222,
        "Proud": {
          "Descriptions": [],
          "Parameters": [
            {
              "Level": 1,
              "Parameters": [
                10,
                0.18,
                10
              ]
            }
          ]
        },
        "Id": 22201,
        "Name": "寒天宣命祝词",
        "Description": "<color=#FFD780FF>神里流·霰步</color>结束时释放的寒冰命中了敌人时，神里绫华将获得如下效果：\n·恢复10点体力；\n·获得18%<color=#99FFFFFF>冰元素伤害加成</color>，持续10秒。",
        "Icon": "UI_Talent_S_Ayaka_06"
      },
      {
        "GroupId": 223,
        "Proud": {
          "Descriptions": [],
          "Parameters": [
            {
              "Level": 1,
              "Parameters": [
                0.1,
                2
              ]
            }
          ]
        },
        "Id": 22301,
        "Name": "鉴查心得",
        "Description": "合成武器突破素材时，有10%概率获得2倍产出。",
        "Icon": "UI_Talent_Combine_Weapon_Double"
      }
    ],
    "Talents": [
      {
        "Id": 21,
        "Name": "霜杀墨染樱",
        "Description": "神里绫华的普通攻击或重击对敌人造成<color=#99FFFFFF>冰元素伤害</color>时，有50%的几率使<color=#FFD780FF>神里流·冰华</color>的冷却时间缩减0.3秒。该效果每0.1秒只能触发一次。",
        "Icon": "UI_Talent_S_Ayaka_01"
      },
      {
        "Id": 22,
        "Name": "三重雪关扉",
        "Description": "施放<color=#FFD780FF>神里流·霜灭</color>时，会额外释放两股规模较小的霜见雪关扉，各自能造成原本20%的伤害。",
        "Icon": "UI_Talent_S_Ayaka_02"
      },
      {
        "Id": 23,
        "Name": "花白锦画纸吹雪",
        "Description": "<color=#FFD780FF>神里流·霜灭</color>的技能等级提高3级。\n至多提升至15级。",
        "Icon": "UI_Talent_U_Ayaka_02",
        "ExtraLevel": {
          "Index": 9,
          "Level": 3
        }
      },
      {
        "Id": 24,
        "Name": "盈缺流返",
        "Description": "敌人受到<color=#FFD780FF>神里流·霜灭</color>的霜见雪关扉造成的伤害后，防御力降低30%，持续6秒。",
        "Icon": "UI_Talent_S_Ayaka_03"
      },
      {
        "Id": 25,
        "Name": "花云钟入月",
        "Description": "<color=#FFD780FF>神里流·冰华</color>的技能等级提高3级。\n至多提升至15级。",
        "Icon": "UI_Talent_U_Ayaka_01",
        "ExtraLevel": {
          "Index": 2,
          "Level": 3
        }
      },
      {
        "Id": 26,
        "Name": "间水月",
        "Description": "每过10秒，神里绫华会获得「薄冰舞踏」，使重击造成的伤害提高298%。薄冰舞踏效果将在重击命中敌人的0.5秒后清除，并重新开始计算时间。",
        "Icon": "UI_Talent_S_Ayaka_04"
      }
    ]
  },
  "FetterInfo": {
    "Title": "白鹭霜华",
    "Detail": "稻妻「社奉行」神里家的大小姐。端庄而文雅，聪慧又坚韧。",
    "Association": 5,
    "Native": "社奉行",
    "BirthMonth": 9,
    "BirthDay": 28,
    "VisionBefore": "冰",
    "ConstellationBefore": "雪鹤座",
    "CvChinese": "小N",
    "CvJapanese": "早见沙织",
    "CvEnglish": "艾丽卡·门德斯",
    "CvKorean": "李侑俐",
    "CookBonus": {
      "OriginItemId": 108283,
      "ItemId": 108300,
      "InputList": [
        100092,
        110006,
        101202
      ]
    },
    "Fetters": [
      {
        "Title": "初次见面…",
        "Context": "稻妻神里流太刀术皆传——神里绫华，参上！\n请多指教哦。"
      },
      {
        "Title": "闲聊·安定",
        "Context": "像这样悠闲安稳的时光，如果再多一点就好了…我真贪心啊。"
      },
      {
        "Title": "闲聊·剑",
        "Context": "剑，就和茶一样，细细品味才能理解其中风雅。"
      },
      {
        "Title": "闲聊·出神",
        "Context": "这就是旅行者平日里的生活么，呵，感觉又多了解了你一些。"
      },
      {
        "Title": "闲聊·名刀",
        "Context": "刀剑抱业，名工怀宝。"
      },
      {
        "Title": "下雨的时候…",
        "Context": "请随我一同避雨吧。"
      },
      {
        "Title": "打雷的时候…",
        "Context": "大御所大人…是在诉说什么吗？"
      },
      {
        "Title": "下雪的时候…",
        "Context": "「雪霁银妆素，桔高映琼枝。」嗯…美景当前，只差一壶茶与之相衬呢。"
      },
      {
        "Title": "阳光很好…",
        "Context": "风和日丽，要去哪边走走么？"
      },
      {
        "Title": "起风的时候…",
        "Context": "闭上眼睛，向着风吹来的方向…怎么样，很舒服吧？"
      },
      {
        "Title": "早上好…",
        "Context": "早安，旅行者。能像这样在清晨见你一面，我会忍不住觉得…接下来将是顺利的一天。"
      },
      {
        "Title": "中午好…",
        "Context": "午安。茶饭之后，难免略有困倦。是否有兴致下盘棋提神呢？"
      },
      {
        "Title": "晚上好…",
        "Context": "晚上好。夜风舒畅，会是一个良宵呢。"
      },
      {
        "Title": "晚安…",
        "Context": "「若知是梦何须醒，不比真如一相会。」"
      },
      {
        "Title": "关于绫华自己·社奉行",
        "Context": "「稻妻幕府社奉行神里家」，位于稻妻名门中的笔头之格位。作为三奉行之一，掌管祭祀活动与人文艺术。自从双亲过世之后，族内的大小事务，便由兄长和我承担了。"
      },
      {
        "Title": "关于绫华自己·地位",
        "Context": "很多人因为我是「白鹭公主」，是社奉行神里家的大小姐而敬重我。他们所敬重的，只是我所身处的地位，与绫华我是怎样的人并无关系…\n所以我想，能真正走近我的，或许只有…"
      },
      {
        "Title": "关于绫华自己·愿望",
        "Context": "如今的我，依旧想成为值得大家信任的人。不过，鼓舞我的原因，已不再是肩上的责任或他人的期待。而是因为，你也是这样的人啊。"
      },
      {
        "Title": "关于我们·茶室",
        "Context": "如你有空，我们移步木漏茶室如何？在这样恬静的日子，略加交流茶艺心得，想来是颇具雅趣的。"
      },
      {
        "Title": "关于我们·节日",
        "Context": "如果有机会的话，我想试着和你共度异国的节日。需要遵循的当地风俗、礼仪规范，还有伴手礼的推荐，可以麻烦你…一一指导我吗？"
      },
      {
        "Title": "关于「神之眼」…",
        "Context": "「神之眼」，即是胸怀大志之人所获的印绶。如果问我有什么志向的话…这个还是保密吧，只是一个微不足道的梦想罢了。"
      },
      {
        "Title": "有什么想要分享…",
        "Context": "试问，常说「禅茶一味」，又说「剑禅一如」，那么剑和茶，又是什么关系呢？"
      },
      {
        "Title": "感兴趣的见闻…",
        "Context": "你在城中，见过枯萎的樱花树么？这种「枯」之美，让我想到春天盛开之景。不过别人似乎并不这么想，不再开花的樱树会被移走…就算一次也好，真想看到它再次开放。"
      },
      {
        "Title": "关于托马…",
        "Context": "托马是我很重要的朋友，他的开朗和阳光总是感染着我。某种意义上来说，他就像是我的另一个兄长一样，已经成为了「神里家」的一员。"
      },
      {
        "Title": "关于九条裟罗…",
        "Context": "为「天领奉行」工作的九条裟罗…她总是一脸严肃。我和她曾经起过几次争端，不过她本质是忠义之士，这点无可否认。"
      },
      {
        "Title": "关于鹿野院平藏…",
        "Context": "鹿野院先生？他和九条小姐一样，是「天领奉行」的人。他…也是一个很有原则的人。对于这些「原则」的坚持，甚至比九条小姐更执着。只不过，什么事应该被算在这些「原则」之内，我想，或许只有鹿野院先生自己知道吧。"
      },
      {
        "Title": "关于早柚…",
        "Context": "早柚这孩子，最近有没有给你添什么麻烦呢？如果看见她偷懒，可以直接告诉我。"
      },
      {
        "Title": "关于雷电将军·猜测",
        "Context": "对大御所大人的看法吗？这并不该由我等下属随意议论。但…将军大人她，在追求「永恒」之路上，可能也很孤独吧。"
      },
      {
        "Title": "关于雷电将军·立场",
        "Context": "见证了「无想的一刀」并且活了下来，该说是堪称伟业的经历了吧。虽然对我来说，她是真正的神明，一念之间可以更改稻妻的命运，但如果是和你起了冲突的话…我一定会站在你这一边的。"
      },
      {
        "Title": "关于八重神子…",
        "Context": "我和八重宫司大人的合作向来很愉快。你看，操办节庆庆典非常劳神费力，营收多半也不好看。但是八重宫司大人操办的产业，真的既风雅又有收成。"
      },
      {
        "Title": "关于神里绫人…",
        "Context": "作为神里家的家主，兄长平日需要出面诸多场合。我虽尽力分担兄长肩上所负担的责任，却也无法缓和他常年积压在身的疲倦。唉，就当是为了妹妹着想，希望你能劝言，让兄长多多注意身体啊。"
      },
      {
        "Title": "关于宵宫…",
        "Context": "操办节庆庆典是社奉行和巫女众的责任，那位烟火专家也的确能让气氛热烈起来，彼此合作多了，因而渐渐熟络。\n嗯？治安和消防问题吗？我们也会一并纳入预先规划的。因为这些原因而看不到烟花，才会让人们心中留下缺憾吧。"
      },
      {
        "Title": "想要了解绫华·其一",
        "Context": "你的请求，对我来说很特别呢。既然把你当做朋友，我也应坦诚以待。不过，事关神里家的秘密，还希望你能守口如瓶。"
      },
      {
        "Title": "想要了解绫华·其二",
        "Context": "曾经，神里家因为没能保护好国宝级别的刀工，遭受了不小的冲击。受愚人众阴谋算计，我们折损了诸多臣下，受到许多责罚。父亲甚至因之早衰，神里家在幕府中的地位也一落千丈…好在兄长继任后力挽狂澜。不过，家门虽已复兴，社奉行一系也上下齐心，但大事要事方面，仍靠兄长定夺。"
      },
      {
        "Title": "想要了解绫华·其三",
        "Context": "将军所传的锻刀之术，也因星象、用途、矿质、炉火环境、人之性格、元素变化的不同，而有所区分。即是刀工之间所说的「雷电五传」。能锻造名刀的刀工，也被算作是本领通神的神事相关人员，归属统筹文化、艺术、祭祀的社奉行一派管理。因此，出现了刀工背叛的事情，自然就是神里家的督办不力了。"
      },
      {
        "Title": "想要了解绫华·其四",
        "Context": "对我来说，母亲是意义非凡的存在。端庄、优雅，无论遇到怎样的局面都会露出沉静的笑容，以从容不迫的态度，操持着神里家大大小小的事务，说母亲是完美的化身也不为过。但自从她离世的那一刻起，我就深切地意识到，我已经不是那个可以躲在母亲身后的小绫华了。"
      },
      {
        "Title": "想要了解绫华·其五",
        "Context": "接下来要说的话，可能不太符合「稻妻幕府社奉行神里家」的身份。不过，就我的判断，你应该能容许我小小的任性吧？\n…稍微有点累了…可以让我靠一下你的肩膀吗？一下就好。"
      },
      {
        "Title": "绫华的爱好…",
        "Context": "风雅之物我都很喜欢：雅乐诗词、棋艺与舞蹈。你也感兴趣吗？"
      },
      {
        "Title": "绫华的烦恼·忧虑",
        "Context": "烦恼吗？啊，是啊。只要生活在这个世界上，就难免遇到种种不如意的事情。但如果是因为自己的事情，就让周遭的人担心的话…果然，我还是不能说…"
      },
      {
        "Title": "绫华的烦恼·心意",
        "Context": "「坦率」，真的是一件很难的事情。我必须不断告诫自己是神里家的大小姐，在无数双眼睛，无数人的期盼之下摆出完美无缺的姿态。这样的我，是否也该追求自己的愿望呢，是否也该…让你理解我的心意呢…"
      },
      {
        "Title": "喜欢的食物…",
        "Context": "我对异国料理很有兴趣，虽然很少有尝试的机会。嗯…如果是要局限在稻妻料理内的话…应该是「茶泡饭」吧。不过，不能给一般客人看见，我也是偷偷告诉你的。"
      },
      {
        "Title": "讨厌的食物…",
        "Context": "虽然不是不能吃，但我对动物脂肪或内脏大概会有点…"
      },
      {
        "Title": "收到赠礼·其一",
        "Context": "嗯…我真是太幸福了…"
      },
      {
        "Title": "收到赠礼·其二",
        "Context": "谢谢你让我有机会尝试这道菜，我会把它的味道记在心里的。"
      },
      {
        "Title": "收到赠礼·其三",
        "Context": "啊…稍微有点油腻了呢。"
      },
      {
        "Title": "生日…",
        "Context": "请随我来！只要走一小段路，不会耽搁你太长时间的哦。\n打听到你的生日之后，我就提前了一段时间开始筹备。比起名贵的礼物，我妄自猜测…或许这样的礼物会更合我们的情谊。此次，就请让我以扇舞为礼吧。\n那么，失礼了。"
      },
      {
        "Title": "突破的感受·起",
        "Context": "非常感谢。与你切磋使我受益良多，相信在剑术上也能更进一步。"
      },
      {
        "Title": "突破的感受·承",
        "Context": "多亏你的点拨。有你相助，我对自己的能力也理解得更透彻了。"
      },
      {
        "Title": "突破的感受·转",
        "Context": "感觉更加游刃有余了。处理社奉行事务之余，甚至有空尝试一些新的事情。要来试试最近学做的点心吗？"
      },
      {
        "Title": "突破的感受·合",
        "Context": "「尝有所思，斯世如磐；孰料浮世事，留驻难。」\n…抱歉，明明是值得高兴的时候，我却想起了那么悲伤的诗歌。和你相处的时间过于畅怀，竟然让我害怕再次失去。真是…失态了呀。"
      },
      {
        "Title": "元素战技·其一",
        "Context": "起舞吧。"
      },
      {
        "Title": "元素战技·其二",
        "Context": "失礼了。"
      },
      {
        "Title": "元素战技·其三",
        "Context": "雪纷飞。"
      },
      {
        "Title": "元素爆发·其一",
        "Context": "…拿下了！"
      },
      {
        "Title": "元素爆发·其二",
        "Context": "樱吹雪。"
      },
      {
        "Title": "元素爆发·其三",
        "Context": "神里流…霜灭！"
      },
      {
        "Title": "打开宝箱·其一",
        "Context": "寻珍觅奇…也算得一种雅趣。"
      },
      {
        "Title": "打开宝箱·其二",
        "Context": "呵呵…今日运势不错。"
      },
      {
        "Title": "打开宝箱·其三",
        "Context": "我会珍惜这一份幸运。"
      },
      {
        "Title": "生命值低·其一",
        "Context": "不容小觑呢。"
      },
      {
        "Title": "生命值低·其二",
        "Context": "久违的对手…"
      },
      {
        "Title": "生命值低·其三",
        "Context": "该决断了…"
      },
      {
        "Title": "同伴生命值低·其一",
        "Context": "不可大意。"
      },
      {
        "Title": "同伴生命值低·其二",
        "Context": "阁下务必小心。"
      },
      {
        "Title": "倒下·其一",
        "Context": "失态了…"
      },
      {
        "Title": "倒下·其二",
        "Context": "我还有…未竟之事…"
      },
      {
        "Title": "倒下·其三",
        "Context": "让家族…蒙羞了…"
      },
      {
        "Title": "重受击·其一",
        "Context": "无礼的家伙…"
      },
      {
        "Title": "重受击·其二",
        "Context": "怎么会…"
      },
      {
        "Title": "加入队伍·其一",
        "Context": "神里绫华，参上。"
      },
      {
        "Title": "加入队伍·其二",
        "Context": "烦请赐教。"
      },
      {
        "Title": "加入队伍·其三",
        "Context": "呵呵，请多关照。"
      }
    ],
    "FetterStories": [
      {
        "Title": "角色详细",
        "Context": "继承稻妻城中至为尊崇的三家名门之一——神里家族的，是一对兄妹。\n哥哥绫人出任「家主」一职，掌管政务，妹妹绫华贵为「公主」，平日主理家族内外事宜。\n绫华常出现在社交场合，与民间交集也较多。因此，更被人们所熟悉的她反而获得了高于兄长的名望，被雅称为「白鹭公主」。\n众所周知，神里家的女儿绫华小姐容姿端丽、品行高洁，是深受民众钦慕的人物。"
      },
      {
        "Title": "角色故事1",
        "Context": "放眼稻妻领土，未上至雷电将军视听的事务大多由「评定所」处理。\n「评定所」的议事权分属三家，人称三奉行，即——「社奉行」、「天领奉行」与「勘定奉行」。\n拥有此三项奉行权利的家族，其姓氏为：神里、九条与柊，乃是稻妻无人不知无人不晓的御三家。\n而神里绫华，正是社奉行神里家的大小姐，远近闻名的「白鹭公主」。\n问及她为何被称为白鹭公主，稻妻人各有说辞——\n「因为绫华大人如白鹭般优雅高洁，您请看，她清丽秀美的外表，她聪敏得体的谈吐，难道当不起一声公主吗？」\n「绫华大人她呀，虽说身份高贵，对我们却是礼貌中透着亲切。她个性善良仁厚，很愿意对他人伸出援手。您知道吗？就是她力排众议帮着收容了庶人托马。」\n众说纷纭，却无人说得出「白鹭公主」之名的确切来由。\n不过，绫华受民众爱戴的事，倒是可见一斑。"
      },
      {
        "Title": "角色故事2",
        "Context": "身为社奉行神里家的女儿，绫华常提防着贵胄门庭之间的权力争斗。\n她年纪尚轻却已名望隆盛，不免遇到嫉妒神里家兄妹的名门子弟暗中挑衅。\n营造公众形象一事本是形式主义，但对神里家而言，地位使然，再无意义的惯例也有其社交意义。\n不在稻妻关系网中转圜腾挪，便会坐不稳社奉行之位。因此，兄妹俩达成了一致。\n兄长绫人政务繁忙且不喜抛头露面，到公众场合现身以树立神里家形象一事，便交给了举止优美、擅长与人打交道的妹妹绫华来办。\n凭借端庄娴静、风雅有礼的姿态，绫华在各种社交场合都占据了一席之地。无论是跟潜在的合作伙伴交涉，还是与难缠的贵族周旋，她都进退有据，无可挑剔。\n此外，家族内部诸多事物也由绫华掌理。如果没有她，内宅恐怕早已陷入混乱。"
      },
      {
        "Title": "角色故事3",
        "Context": "秋季的一个午后，绫华办完琐事走在回程路上，偶然听见一间老宅中传来苍老的歌声。\n屋内住着一位双目失明的老妇人。干瘦的手指拨动琴弦，木琴便发出流水般的声响。\n兴许是耳朵灵敏的关系，老人听见脚步声，询问门外的人是谁。绫华不想她感到困扰，便说自己是迷路误入此地的附近居民。\n身为社奉行，绫华对民生十分熟悉，很快认出这位膝下无子的孤寡老人正是天气晴朗时在街边弹唱卖艺的那位。\n曲是过时的老调，歌亦如此。目不能视的老人，早已落后他人太多。即便在追寻永恒的国度之中，也会有活得如此艰辛的人。\n出于好意，隐瞒身份的绫华陪老人聊了好一会儿。老人当她是普通少女，给她讲木琴的做法和弹法，还将自己收藏的茶叶分了一些给她。\n与神里家常备的极品茶叶相比，这些粗茶几乎算是草根。但绫华珍重地收下，并再三向她道谢。\n这一天，她屡次想起双亲。父母若是还在，想必也会有像这样老去的一日。\n回到家中，绫华将这个故事告诉兄长绫人。兄妹俩一同享用了老人赠予的粗茶。\n此后每隔一段时日，绫华都亲自前去探望老妇人，依然用着附近居民的名义，每次都为她带去一些平民爱用的生活必需品。\n「街口的绯樱树又开花了，」绫华笑着告诉老人，「如您的琴声一般美丽。」"
      },
      {
        "Title": "角色故事4",
        "Context": "在民众的想象中，贵族世家吃穿用度规格远超常人，那高贵如神里绫华，一定也过着极其奢侈、极其肆意的生活吧。\n然而，这样的想法只对了一半。\n单从形式而言，绫华的生活确实较寻常百姓讲究得多。\n平日里钻研花道、茶道，品名茶、赏奇花的开销也着实不小。不过，这些都是身为贵族大小姐的她必须掌握的技能，并无「肆意」一说。\n真正能让绫华露出笑容的，反而是那些寻常百姓也能享受的小事。\n譬如制作点心，譬如在池塘边捞金鱼，又譬如躲起来阅读八重堂新出的小说…无一不是小事。\n这种时刻的她，不是受人景仰的白鹭公主，不是掌管神里大宅的绫华大人，而是普普通通的「少女绫华」。\n卸下端庄持重的对外形象，绽放出随性自在的真我。唯有作为「少女绫华」时，她才能放下重担，做普通女孩也能做的事。\n深夜肚子饿了，避开佣人偷偷溜到厨房，哼着歌为自己做一碗茶泡饭；茶道课时，偷偷根据茶叶的形状占卜恋爱运势…等等。\n虽然从未向他人说明，但绫华无比珍惜自己作为普通少女的时间。因为，这样的自由时刻实在很少。"
      },
      {
        "Title": "角色故事5",
        "Context": "指导绫华诸门技艺的老师们曾欣慰地表示：无论茶道、剑道或棋道，诸般风雅，绫华都已完全掌握。\n她俨然是一位文武双全、风姿超绝的贵族小姐了。能教导这样一位学生，身为老师也感到非常愉快。\n但遗憾之情…当真完全没有吗？绫华默默想道。\n茶心，和敬清寂的正心。\n剑心，锐不可当的武心。\n棋心，审时度势的慧心。\n茶心、剑心、棋心，俱是她心，此外，却也有着一颗对友人的真心。\n绫华始终等待着世上能出现一个与她平等相对、并肩而立的友人。\n那个人不会将她看作「社奉行」或「白鹭公主」，不会为礼数和地位所束缚。最好还能懂得各种知识，见识过各种奇闻异事…必要时，还能给她讲讲故事。\n如此，才能成为她绫华的好友。\n「也并不是那么难的事吧…可这样的人，究竟在哪里呢？」"
      },
      {
        "Title": "杜若丸",
        "Context": "「来来来，」\n「来玩手鞠。」\n「一下，两下，三下，」\n「手鞠高高飞过神樱树。」\n「四下、五下、六下，」\n「手鞠高高飞过影向山。」\n「七下、八下、九下，」\n「手鞠又回到原处，」\n「又回到小绫华手中。」\n这是绫华幼年最喜欢的儿歌。\n那时的她给最喜爱的手鞠取名为「杜若丸」，每天一边拍打着五彩缤纷的杜若丸，一边哼唱这首儿歌。\n听到绫华的歌声，父母与哥哥都会忍不住露出微笑，甚至和她一同玩闹。一家人围成圈，轮流抛掷手鞠。\n不过那都是许久之前的事了。绫华早已不再把玩手鞠。\n她成为了能独当一面的大人物。而象征着童年、承载着珍贵回忆的杜若丸也被收起来，安置在绫华的柜子里。"
      },
      {
        "Title": "神之眼",
        "Context": "好些年前，家中发生重大变故，重担落到了兄长绫人肩上。那时，绫华还不是如今这副成熟能干的模样。\n她本是爱玩的孩子，并不懂得家族责任，更缺乏应对种种人物的手腕与经验。\n但看着病床上的母亲与劳碌的兄长，绫华意识到：她非得成长起来不可。\n于是她决定，首先拾起荒废许久的剑术与诗歌——这是身为贵族的基础修养，若能掌握此二者，她便算是面上过得去的神里家千金了，能代替兄长出席一些祭典之类的场合，为他分忧。\n事实证明，绫华并非天赋异禀，也曾为诗歌背不下来、写字不够风雅、剑术毫无章法之类的事而苦恼。\n她从未动摇过——一遍背不下来的诗就背五十遍，一遍写不好的字就练五十遍，一遍使不好的剑术就使五十遍。\n「千般锤磨，素振亦无人可当。」——这是母亲告诉她的话。\n母亲离世后，她不再是从前那个小绫华。如今的她，是神里绫华，将军御下三家之一，社奉行神里家的大小姐。\n剑术训练成为了日常生活的一环，从开始那日延续至今，从未间断。\n不知第多少天，绫华终于能做到一击退敌。霎时，道场内冰花凝结，道场正中，她的刀尖上挂着一枚如冰棱般璀璨的「神之眼」。\n千般锤磨，素振亦无人可当，就连神明也为之动容。"
      }
    ]
  },
  "Costumes": [
    {
      "Id": 200201,
      "Name": "花时来信",
      "Description": "神里绫华的出游装扮。比照轻小说插画中的枫丹女性装束而制作的洋装，似乎能借其一窥枫丹淑女的生活风貌。",
      "IsDefault": false,
      "FrontIcon": "UI_AvatarIcon_AyakaCostumeFruhling",
      "SideIcon": "UI_AvatarIcon_Side_AyakaCostumeFruhling"
    },
    {
      "Id": 200200,
      "Name": "莹辉流华",
      "Description": "神里绫华的装扮款式。以铠甲覆裙，昭显「白鹭公主」高洁与坚韧气质的贵重着物。",
      "IsDefault": true
    }
  ],
  "CultivationItems": [
    104164,
    113023,
    101202,
    112046,
    104325,
    113018
  ],
  "NameCard": {
    "Name": "神里绫华·扇子",
    "Description": "名片纹饰。\n绫华的配扇当然一直在换。如果想作为赠礼送给她的话，记得不要送成了夏扇或者投扇，舞扇或者茶扇是不错的选择。",
    "Icon": "UI_NameCardIcon_Ayaka",
    "PicturePrefix": "UI_NameCardPic_Ayaka"
  }
}