{
  "Id": 10000029,
  "PromoteId": 29,
  "Sort": 3,
  "Body": 5,
  "Icon": "UI_AvatarIcon_Klee",
  "SideIcon": "UI_AvatarIcon_Side_Klee",
  "Name": "可莉",
  "Description": "西风骑士团禁闭室的常客，蒙德的爆破大师。人称「逃跑的太阳」。",
  "BeginTime": "2020-09-15T04:00:00+08:00",
  "Quality": 5,
  "Weapon": 10,
  "BaseValue": {
    "HpBase": 800.7888,
    "AttackBase": 24.206,
    "DefenseBase": 47.864
  },
  "GrowCurves": [
    {
      "Type": 1,
      "Value": 21
    },
    {
      "Type": 4,
      "Value": 31
    },
    {
      "Type": 7,
      "Value": 21
    }
  ],
  "SkillDepot": {
    "Arkhe": 0,
    "Skills": [
      {
        "GroupId": 2931,
        "Proud": {
          "Descriptions": [
            "一段伤害|{param1:F1P}",
            "二段伤害|{param2:F1P}",
            "三段伤害|{param3:F1P}",
            "重击伤害|{param4:P}",
            "重击体力消耗|{param5:F1}点",
            "下坠期间伤害|{param6:F1P}",
            "低空/高空坠地冲击伤害|{param7:P}/{param8:P}"
          ],
          "Parameters": [
            {
              "Level": 1,
              "Parameters": [
                0.7216,
                0.624,
                0.8992,
                1.5736,
                50,
                0.568288,
                1.136335,
                1.419344
              ]
            },
            {
              "Level": 2,
              "Parameters": [
                0.77572,
                0.6708,
                0.96664,
                1.69162,
                50,
                0.614544,
                1.228828,
                1.534872
              ]
            },
            {
              "Level": 3,
              "Parameters": [
                0.82984,
                0.7176,
                1.03408,
                1.80964,
                50,
                0.6608,
                1.32132,
                1.6504
              ]
            },
            {
              "Level": 4,
              "Parameters": [
                0.902,
                0.78,
                1.124,
                1.967,
                50,
                0.72688,
                1.453452,
                1.81544
              ]
            },
            {
              "Level": 5,
              "Parameters": [
                0.95612,
                0.8268,
                1.19144,
                2.08502,
                50,
                0.773136,
                1.545944,
                1.930968
              ]
            },
            {
              "Level": 6,
              "Parameters": [
                1.01024,
                0.8736,
                1.25888,
                2.20304,
                50,
                0.826,
                1.65165,
                2.063
              ]
            },
            {
              "Level": 7,
              "Parameters": [
                1.0824,
                0.936,
                1.3488,
                2.3604,
                50,
                0.898688,
                1.796995,
                2.244544
              ]
            },
            {
              "Level": 8,
              "Parameters": [
                1.15456,
                0.9984,
                1.43872,
                2.51776,
                50,
                0.971376,
                1.94234,
                2.426088
              ]
            },
            {
              "Level": 9,
              "Parameters": [
                1.22672,
                1.0608,
                1.52864,
                2.67512,
                50,
                1.044064,
                2.087686,
                2.607632
              ]
            },
            {
              "Level": 10,
              "Parameters": [
                1.29888,
                1.1232,
                1.61856,
                2.83248,
                50,
                1.12336,
                2.246244,
                2.80568
              ]
            },
            {
              "Level": 11,
              "Parameters": [
                1.373926,
                1.188096,
                1.712077,
                2.996134,
                50,
                1.202656,
                2.404802,
                3.003728
              ]
            },
            {
              "Level": 12,
              "Parameters": [
                1.472064,
                1.27296,
                1.834368,
                3.210144,
                50,
                1.281952,
                2.563361,
                3.201776
              ]
            },
            {
              "Level": 13,
              "Parameters": [
                1.570202,
                1.357824,
                1.956659,
                3.424154,
                50,
                1.361248,
                2.721919,
                3.399824
              ]
            },
            {
              "Level": 14,
              "Parameters": [
                1.668339,
                1.442688,
                2.07895,
                3.638163,
                50,
                1.440544,
                2.880478,
                3.597872
              ]
            },
            {
              "Level": 15,
              "Parameters": [
                1.766477,
                1.527552,
                2.201242,
                3.852173,
                50,
                1.51984,
                3.039036,
                3.79592
              ]
            }
          ]
        },
        "Id": 10291,
        "Name": "普通攻击·砰砰",
        "Description": "<color=#FFD780FF>普通攻击</color>\n投掷在碰撞后会爆炸的好东西！进行至多三段的炸弹攻击，造成<color=#FF9999FF>火元素范围伤害</color>。\n\n<color=#FFD780FF>重击</color>\n消耗一定体力，短暂咏唱后，轰击敌人，造成<color=#FF9999FF>火元素范围伤害</color>。\n\n<color=#FFD780FF>下落攻击</color>\n凝聚烈焰的力量，从空中下坠冲击地面，攻击下落路径上的敌人，并在落地时造成<color=#FF9999FF>火元素范围伤害</color>。",
        "Icon": "Skill_A_Catalyst_MD"
      },
      {
        "GroupId": 2932,
        "Proud": {
          "Descriptions": [
            "蹦蹦炸弹伤害|{param1:F1P}",
            "诡雷伤害|{param4:F1P}",
            "诡雷持续时间|{param5:F1}秒",
            "冷却时间|{param6:F1}秒"
          ],
          "Parameters": [
            {
              "Level": 1,
              "Parameters": [
                0.952,
                0.952,
                0.952,
                0.328,
                15,
                20
              ]
            },
            {
              "Level": 2,
              "Parameters": [
                1.0234,
                1.0234,
                1.0234,
                0.3526,
                15,
                20
              ]
            },
            {
              "Level": 3,
              "Parameters": [
                1.0948,
                1.0948,
                1.0948,
                0.3772,
                15,
                20
              ]
            },
            {
              "Level": 4,
              "Parameters": [
                1.19,
                1.19,
                1.19,
                0.41,
                15,
                20
              ]
            },
            {
              "Level": 5,
              "Parameters": [
                1.2614,
                1.2614,
                1.2614,
                0.4346,
                15,
                20
              ]
            },
            {
              "Level": 6,
              "Parameters": [
                1.3328,
                1.3328,
                1.3328,
                0.4592,
                15,
                20
              ]
            },
            {
              "Level": 7,
              "Parameters": [
                1.428,
                1.428,
                1.428,
                0.492,
                15,
                20
              ]
            },
            {
              "Level": 8,
              "Parameters": [
                1.5232,
                1.5232,
                1.5232,
                0.5248,
                15,
                20
              ]
            },
            {
              "Level": 9,
              "Parameters": [
                1.6184,
                1.6184,
                1.6184,
                0.5576,
                15,
                20
              ]
            },
            {
              "Level": 10,
              "Parameters": [
                1.7136,
                1.7136,
                1.7136,
                0.5904,
                15,
                20
              ]
            },
            {
              "Level": 11,
              "Parameters": [
                1.8088,
                1.8088,
                1.8088,
                0.6232,
                15,
                20
              ]
            },
            {
              "Level": 12,
              "Parameters": [
                1.904,
                1.904,
                1.904,
                0.656,
                15,
                20
              ]
            },
            {
              "Level": 13,
              "Parameters": [
                2.023,
                2.023,
                2.023,
                0.697,
                15,
                20
              ]
            },
            {
              "Level": 14,
              "Parameters": [
                2.142,
                2.142,
                2.142,
                0.738,
                15,
                20
              ]
            },
            {
              "Level": 15,
              "Parameters": [
                2.261,
                2.261,
                2.261,
                0.779,
                15,
                20
              ]
            }
          ]
        },
        "Id": 10292,
        "Name": "蹦蹦炸弹",
        "Description": "投出带来无限快乐的蹦蹦炸弹！\n蹦蹦炸弹会连续弹跳三次，每次弹跳都会引发爆炸，造成<color=#FF9999FF>火元素范围伤害</color>。\n\n第三次弹跳后，将分裂成许多诡雷。\n诡雷会在接触到敌人或一段时间后爆炸，造成<color=#FF9999FF>火元素范围伤害</color>。\n\n初始拥有2次可使用次数。\n\n<i>蹦蹦是可莉的「好朋友」…可莉总是忍不住向人介绍他们。</i>",
        "Icon": "Skill_S_Klee_01"
      }
    ],
    "EnergySkill": {
      "GroupId": 2939,
      "Proud": {
        "Descriptions": [
          "轰轰火花伤害|{param1:F1P}",
          "持续时间|{param5:F1}秒",
          "冷却时间|{param2:F1}秒",
          "元素能量|{param3:I}"
        ],
        "Parameters": [
          {
            "Level": 1,
            "Parameters": [
              0.4264,
              15,
              60,
              0.51168,
              10
            ]
          },
          {
            "Level": 2,
            "Parameters": [
              0.45838,
              15,
              60,
              0.550056,
              10
            ]
          },
          {
            "Level": 3,
            "Parameters": [
              0.49036,
              15,
              60,
              0.588432,
              10
            ]
          },
          {
            "Level": 4,
            "Parameters": [
              0.533,
              15,
              60,
              0.6396,
              10
            ]
          },
          {
            "Level": 5,
            "Parameters": [
              0.56498,
              15,
              60,
              0.677976,
              10
            ]
          },
          {
            "Level": 6,
            "Parameters": [
              0.59696,
              15,
              60,
              0.716352,
              10
            ]
          },
          {
            "Level": 7,
            "Parameters": [
              0.6396,
              15,
              60,
              0.76752,
              10
            ]
          },
          {
            "Level": 8,
            "Parameters": [
              0.68224,
              15,
              60,
              0.818688,
              10
            ]
          },
          {
            "Level": 9,
            "Parameters": [
              0.72488,
              15,
              60,
              0.869856,
              10
            ]
          },
          {
            "Level": 10,
            "Parameters": [
              0.76752,
              15,
              60,
              0.921024,
              10
            ]
          },
          {
            "Level": 11,
            "Parameters": [
              0.81016,
              15,
              60,
              0.972192,
              10
            ]
          },
          {
            "Level": 12,
            "Parameters": [
              0.8528,
              15,
              60,
              1.02336,
              10
            ]
          },
          {
            "Level": 13,
            "Parameters": [
              0.9061,
              15,
              60,
              1.08732,
              10
            ]
          },
          {
            "Level": 14,
            "Parameters": [
              0.9594,
              15,
              60,
              1.15128,
              10
            ]
          },
          {
            "Level": 15,
            "Parameters": [
              1.0127,
              15,
              60,
              1.21524,
              10
            ]
          }
        ]
      },
      "Id": 10295,
      "Name": "轰轰火花",
      "Description": "可莉火力全开！在技能持续时间内，不停召唤轰轰火花攻击附近的敌人，造成<color=#FF9999FF>火元素范围伤害</color>。\n\n<i>骑士团的人相信，可莉从来不被自己的炸弹所伤，一定有幸运星眷顾着她吧…</i>",
      "Icon": "Skill_E_Klee_01"
    },
    "Inherents": [
      {
        "GroupId": 2921,
        "Proud": {
          "Descriptions": [],
          "Parameters": [
            {
              "Level": 1,
              "Parameters": []
            }
          ]
        },
        "Id": 292101,
        "Name": "砰砰礼物",
        "Description": "<color=#FFD780FF>蹦蹦炸弹</color>与普通攻击造成伤害时，有50%的几率赋予可莉一朵爆裂火花。\n施放重击时将消耗爆裂火花，使本次重击不消耗体力，造成的伤害提升50%。",
        "Icon": "UI_Talent_S_Klee_05"
      },
      {
        "GroupId": 2922,
        "Proud": {
          "Descriptions": [],
          "Parameters": [
            {
              "Level": 1,
              "Parameters": []
            }
          ]
        },
        "Id": 292201,
        "Name": "火花无限",
        "Description": "可莉的重击造成暴击后，为队伍中所有角色恢复2点元素能量。",
        "Icon": "UI_Talent_S_Klee_06"
      },
      {
        "GroupId": 2923,
        "Proud": {
          "Descriptions": [],
          "Parameters": [
            {
              "Level": 1,
              "Parameters": []
            }
          ]
        },
        "Id": 292301,
        "Name": "全是宝藏",
        "Description": "在小地图上显示周围的<color=#FFD780FF>蒙德区域特产</color>的位置。",
        "Icon": "UI_Talent_Collect_Local_Mengde"
      }
    ],
    "Talents": [
      {
        "Id": 291,
        "Name": "连环轰隆",
        "Description": "攻击与施放技能时，有几率召唤火花轰击敌人，造成相当于<color=#FFD780FF>轰轰火花</color>攻击伤害120%的伤害。",
        "Icon": "UI_Talent_S_Klee_01"
      },
      {
        "Id": 292,
        "Name": "破破弹片",
        "Description": "<color=#FFD780FF>蹦蹦炸弹</color>的诡雷会使敌人的防御力降低23%，持续10秒。",
        "Icon": "UI_Talent_S_Klee_02"
      },
      {
        "Id": 293,
        "Name": "可莉特调",
        "Description": "<color=#FFD780FF>蹦蹦炸弹</color>的技能等级提高3级。\n至多提升至15级。",
        "Icon": "UI_Talent_U_Klee_01",
        "ExtraLevel": {
          "Index": 2,
          "Level": 3
        }
      },
      {
        "Id": 294,
        "Name": "一触即发",
        "Description": "如果在<color=#FFD780FF>轰轰火花</color>持续期间内退场，会引发爆炸，造成555%攻击力的<color=#FF9999FF>火元素范围伤害</color>。",
        "Icon": "UI_Talent_S_Klee_03"
      },
      {
        "Id": 295,
        "Name": "轰击之星",
        "Description": "<color=#FFD780FF>轰轰火花</color>的技能等级提高3级。\n至多提升至15级。",
        "Icon": "UI_Talent_U_Klee_02",
        "ExtraLevel": {
          "Index": 9,
          "Level": 3
        }
      },
      {
        "Id": 296,
        "Name": "火力全开",
        "Description": "在<color=#FFD780FF>轰轰火花</color>的状态下，可莉每3秒会为队伍中所有角色（不包括可莉自己）恢复3点元素能量；\n施放<color=#FFD780FF>轰轰火花</color>后的25秒内，队伍中所有角色获得10%<color=#FF9999FF>火元素伤害加成</color>。",
        "Icon": "UI_Talent_S_Klee_04"
      }
    ]
  },
  "FetterInfo": {
    "Title": "逃跑的太阳",
    "Detail": "西风骑士团禁闭室的常客，蒙德的爆破大师。人称「逃跑的太阳」。",
    "Association": 1,
    "Native": "西风骑士团",
    "BirthMonth": 7,
    "BirthDay": 27,
    "VisionBefore": "火",
    "ConstellationBefore": "四叶草座",
    "CvChinese": "花玲",
    "CvJapanese": "久野美咲",
    "CvEnglish": "帕娜姆·巴苏",
    "CvKorean": "房莲知",
    "CookBonus": {
      "OriginItemId": 108002,
      "ItemId": 108115,
      "InputList": [
        110001,
        100079,
        100076,
        100078
      ]
    },
    "Fetters": [
      {
        "Title": "初次见面…",
        "Context": "西风骑士团，「火花骑士」，可莉，前来报到！…呃——后面该说什么词来着？可莉背不下来啦…"
      },
      {
        "Title": "闲聊·收获",
        "Context": "可莉今天又勇敢地抓到了花纹奇怪的蜥蜴！从没见过这种图案，你要看看吗？"
      },
      {
        "Title": "闲聊·冒险",
        "Context": "要和可莉一起去炸鱼吗？虽然被抓住就是一整天的禁闭，但鱼很好吃，所以值得！"
      },
      {
        "Title": "闲聊·守则",
        "Context": "「城里放炮禁闭室报到」、「炸弹伤人琴找上门」、「放火烧山可莉完蛋」——这就是可莉在骑士团的生存守则。"
      },
      {
        "Title": "下雨的时候…",
        "Context": "哼哼哼，这次的炸弹可是防水的。"
      },
      {
        "Title": "打雷的时候…",
        "Context": "啊！什么东西爆炸了？！…哦，是打雷啊。"
      },
      {
        "Title": "刮大风了…",
        "Context": "风神保佑，把可莉的炸弹往合适的地方吹吧。"
      },
      {
        "Title": "早上好…",
        "Context": "早安！带可莉出去玩吧！我们一起来冒险！"
      },
      {
        "Title": "中午好…",
        "Context": "午饭时间到了！啊…吃什么呢？我来看看《提瓦特游览指南》…"
      },
      {
        "Title": "晚上好…",
        "Context": "晚上好！拜托你也帮我跟霍夫曼先生说说吧，可莉不是小孩子了，可莉晚上也可以出去玩——带我出去玩——"
      },
      {
        "Title": "晚安…",
        "Context": "虽然出来玩的时候说不想回家，但天黑以后的旷野，不认识路…拜、拜托你回去的时候，把我也送回家好不好…"
      },
      {
        "Title": "关于可莉自己·肇事",
        "Context": "呜…这次居然炸歪了大风车的叶片…真对不起！"
      },
      {
        "Title": "关于可莉自己·赔偿",
        "Context": "我，我还挺会做手工的，请让我帮你们重新做一个…什么？禁止雇佣童工？呜…"
      },
      {
        "Title": "关于我们·骑士",
        "Context": "呼呼…荣誉骑士，可莉作为「火花骑士」，可以说是你在西风骑士团的前辈喔？所以！所以…这次我闯的祸，能不能帮我隐瞒一下…"
      },
      {
        "Title": "关于我们·玩伴",
        "Context": "不行！才九点，可莉今晚一定要撑到看完马戏团的午夜专场！你是可莉的玩伴吧！那就别想现在就把我送回家，略略略略…"
      },
      {
        "Title": "关于「神之眼」…",
        "Context": "这个小小的玻璃球，就代表了巴巴托斯大人对可莉的肯定吗…唔…究竟是认可了我的哪一部分呢？是自由吗？那以后要不要更自由地出去炸鱼，来回应巴巴托斯大人的期待呢…？"
      },
      {
        "Title": "有什么想要分享…",
        "Context": "可莉知道，骑士团的墙是不能炸的。虽然打通了能从禁闭室出去很方便，但凯亚哥哥说，这样做了以后，琴团长恐怕会让我再也见不到第二天的太阳…"
      },
      {
        "Title": "感兴趣的见闻…",
        "Context": "每一只蜥蜴的花纹都是不同的，有些蜥蜴的尾巴干燥以后磨成粉，可以当做炸药的材料哦。这是阿贝多哥哥告诉我的事。"
      },
      {
        "Title": "关于雷泽…",
        "Context": "我们是朋友！雷泽努力对抗危机、保护可莉的样子，让人安心！…唔…虽然基本上都是我把危机带到他身边的…"
      },
      {
        "Title": "关于父母…",
        "Context": "爸爸和妈妈都是全大陆有名的旅行家！妈妈写的《提瓦特游览指南》，有好多餐馆和旅店都很在意它的权威评价呢。"
      },
      {
        "Title": "关于凯亚…",
        "Context": "凯亚哥哥是好人！《骑士团生存守则》就是凯亚哥哥帮可莉写的。可莉闯祸的时候，他也经常帮忙遮掩呢。"
      },
      {
        "Title": "关于安柏…",
        "Context": "安柏姐姐是好人！兔兔伯爵摸起来也是毛茸茸的，而且还会爆炸，太棒了！"
      },
      {
        "Title": "关于琴…",
        "Context": "琴团长是好人！虽然…有点可怕…"
      },
      {
        "Title": "关于迪卢克…",
        "Context": "奇怪的大人，一直都是不太开心的样子。唔…为什么不喜欢笑呢？"
      },
      {
        "Title": "关于丽莎…",
        "Context": "丽莎阿…丽莎姐姐是好人！每次可莉靠近她的工坊，她就会给可莉好吃的茶点…欸？说起来我想进她的工坊，好像一开始是想做新的炸药来着…？"
      },
      {
        "Title": "关于班尼特…",
        "Context": "班尼特哥哥是好人！和他一起冒险，可莉总能有更多收获！…虽然班尼特哥哥自己总是什么宝物都找不到，嗯…这是为什么呢？"
      },
      {
        "Title": "关于迪奥娜…",
        "Context": "迪奥娜姐姐是好人！「靠一己之力摧毁蒙德酒业」的想法好有趣，可莉也要用炸弹来帮忙！——呃，虽然不太懂什么叫做「蒙德酒业」，是怪物吗？"
      },
      {
        "Title": "关于阿贝多…",
        "Context": "阿贝多哥哥跟可莉有个秘密的约定！要是可莉看到工坊门前挂着「实验进行中」的牌子，就要晚点再去找他。阿贝多哥哥不工作的时候，会很耐心地陪着可莉，所以可莉也会很耐心地等着的！"
      },
      {
        "Title": "关于莫娜…",
        "Context": "莫娜姐姐是好人！她每次找阿贝多哥哥和可莉玩的时候，都会说好多听不明白，但是很有趣的东西！可莉喜欢她来玩！"
      },
      {
        "Title": "关于砂糖…",
        "Context": "砂糖姐姐是好人！她问我，想不想要一个会跑会跳的蹦蹦！嘿嘿嘿，当然想要了，我还想要好几百个，让蒙德的街道上，台阶上，广场上，全是蹦蹦！"
      },
      {
        "Title": "想要了解可莉·其一",
        "Context": "你好！你是来找可莉玩的吗？"
      },
      {
        "Title": "想要了解可莉·其二",
        "Context": "是啊，这个炸弹是可莉最新改良的作品！你看我做得好不好？…呃——如果是在什么纵火现场发现的话，那就不是我做的，绝对不是。"
      },
      {
        "Title": "想要了解可莉·其三",
        "Context": "哎，虽然新炸药的配方，很多都是在被关禁闭的时候想出来的…但如果不被关禁闭的话就更好了…"
      },
      {
        "Title": "想要了解可莉·其四",
        "Context": "这是嘟嘟可，是可莉很久以前就交到的好朋友。要记得它的名字哦，以后别叫它「挂在你包上的玩偶」啦。"
      },
      {
        "Title": "想要了解可莉·其五",
        "Context": "谢谢你总是帮可莉解决麻烦！就用这串「可莉烤鱼」来报答你吧！——呃，其实鱼是直接在湖里就被炸弹烤熟了，不过这件事就和平时一样，假装不知道好了。"
      },
      {
        "Title": "可莉的爱好…",
        "Context": "可莉喜欢毛茸茸的东西。比如嘟嘟可、蒲公英，还有雷泽的头发。"
      },
      {
        "Title": "可莉的烦恼…",
        "Context": "唉，你是好人，我是坏孩子…等我这次的禁闭结束、好好反省过以后，再来找你带我出去玩…"
      },
      {
        "Title": "喜欢的食物…",
        "Context": "蒙德的鲈鱼是很好吃的，从果酒湖里抓到的尤其好吃！这可不是瞎说的，连妈妈也认同可莉的想法喔。"
      },
      {
        "Title": "讨厌的食物…",
        "Context": "讨厌蒙德蟹——什么蟹都讨厌——可莉要出去玩——不要坐在餐桌前慢慢剥壳——"
      },
      {
        "Title": "收到赠礼·其一",
        "Context": "好香好香！可莉已经吃到吃不下啦…"
      },
      {
        "Title": "收到赠礼·其二",
        "Context": "今天也吃到了好吃的东西，可莉好开心！谢谢你！"
      },
      {
        "Title": "收到赠礼·其三",
        "Context": "看上去很好吃，但吃起来不太方便…嘿嘿，你来帮帮可莉好不好！"
      },
      {
        "Title": "生日…",
        "Context": "生日快乐！过生日很开心，你比可莉大，那过生日的次数一定比可莉多吧？可莉很羡慕！"
      },
      {
        "Title": "突破的感受·起",
        "Context": "嗯，新型炸弹研究完毕！趁琴团长发现之前，开溜！"
      },
      {
        "Title": "突破的感受·承",
        "Context": "又进步了一点！不过琴团长总是说：「进步是分内之事。」"
      },
      {
        "Title": "突破的感受·转",
        "Context": "谢谢你总是陪我一起收集研究用的材料！如果你想学习炸弹的制作方法，我也可以来教你哦。"
      },
      {
        "Title": "突破的感受·合",
        "Context": "很久以前，第一次听到爆炸声的时候，我没有害怕…后来我才知道，大部分人不是这样的…不过，你也不害怕我的炸弹呢！嘿嘿，太好了，可莉果然交到了很好的朋友！"
      },
      {
        "Title": "元素战技·其一",
        "Context": "蹦蹦炸弹！"
      },
      {
        "Title": "元素战技·其二",
        "Context": "弹起来吧！"
      },
      {
        "Title": "元素战技·其三",
        "Context": "嘿咻！"
      },
      {
        "Title": "元素爆发·其一",
        "Context": "轰轰火花！"
      },
      {
        "Title": "元素爆发·其二",
        "Context": "火力全开！"
      },
      {
        "Title": "元素爆发·其三",
        "Context": "全——都可以炸完！"
      },
      {
        "Title": "冲刺开始·其一",
        "Context": "啦啦啦~"
      },
      {
        "Title": "冲刺开始·其二",
        "Context": "哒哒哒~"
      },
      {
        "Title": "打开宝箱·其一",
        "Context": "可莉又找到新的宝物了！"
      },
      {
        "Title": "打开宝箱·其二",
        "Context": "亮闪闪的，好开心！"
      },
      {
        "Title": "打开宝箱·其三",
        "Context": "地下会不会埋着更多宝箱呢…"
      },
      {
        "Title": "生命值低·其一",
        "Context": "哇…怎么会这样…"
      },
      {
        "Title": "生命值低·其二",
        "Context": "琴团长…它欺负我…"
      },
      {
        "Title": "生命值低·其三",
        "Context": "玩累了，有点晕…"
      },
      {
        "Title": "同伴生命值低·其一",
        "Context": "火花骑士，爆破支援！"
      },
      {
        "Title": "同伴生命值低·其二",
        "Context": "你不要紧吧？"
      },
      {
        "Title": "倒下·其一",
        "Context": "看我成功开溜…！啊，失败了。"
      },
      {
        "Title": "倒下·其二",
        "Context": "可莉…想回家了…"
      },
      {
        "Title": "倒下·其三",
        "Context": "又闯祸了…"
      },
      {
        "Title": "普通受击·其一",
        "Context": "过分…"
      },
      {
        "Title": "重受击·其一",
        "Context": "好疼啊！"
      },
      {
        "Title": "加入队伍·其一",
        "Context": "可莉来帮忙！"
      },
      {
        "Title": "加入队伍·其二",
        "Context": "锵锵——可莉登场。"
      },
      {
        "Title": "加入队伍·其三",
        "Context": "好耶！是大冒险。"
      }
    ],
    "FetterStories": [
      {
        "Title": "角色详细",
        "Context": "如果向蒙德的酒客们说起西风骑士团战力最强的成员，\n恐怕大多数人会列举大名鼎鼎的代理团长琴、骑兵队长凯亚或神秘的贵公子迪卢克。\n但也有人在醉眼朦胧间，目睹了一位红色骑士将整座望风山地夷为平地的壮举——\n若想寻访这位神秘的骑士，恐怕就要到西风骑士团的禁闭室一探究竟了。\n假如禁闭室空空如也，或许某些爆炸性的糟糕事件就快要发生了…\n可莉就是这样的「危险人物」。作为骑士团正式成员，她的战力不容小觑。\n而作为一个过于活泼的孩子，她的破坏力同样巨大。\n毕竟，与蒙德其他小孩子不同，爆炸物才是可莉最为喜爱的玩具。"
      },
      {
        "Title": "角色故事1",
        "Context": "三年前，可莉被身为知名冒险家的父母托付给西风骑士团。\n年幼的可莉就这样和「那位白色的哥哥」一起，与蒙德的「家人们」结下了缘分。\n可莉对外界一切都抱有纯真的爱与好奇。对于会爆炸的物件，她更是始终投以极度的热忱。\n在骑士团呵护之下，她得以远离恶意与中伤。\n小小的少女与骑士团众人缔结了无法割舍的缘分。\n对可莉来说，被琴关禁闭室的日常、帮助安柏改进兔兔伯爵的日常，或偷偷研制新型炸弹的日常…\n所有这些，都是她珍贵的宝物。"
      },
      {
        "Title": "角色故事2",
        "Context": "「那样的父母会培养出这样的孩子，也是理所当然吧…」\n被成堆公物破坏报告搞得焦头烂额的代理团长琴，偶尔会扶额感叹。\n炸得七零八落的车辆、莫名起火的货棚、骑士们好不容易才扑灭的森林火灾…\n还有惨不忍睹的「星落湖鱼类大量非正常伤亡案件」…\n造成这些的凶手只有一人，此人正出现在骑士团总部——\n「可莉！」\n面对代理团长严厉的目光，看似人畜无害的小小少女只好把身上藏得满满当当的爆炸物逐件上缴。\n随后在幸灾乐祸的骑兵队长护送下，哭唧唧地前往禁闭室。\n这样的故事，大概每周都会重演那么一两次。"
      },
      {
        "Title": "角色故事3",
        "Context": "当然，每次闯完祸后，可莉也会努力帮忙收拾烂摊子。\n虽说有时又会因为她大剌剌的性子将事情搅得更加复杂：\n想要做烤鱼补偿骑士团的大家，却不小心把灶台炸上了天；\n焦急地想要借风灭火，又把火扩散到了更远的草原…\n可莉绝不是坏孩子，好奇与贪玩的本性却总驱使她做出不计后果的行为。\n而每次犯了错误，又总会愧疚地试图弥补。\n但凡可莉被满心郁闷的琴团长放出禁闭室，不出两天，蒙德城某处一定又会传来爆炸声。\n作为骑士团内大名鼎鼎的「火花骑士」，其威能总会在奇怪的地方频繁展现。"
      },
      {
        "Title": "角色故事4",
        "Context": "虽说可莉为骑士团和蒙德城招惹了不少乱子，但她绝不是为骑士团拖后腿的见习新人。\n相反，一旦她的才能用对地方，也将爆发出可畏的实力。\n某次讨伐行动中，琴巧妙借助可莉的爆破天赋，一举消灭了所有进犯的丘丘人。\n只是可莉出于一贯不计后果的童心，布下了过多炸弹，造成巨大爆炸，永久改变了望风山地的地貌…\n大家都被吓得不轻，所幸骑士团无人受伤。\n「望风山地红衣骑士」的传说，就此在蒙德流传开来。\n据说她身披一袭神秘红衣，怀中抱着骑士团最隐秘的宝物…\n只有可莉本人知道，空穴来风的「宝物」究竟是什么东西。"
      },
      {
        "Title": "角色故事5",
        "Context": "对可莉而言，骑士团是她不可或缺的家人，已踏上冒险征途的母亲则是「偶像」。\n著名大冒险家艾莉丝，《提瓦特游览指南》的作者——在可莉心中，妈妈非常厉害，无所不能。\n无论是从前手把手教她调配火药，挑选引信，还是一步步引导她依照个人创意制造更壮观漂亮的烟花…\n教育她如何规划受力点，才能炸毁整座摘星崖…\n或是被骑士团抓到现行之后一起在面色发青的霍夫曼面前挨训，对彼此尴尬地吐舌头…\n这些都是可莉与妈妈珍藏的记忆。\n直到后来，妈妈和爸爸去了很遥远、很危险的地方，临行前，将可莉托付给阿贝多哥哥和骑士团。\n小小的可莉早就明白，自己总有一天也会长大，踏上妈妈的道路。\n总有一天，她的作品也会让妈妈为之骄傲。"
      },
      {
        "Title": "「嘟嘟可」",
        "Context": "「嘟嘟可」是可莉最初的朋友，也是最好的朋友之一。\n很久很久以前，妈妈亲手为她制作了这个玩偶。\n艾莉丝把它与可莉的幸运四叶草缀在一起，挂在可莉大大的背包上。\n于是，嘟嘟可和可莉成为了形影不离的好朋友。\n妈妈说，这是为了让可莉不会孤单，有一个独处时也能说悄悄话的朋友。\n困难时也会保护彼此，就像安柏与她的兔兔伯爵那样。\n不过这话让骑士团众人忧心忡忡——考虑到艾莉丝母女二人的其他「发明」，这东西或许也会在某个时刻爆炸…\n「嘟嘟可」是可莉自己为玩偶取的名字。\n被人问到这个名字的含义，可莉涨红了脸，半天才说：\n「含义是…可莉最好的朋友！」"
      },
      {
        "Title": "神之眼",
        "Context": "如果问起可莉如何获得「神之眼」，恐怕她自己都说不清楚。\n作为天赋异禀的爆炸狂，可莉在很小的时候就受到了「神之眼」的认可。\n根据可莉自己版本的故事，她那时正在制作一个「比超级大还要大的大炸弹！」\n这是她自己上手制作的第一件作品，实验结果却远不如预期——\n仅仅炸翻了她的小小工棚，留下一大堆冒烟的灰烬。\n失望之余，可莉惊喜地发现，火焰般的「神之眼」从灰烬中浮出。\n可莉为何会获得神的认可？\n是由于对爆炸物与生俱来的才华与执着，还是因为与母亲一模一样的我行我素，又或许是因为足够闪耀的纯真？\n不论出于何种原因，总之，可莉在最无忧无虑的年纪就已获得万人渴求的神之眼。\n无论以后的成长过程中将要面对什么，她也绝对不会放弃这份「礼物」。"
      }
    ]
  },
  "Costumes": [
    {
      "Id": 202901,
      "Name": "琪花星烛",
      "Description": "可莉出演关键剧目时所穿的精致服装，色彩明丽，如同点缀着奶油花朵和明红蜡烛的蛋糕，能将快乐与笑容带往冒险所至的每个角落。",
      "IsDefault": false,
      "FrontIcon": "UI_AvatarIcon_KleeCostumeWitch",
      "SideIcon": "UI_AvatarIcon_Side_KleeCostumeWitch"
    },
    {
      "Id": 202900,
      "Name": "轻灵火花",
      "Description": "可莉的装扮款式。与皮制书包自成一套的活泼童装。",
      "IsDefault": true
    }
  ],
  "CultivationItems": [
    104114,
    113011,
    100025,
    112010,
    104303,
    113007
  ],
  "NameCard": {
    "Name": "可莉·爆弹",
    "Description": "名片纹饰。\n可莉的幸运爆弹。仔细观察尾巴，告诉大家，这个是蹦蹦还是嘟嘟可？",
    "Icon": "UI_NameCardIcon_Klee",
    "PicturePrefix": "UI_NameCardPic_Klee"
  }
}