{
  "Id": 10000042,
  "PromoteId": 42,
  "Sort": 5,
  "Body": 2,
  "Icon": "UI_AvatarIcon_Keqing",
  "SideIcon": "UI_AvatarIcon_Side_Keqing",
  "Name": "刻晴",
  "Description": "璃月七星之一，玉衡星。对「帝君一言而决的璃月」颇有微词——但实际上，神挺欣赏她这样的人。",
  "BeginTime": "2020-09-15T04:00:00+08:00",
  "Quality": 5,
  "Weapon": 1,
  "BaseValue": {
    "HpBase": 1020.0524,
    "AttackBase": 25.137,
    "DefenseBase": 62.2232
  },
  "GrowCurves": [
    {
      "Type": 1,
      "Value": 21
    },
    {
      "Type": 4,
      "Value": 31
    },
    {
      "Type": 7,
      "Value": 21
    }
  ],
  "SkillDepot": {
    "Arkhe": 0,
    "Skills": [
      {
        "GroupId": 4231,
        "Proud": {
          "Descriptions": [
            "一段伤害|{param1:F1P}",
            "二段伤害|{param2:F1P}",
            "三段伤害|{param3:F1P}",
            "四段伤害|{param4:F1P}+{param5:F1P}",
            "五段伤害|{param6:F1P}",
            "重击伤害|{param7:F1P}+{param8:F1P}",
            "重击体力消耗|{param9:F1}点",
            "下坠期间伤害|{param10:F1P}",
            "低空/高空坠地冲击伤害|{param11:P}/{param12:P}"
          ],
          "Parameters": [
            {
              "Level": 1,
              "Parameters": [
                0.41022,
                0.41022,
                0.54438,
                0.31476,
                0.344,
                0.66994,
                0.76798,
                0.86,
                25,
                0.639324,
                1.278377,
                1.596762
              ]
            },
            {
              "Level": 2,
              "Parameters": [
                0.44361,
                0.44361,
                0.58869,
                0.34038,
                0.372,
                0.72447,
                0.83049,
                0.93,
                25,
                0.691362,
                1.382431,
                1.726731
              ]
            },
            {
              "Level": 3,
              "Parameters": [
                0.477,
                0.477,
                0.633,
                0.366,
                0.4,
                0.779,
                0.893,
                1,
                25,
                0.7434,
                1.486485,
                1.8567
              ]
            },
            {
              "Level": 4,
              "Parameters": [
                0.5247,
                0.5247,
                0.6963,
                0.4026,
                0.44,
                0.8569,
                0.9823,
                1.1,
                25,
                0.81774,
                1.635134,
                2.04237
              ]
            },
            {
              "Level": 5,
              "Parameters": [
                0.55809,
                0.55809,
                0.74061,
                0.42822,
                0.468,
                0.91143,
                1.04481,
                1.17,
                25,
                0.869778,
                1.739187,
                2.172339
              ]
            },
            {
              "Level": 6,
              "Parameters": [
                0.59625,
                0.59625,
                0.79125,
                0.4575,
                0.5,
                0.97375,
                1.11625,
                1.25,
                25,
                0.92925,
                1.858106,
                2.320875
              ]
            },
            {
              "Level": 7,
              "Parameters": [
                0.64872,
                0.64872,
                0.86088,
                0.49776,
                0.544,
                1.05944,
                1.21448,
                1.36,
                25,
                1.011024,
                2.02162,
                2.525112
              ]
            },
            {
              "Level": 8,
              "Parameters": [
                0.70119,
                0.70119,
                0.93051,
                0.53802,
                0.588,
                1.14513,
                1.31271,
                1.47,
                25,
                1.092798,
                2.185133,
                2.729349
              ]
            },
            {
              "Level": 9,
              "Parameters": [
                0.75366,
                0.75366,
                1.00014,
                0.57828,
                0.632,
                1.23082,
                1.41094,
                1.58,
                25,
                1.174572,
                2.348646,
                2.933586
              ]
            },
            {
              "Level": 10,
              "Parameters": [
                0.8109,
                0.8109,
                1.0761,
                0.6222,
                0.68,
                1.3243,
                1.5181,
                1.7,
                25,
                1.26378,
                2.527025,
                3.15639
              ]
            },
            {
              "Level": 11,
              "Parameters": [
                0.86814,
                0.86814,
                1.15206,
                0.66612,
                0.728,
                1.41778,
                1.62526,
                1.82,
                25,
                1.352988,
                2.705403,
                3.379194
              ]
            },
            {
              "Level": 12,
              "Parameters": [
                0.92538,
                0.92538,
                1.22802,
                0.71004,
                0.776,
                1.51126,
                1.73242,
                1.94,
                25,
                1.442196,
                2.883781,
                3.601998
              ]
            },
            {
              "Level": 13,
              "Parameters": [
                0.98262,
                0.98262,
                1.30398,
                0.75396,
                0.824,
                1.60474,
                1.83958,
                2.06,
                25,
                1.531404,
                3.062159,
                3.824802
              ]
            },
            {
              "Level": 14,
              "Parameters": [
                1.03986,
                1.03986,
                1.37994,
                0.79788,
                0.872,
                1.69822,
                1.94674,
                2.18,
                25,
                1.620612,
                3.240537,
                4.047606
              ]
            },
            {
              "Level": 15,
              "Parameters": [
                1.0971,
                1.0971,
                1.4559,
                0.8418,
                0.92,
                1.7917,
                2.0539,
                2.3,
                25,
                1.70982,
                3.418915,
                4.27041
              ]
            }
          ]
        },
        "Id": 10421,
        "Name": "普通攻击·云来剑法",
        "Description": "<color=#FFD780FF>普通攻击</color>\n进行至多五段的连续剑击。\n\n<color=#FFD780FF>重击</color>\n消耗一定体力，瞬间向前方挥出两剑。\n\n<color=#FFD780FF>下落攻击</color>\n从空中下坠冲击地面，攻击下落路径上的敌人，并在落地时造成范围伤害。",
        "Icon": "Skill_A_01"
      },
      {
        "GroupId": 4232,
        "Proud": {
          "Descriptions": [
            "雷楔伤害|{param1:F1P}",
            "斩击伤害|{param2:P}",
            "雷暴连斩伤害|{param3:F1P}*2",
            "冷却时间|{param4:F1}秒"
          ],
          "Parameters": [
            {
              "Level": 1,
              "Parameters": [
                0.504,
                1.68,
                0.84,
                7.5
              ]
            },
            {
              "Level": 2,
              "Parameters": [
                0.5418,
                1.806,
                0.903,
                7.5
              ]
            },
            {
              "Level": 3,
              "Parameters": [
                0.5796,
                1.932,
                0.966,
                7.5
              ]
            },
            {
              "Level": 4,
              "Parameters": [
                0.63,
                2.1,
                1.05,
                7.5
              ]
            },
            {
              "Level": 5,
              "Parameters": [
                0.6678,
                2.226,
                1.113,
                7.5
              ]
            },
            {
              "Level": 6,
              "Parameters": [
                0.7056,
                2.352,
                1.176,
                7.5
              ]
            },
            {
              "Level": 7,
              "Parameters": [
                0.756,
                2.52,
                1.26,
                7.5
              ]
            },
            {
              "Level": 8,
              "Parameters": [
                0.8064,
                2.688,
                1.344,
                7.5
              ]
            },
            {
              "Level": 9,
              "Parameters": [
                0.8568,
                2.856,
                1.428,
                7.5
              ]
            },
            {
              "Level": 10,
              "Parameters": [
                0.9072,
                3.024,
                1.512,
                7.5
              ]
            },
            {
              "Level": 11,
              "Parameters": [
                0.9576,
                3.192,
                1.596,
                7.5
              ]
            },
            {
              "Level": 12,
              "Parameters": [
                1.008,
                3.36,
                1.68,
                7.5
              ]
            },
            {
              "Level": 13,
              "Parameters": [
                1.071,
                3.57,
                1.785,
                7.5
              ]
            },
            {
              "Level": 14,
              "Parameters": [
                1.134,
                3.78,
                1.89,
                7.5
              ]
            },
            {
              "Level": 15,
              "Parameters": [
                1.197,
                3.99,
                1.995,
                7.5
              ]
            }
          ]
        },
        "Id": 10422,
        "Name": "星斗归位",
        "Description": "迅速投出雷楔，以疾雷之势歼敌。\n雷楔命中时会对小范围内的敌人造成<color=#FFACFFFF>雷元素伤害</color>，并在命中的位置留下雷楔标记。\n\n<color=#FFD780FF>长按</color>\n长按以调整雷楔标记投掷的方向。\n通过长按投出的雷楔，可以悬浮在空中，并使刻晴再次施放星斗归位时跨越地形。\n\n<color=#FFD780FF>雷楔</color>\n在雷楔的持续期间内，刻晴再次施放星斗归位或施展重击时，会清除雷楔标记并造成不同的效果：\n·再次施放星斗归位时，瞬移到标记处进行一次斩击，造成<color=#FFACFFFF>雷元素范围伤害</color>。瞬移至长按投掷的雷楔处时，可以跨越地形障碍；\n·施展重击时，在标记处引发雷暴连斩，造成数次<color=#FFACFFFF>雷元素范围伤害</color>。\n\n<i>「人像是蛾子，总奔着名叫神仙的火光而去。但是我这光是自己点的。」</i>",
        "Icon": "Skill_S_Keqing_01"
      }
    ],
    "EnergySkill": {
      "GroupId": 4239,
      "Proud": {
        "Descriptions": [
          "技能伤害|{param1:F1P}",
          "连斩伤害|{param2:F1P}*8",
          "最后一击伤害|{param3:P}",
          "冷却时间|{param4:F1}秒",
          "元素能量|{param5:I}"
        ],
        "Parameters": [
          {
            "Level": 1,
            "Parameters": [
              0.88,
              0.24,
              1.888,
              12,
              40
            ]
          },
          {
            "Level": 2,
            "Parameters": [
              0.946,
              0.258,
              2.0296,
              12,
              40
            ]
          },
          {
            "Level": 3,
            "Parameters": [
              1.012,
              0.276,
              2.1712,
              12,
              40
            ]
          },
          {
            "Level": 4,
            "Parameters": [
              1.1,
              0.3,
              2.36,
              12,
              40
            ]
          },
          {
            "Level": 5,
            "Parameters": [
              1.166,
              0.318,
              2.5016,
              12,
              40
            ]
          },
          {
            "Level": 6,
            "Parameters": [
              1.232,
              0.336,
              2.6432,
              12,
              40
            ]
          },
          {
            "Level": 7,
            "Parameters": [
              1.32,
              0.36,
              2.832,
              12,
              40
            ]
          },
          {
            "Level": 8,
            "Parameters": [
              1.408,
              0.384,
              3.0208,
              12,
              40
            ]
          },
          {
            "Level": 9,
            "Parameters": [
              1.496,
              0.408,
              3.2096,
              12,
              40
            ]
          },
          {
            "Level": 10,
            "Parameters": [
              1.584,
              0.432,
              3.3984,
              12,
              40
            ]
          },
          {
            "Level": 11,
            "Parameters": [
              1.672,
              0.456,
              3.5872,
              12,
              40
            ]
          },
          {
            "Level": 12,
            "Parameters": [
              1.76,
              0.48,
              3.776,
              12,
              40
            ]
          },
          {
            "Level": 13,
            "Parameters": [
              1.87,
              0.51,
              4.012,
              12,
              40
            ]
          },
          {
            "Level": 14,
            "Parameters": [
              1.98,
              0.54,
              4.248,
              12,
              40
            ]
          },
          {
            "Level": 15,
            "Parameters": [
              2.09,
              0.57,
              4.484,
              12,
              40
            ]
          }
        ]
      },
      "Id": 10425,
      "Name": "天街巡游",
      "Description": "爆发雷电的力量，造成范围<color=#FFACFFFF>雷元素伤害</color>。\n随后隐入剑影中，对周围的敌人进行如同迅雷霆霓般疾速的连斩，造成多段<color=#FFACFFFF>雷元素伤害</color>，并在最后一击时造成高额<color=#FFACFFFF>雷元素范围伤害</color>。\n\n<i>刻晴自己剑术中最为迅捷的一招，可将诸星斩落。</i>",
      "Icon": "Skill_E_Keqing_01"
    },
    "Inherents": [
      {
        "GroupId": 4221,
        "Proud": {
          "Descriptions": [],
          "Parameters": [
            {
              "Level": 1,
              "Parameters": [
                5
              ]
            }
          ]
        },
        "Id": 422101,
        "Name": "抵天雷罚",
        "Description": "雷楔存在期间再次施放<color=#FFD780FF>星斗归位</color>后的5秒内，刻晴获得<color=#FFACFFFF>雷元素附魔</color>。",
        "Icon": "UI_Talent_S_Keqing_05"
      },
      {
        "GroupId": 4222,
        "Proud": {
          "Descriptions": [],
          "Parameters": [
            {
              "Level": 1,
              "Parameters": [
                0.15,
                0.15,
                8
              ]
            }
          ]
        },
        "Id": 422201,
        "Name": "玉衡之贵",
        "Description": "施放<color=#FFD780FF>天街巡游</color>时，刻晴的暴击率提升15%，元素充能效率提升15%，持续8秒。",
        "Icon": "UI_Talent_S_Keqing_06"
      },
      {
        "GroupId": 4223,
        "Proud": {
          "Descriptions": [],
          "Parameters": [
            {
              "Level": 1,
              "Parameters": []
            }
          ]
        },
        "Id": 422301,
        "Name": "总务土地",
        "Description": "在璃月执行探索派遣任务时，消耗的时间缩短25%。",
        "Icon": "UI_Talent_Expedition_Liyue"
      }
    ],
    "Talents": [
      {
        "Id": 421,
        "Name": "雷厉",
        "Description": "雷楔存在期间再次施放<color=#FFD780FF>星斗归位</color>时，在刻晴消失与出现的位置造成50%攻击力的<color=#FFACFFFF>雷元素范围伤害</color>。",
        "Icon": "UI_Talent_S_Keqing_01"
      },
      {
        "Id": 422,
        "Name": "苛捐",
        "Description": "刻晴普通攻击与重击命中受到<color=#FFACFFFF>雷元素</color>影响的敌人时，有50%几率产生一个元素微粒。\n该效果每5秒只能触发一次。",
        "Icon": "UI_Talent_S_Keqing_02"
      },
      {
        "Id": 423,
        "Name": "登楼",
        "Description": "<color=#FFD780FF>天街巡游</color>的技能等级提高3级。\n至多提升至15级。",
        "Icon": "UI_Talent_U_Keqing_01",
        "ExtraLevel": {
          "Index": 9,
          "Level": 3
        }
      },
      {
        "Id": 424,
        "Name": "调律",
        "Description": "刻晴触发<color=#FFACFFFF>雷元素相关反应</color>后的10秒内，攻击力提升25%。",
        "Icon": "UI_Talent_S_Keqing_03"
      },
      {
        "Id": 425,
        "Name": "移灯",
        "Description": "<color=#FFD780FF>星斗归位</color>的技能等级提高3级。\n至多提升至15级。",
        "Icon": "UI_Talent_U_Keqing_02",
        "ExtraLevel": {
          "Index": 2,
          "Level": 3
        }
      },
      {
        "Id": 426,
        "Name": "廉贞",
        "Description": "进行普通攻击、重击、施放元素战技或元素爆发时，刻晴获得6%<color=#FFACFFFF>雷元素伤害加成</color>，持续8秒。\n由普通攻击、重击、元素战技或元素爆发引起的效果分别独立存在。",
        "Icon": "UI_Talent_S_Keqing_04"
      }
    ]
  },
  "FetterInfo": {
    "Title": "霆霓快雨",
    "Detail": "璃月七星之一，玉衡星。对「帝君一言而决的璃月」颇有微词——但实际上，神挺欣赏她这样的人。",
    "Association": 2,
    "Native": "璃月七星",
    "BirthMonth": 11,
    "BirthDay": 20,
    "VisionBefore": "雷",
    "ConstellationBefore": "金紫定垂座",
    "CvChinese": "谢莹",
    "CvJapanese": "喜多村英梨",
    "CvEnglish": "凯莉·米尔斯",
    "CvKorean": "李甫熙",
    "CookBonus": {
      "OriginItemId": 108108,
      "ItemId": 108145,
      "InputList": [
        100084,
        100077
      ]
    },
    "Fetters": [
      {
        "Title": "初次见面…",
        "Context": "我是刻晴，璃月七星中的「玉衡」。变革的时机已经到来，维持了千年的秩序即将被改写。这历史性的时刻，你愿意和我一起见证吗？"
      },
      {
        "Title": "闲聊·耽误",
        "Context": "耽误太多时间，事情可就做不完了。"
      },
      {
        "Title": "闲聊·放松",
        "Context": "劳逸结合是不错，但也别放松过头。"
      },
      {
        "Title": "闲聊·机会",
        "Context": "无论是冒险还是做生意，机会都稍纵即逝。"
      },
      {
        "Title": "下雨的时候…",
        "Context": "好大的雨…真耽误事。所以说他们的工作，明明昨天就能做完，为什么要拖到今天？"
      },
      {
        "Title": "打雷的时候…",
        "Context": "电闪雷鸣虽然有点吓人，但璃月港的防雷防火工事是一流的，不用担心。"
      },
      {
        "Title": "下雪的时候…",
        "Context": "没关系，继续前进吧。这种程度的雪，算不了什么。"
      },
      {
        "Title": "阳光很好…",
        "Context": "啊…天气这么好，工作又正好告一段落，要不要…去逛逛街呢？"
      },
      {
        "Title": "早上好…",
        "Context": "早安，早上的状态会为一天奠定基调，就算仍有困意，也要强迫自己打起精神来！"
      },
      {
        "Title": "中午好…",
        "Context": "我没有午休的习惯，不过如果你累了，就去休息吧，三分钟之后我会叫醒你的。"
      },
      {
        "Title": "晚上好…",
        "Context": "夜幕降临，灯火初上。嗯——又是安宁祥和的一天呢。"
      },
      {
        "Title": "晚安…",
        "Context": "祝你好梦。我吗？…嗯，还有十来件事要处理，做完就能休息了。"
      },
      {
        "Title": "关于刻晴自己·理念",
        "Context": "觉得自己是正确的，就要大声地说出来，坚决地去行动——这是我一直以来都贯彻的人生理念。"
      },
      {
        "Title": "关于刻晴自己·本职",
        "Context": "我的本职工作，是管理土地与建设。璃月幅员辽阔，物产丰饶，但若是缺乏合理规划，只重视眼前利益，就没办法抵抗风险。"
      },
      {
        "Title": "关于刻晴自己·质疑",
        "Context": "在你看来，支撑璃月走过千年，最重要的东西是什么？\n…帝君？…我不这么觉得，因为必须依靠努力才能生存下去的，终究是我们人类啊。高高在上的他却要介入一切。哼，说句不好听的，他真的什么都懂吗？"
      },
      {
        "Title": "关于刻晴自己·反思",
        "Context": "真的接手璃月的各种事务之后，才深感帝君千年来的辛劳。最近我遇上的棘手问题数不胜数，我总会不自觉地去想：「若是帝君，这时候会怎么做呢？」说不定，他真的什么都懂，是我太不成熟了…"
      },
      {
        "Title": "关于我们·追寻",
        "Context": "我很欣赏你，面对神明，不笃信，不盲从，随时保持独立思考，有问题就大胆问出来，没有答案就会一直追寻下去。别不好意思，这才是正确的态度，毕竟，谁又能保证，神就不会犯错呢？"
      },
      {
        "Title": "关于我们·尝试",
        "Context": "这没什么难的，你试试就知道了。如果试过以后还不行的话…？不，你从没让我失望过，所以我相信你不是那样的人。"
      },
      {
        "Title": "关于我们·鼓励",
        "Context": "过去的我太天真了。想要和帝君相提并论，我…真的有这个资格吗？…欸？嗯…你说得对，明明在其他事情上都很有自信，为什么我会为这件事烦恼。与其在这里垂头丧气，不如多做多学，努力追上他！"
      },
      {
        "Title": "关于「神之眼」·质疑",
        "Context": "都说「神之眼」是神的认可，我才不需要这种东西。不如说我还有点生气呢！就像我一直以来的工作成果，都是多亏了神的力量一样。明明是我自己的功劳，和神才没什么关系。"
      },
      {
        "Title": "关于「神之眼」·反思",
        "Context": "原来…帝君是想让我用超乎常人的力量，去带领大家。哼，就算没有这份认可，我也可以把工作做得很好！等…等着看吧！我不会让他失望的！"
      },
      {
        "Title": "有什么想要分享·倡议",
        "Context": "除开「璃月七星」的工作，我也会做很多公益方面的事，大多数的反响都还不错。但类似「每天多工作一个时辰」这样的倡议，就遇到了不小的阻力…唉，看来想法还是太超前了，要不然，下次改成半个时辰试试吧。"
      },
      {
        "Title": "有什么想要分享·纪念品",
        "Context": "帝君的纪念品？你该不会觉得，我的房间里都是这种东西吧？我早就不是小女孩了！虽然…呃，确实是新买了几个帝君的土偶，但、但这些都是用来自我提醒的！和崇拜，仰慕什么的，通通没关系！"
      },
      {
        "Title": "感兴趣的见闻…",
        "Context": "我听过一则流传在蒙德的故事：勇气让小鸟学会了飞翔。不过，应该是先有对浩瀚天空无与伦比的向往，才会有振翅的冲动与勇气吧。对我来说，璃月，就是那片天空。"
      },
      {
        "Title": "关于钟离…",
        "Context": "那位「往生堂」的先生，确实博学多才，令人敬佩，但他的思维方式，终究还是太像帝君的那一套了…如果他更有主见的话，将他招揽到我的身边做事，一定会大有帮助。"
      },
      {
        "Title": "关于北斗…",
        "Context": "这位船长总是漠视规则，性格令人头疼，可她的「南十字」船队，对璃月港来说又是必不可少的。如何平衡规则和利益，也是一门艺术。哎呀，只不过那位负责律法的「天权」，可有的忙了。"
      },
      {
        "Title": "关于凝光·矛盾",
        "Context": "我和她虽然是同事，但性子真的合不来。在她的眼里，璃月港不过是她的生意场，只要是能赚钱的事，她什么都做。这岂不是太没原则了？唔…还是说，这就是她的原则？"
      },
      {
        "Title": "关于凝光·合作",
        "Context": "帝君离开之后，我们难得地达成了很多共识。过去我对她的评价，确实有点偏颇。尽管根本的观念不同，但在现在的时局下，也只能把她视为战友了。"
      },
      {
        "Title": "关于凝光·琐事",
        "Context": "话虽这么说！明星斋的「琉璃新月」，我提前三个月就预定了！结果去取货的时候才知道，凝光她用两倍的价钱，把这几个月里所有的「琉璃新月」都买走了！果然我还是受不了她！"
      },
      {
        "Title": "关于辛焱…",
        "Context": "其实我也对她的「摇滚」很感兴趣。从传统文化的视角看，确实有点喧闹，但我不在乎。好听就是好听，好听的东西就应该发扬光大。"
      },
      {
        "Title": "关于白术…",
        "Context": "白术先生的医术备受居民的信赖，如果有什么疑难杂症，去找他肯定不会有错。你说…那些奇怪的传闻？我只知道有一件事是真的，他开的药，确实特别苦，不止是小孩子觉得…给我都留下了很深刻的印象。"
      },
      {
        "Title": "关于香菱…",
        "Context": "「万民堂」的这位年轻掌勺，我知道她很有才华，但发挥还是太不稳定了。以前本来想找她定制几桌宴席的，可是尝过她蜥蜴还有史莱姆的试菜之后…我就打消了这个念头。"
      },
      {
        "Title": "关于行秋…",
        "Context": "我听说过他的故事，明明出身名门望族，却不爱家族事业，喜欢去外面行侠仗义。我很欣赏他，毕竟，把家里的条条框框丢到一边，执意去做心中认为正确的事，这种魄力，可不是谁都有的。"
      },
      {
        "Title": "关于魈…",
        "Context": "传闻中的少年仙人，现如今在这人治之世，也应该放下身上的重担了吧。人类已经不需要这样的守护了，就算遇上什么棘手的难题，我们也有自行解决的能力。"
      },
      {
        "Title": "关于甘雨·质疑",
        "Context": "我也不知道帝君当年做了什么，才会让甘雨对他这么忠心耿耿。不过，没主见也有没主见的好处——至少，就算是心中颇有微词，她也会按我说的去做，很有职业素养。"
      },
      {
        "Title": "关于甘雨·反思",
        "Context": "因为最近有很多事都拿不定主意，我经常去向她询问意见，毕竟，她可能是璃月最熟悉帝君的人了。唉，想起以前，在她面前说了很多得罪帝君的话，还是有点不好意思，不过，她似乎没那么介意，这让我松了口气…"
      },
      {
        "Title": "关于云堇…",
        "Context": "路过和裕茶馆的时候，如果发现被围得水泄不通，那一定就是云堇正在台上唱戏。许多商人都觉得，只是为了云堇，就值得把整个茶馆都买下来。"
      },
      {
        "Title": "关于风之神…",
        "Context": "帝君离去之后，我一直都在思考，璃月港的未来该怎么走。除了参考帝君以前的行动，我还去研究了其他神明的治世手段。可是，邻国蒙德就让我很是困惑…像风之神这种做法，真的能让蒙德长久吗？"
      },
      {
        "Title": "关于烟绯…",
        "Context": "在我看来，律法是对过去「正确事物」的总结，但也具有时效性，需要不断完善和改进。璃月即将迎来剧变，熟知律法的人才不可多得，要是烟绯小姐愿意担任我的助手，许多麻烦就迎刃而解了。"
      },
      {
        "Title": "关于夜兰…",
        "Context": "夜兰小姐的祖辈曾为七星效力，我的祖父也曾与她的家族有过学术合作。总体来说，她办事可靠，干净利落，时常为总务司提供重要的情报。虽然我也不清楚，夜兰小姐究竟是从哪听说这些消息的。"
      },
      {
        "Title": "关于蓝砚…",
        "Context": "蓝师傅为人谦和，手艺精湛，往后总务司或有更多推广民间工艺的筹划，还要仰赖像她这样的手工大师支持。欸…抛开工作不谈？那自然也很欢迎她多来璃月港玩，我们应该挺聊得来的。"
      },
      {
        "Title": "想要了解刻晴·其一",
        "Context": "想要了解我？好啊，那我先把「玉衡」的工作原则讲给你听，等你熟记了这一百多条关键条目，就一定对我的理想了如指掌了！"
      },
      {
        "Title": "想要了解刻晴·其二",
        "Context": "万事万物都不可脱离联系独立存在，倘若一件事拖了后腿，与它联系的诸多事项也都会遭殃。所以，「今日事今日毕」。不是我性子急，而是事情本来就不能拖延。"
      },
      {
        "Title": "想要了解刻晴·其三",
        "Context": "不用和我太客气，「玉衡」说到底只是虚名，我不希望你因为我的身份，而把想说的话藏在心里——因为有话直说，这才是你独一无二的地方，也是我最欣赏的地方。"
      },
      {
        "Title": "想要了解刻晴·其四",
        "Context": "和你一起冒险，已经很长时间了。我越来越觉得，你就是我理想中的那个人——欸？这么吃惊干什么？为了建成我理想中的璃月，你的确是不可或缺的啊？"
      },
      {
        "Title": "想要了解刻晴·其五",
        "Context": "「想要在帝君的土地上，留下属于人类的印记。」这果然很不容易啊。但我想和你定下一个约定——等到新时代的璃月港落成之时，来看看吧，我来领路。只有让你亲眼见证这里的脱胎换骨，才不会辜负你对我的陪伴和支持。"
      },
      {
        "Title": "刻晴的爱好…",
        "Context": "这么多式样、这么多质地、这么多选择…啊，这就是「消费」呀，真是令人难以抵御的魅力。"
      },
      {
        "Title": "刻晴的烦恼…",
        "Context": "璃月人的生活越来越好，这确实没错，但不思进取，好吃懒做的人也越来越多了。唉，「璃月七星」很努力地改善社会福利，可不是为了养活这帮闲人啊。"
      },
      {
        "Title": "喜欢的食物…",
        "Context": "从道理上说，不应该对食物有什么贪欲，但唯独那一道美味的金丝虾球…总是让我忘不了。哪怕就吃一个，也能满足味蕾，扫清身上积累的所有压力。"
      },
      {
        "Title": "讨厌的食物…",
        "Context": "每种菜肴都有最理想的味道，我不能接受除此以外的做法，尝试都不行。比如，咸味的杏仁豆腐，甜味的莲子禽蛋羹什么的…都是在暴殄天物！"
      },
      {
        "Title": "收到赠礼·其一",
        "Context": "没错，正是我喜欢的。"
      },
      {
        "Title": "收到赠礼·其二",
        "Context": "味道中规中矩，但你的努力值得肯定。"
      },
      {
        "Title": "收到赠礼·其三",
        "Context": "和理想中的味道有些差距…"
      },
      {
        "Title": "生日…",
        "Context": "生日快乐！我为你准备了一份特别的礼物。别看这只是一盏普普通通的灯，只要有一点点雷元素力，就可以点亮很长时间。在你需要光的时候，就用它吧。"
      },
      {
        "Title": "突破的感受·起",
        "Context": "心有所向，日复一日，必有精进。"
      },
      {
        "Title": "突破的感受·承",
        "Context": "很好，在需要随机应变的时候，又多了一种选择。"
      },
      {
        "Title": "突破的感受·转",
        "Context": "「昨天的经历都将成为明天的力量。」而这一切，都是与你同行的收获。"
      },
      {
        "Title": "突破的感受·合",
        "Context": "能和你一路结伴而行，我感觉受益匪浅。如果真的有一天，我抵达了理想中的终点…我的身边，还会有你陪伴吗？"
      },
      {
        "Title": "元素战技·其一",
        "Context": "去吧！"
      },
      {
        "Title": "元素战技·其二",
        "Context": "迅影如剑！"
      },
      {
        "Title": "元素战技·其三",
        "Context": "可别眨眼。"
      },
      {
        "Title": "元素战技·其四",
        "Context": "喝啊——！"
      },
      {
        "Title": "元素战技·其五",
        "Context": "嘿！"
      },
      {
        "Title": "元素战技·其六",
        "Context": "哈！"
      },
      {
        "Title": "元素爆发·其一",
        "Context": "无处可逃！"
      },
      {
        "Title": "元素爆发·其二",
        "Context": "剑出，影随——"
      },
      {
        "Title": "元素爆发·其三",
        "Context": "剑光如我，斩尽芜杂！"
      },
      {
        "Title": "打开宝箱·其一",
        "Context": "一份付出，一份收获。"
      },
      {
        "Title": "打开宝箱·其二",
        "Context": "不错的珍宝。"
      },
      {
        "Title": "打开宝箱·其三",
        "Context": "收纳完毕，就重新出发吧。"
      },
      {
        "Title": "生命值低·其一",
        "Context": "以退为进…"
      },
      {
        "Title": "生命值低·其二",
        "Context": "有点轻敌了。"
      },
      {
        "Title": "生命值低·其三",
        "Context": "调整战略吧。"
      },
      {
        "Title": "同伴生命值低·其一",
        "Context": "先避避风头，让我来！"
      },
      {
        "Title": "同伴生命值低·其二",
        "Context": "别太冒失了！"
      },
      {
        "Title": "倒下·其一",
        "Context": "时机…不对。"
      },
      {
        "Title": "倒下·其二",
        "Context": "太不甘心了…"
      },
      {
        "Title": "倒下·其三",
        "Context": "辜负了…期待。"
      },
      {
        "Title": "普通受击·其一",
        "Context": "唔…可恶。"
      },
      {
        "Title": "普通受击·其二",
        "Context": "小伤而已。"
      },
      {
        "Title": "重受击·其一",
        "Context": "只是巧合…"
      },
      {
        "Title": "加入队伍·其一",
        "Context": "走吧，时间紧迫。"
      },
      {
        "Title": "加入队伍·其二",
        "Context": "是突发事件吗？"
      },
      {
        "Title": "加入队伍·其三",
        "Context": "速战速决。"
      }
    ],
    "FetterStories": [
      {
        "Title": "角色详细",
        "Context": "岩王帝君为璃月港带来繁荣昌盛，他的治世威名化作演义传记为人津津乐道。然而，身为离神最近的人之一，刻晴似乎是最缺乏敬畏心的那个。\n「哼，说句不好听的，摩拉克斯他真的什么都懂吗？」\n璃月七星随时关注着港内的大小事情，岩王帝君每年却只降临一次。\n千年历史已经证明追随帝君的脚步是正确之举，但刻晴始终认为，生而为「人」就该有「人」的骄傲，「人」的想法同样该被重视。\n因此，她经常发表与帝君不同的意见，并一马当先地将其付诸实践。\n如此激进的做法确实取得了不少杰出成果，但也引来了诸多岩王帝君虔诚信徒的反对声。\n这种反对在刻晴看来，无非是偷懒的借口——习惯于活在神明庇护之下，永不会主动思考人类的前景。\n可总有一个人要走在时代最前沿，亲手开创新的道路。玉衡星，自然当仁不让。"
      },
      {
        "Title": "角色故事1",
        "Context": "刻晴出身名门望族。关于岩王帝君对璃月人民产生的影响，她的认识比大多数人都要深刻。\n宛如一个轮回，每隔几年，请仙典仪过后璃月商界便会发生巨大动荡。帝君新公布的决策，总令几家欢喜几家愁。\n贫穷的人盼着借此机会大赚一笔，富有的人祈祷风向变化不会影响自家产业。比起对经济建设的考量，商人们更热衷于信仰型投资。\n在当下的璃月，这一选择无可厚非。帝君神权强大，依靠他就能衣食无忧。\n刻晴对此则始终抱有顾虑：假如某一天帝君不再履行这份职责，璃月又将何去何从？\n眼下璃月港的繁荣，就像沙滩上的宏伟沙堡。决定大海是否涨潮的，却不是人类自己。\n然而，刻晴无法得到多数派的支持。在旁人看来，凡人的一生对璃月历史而言不过须臾，何必杞人忧天。\n刻晴认为这一懒惰又懦弱的念头否定了整个人类族群的存在价值。可如果人类的存在没有意义，他们凭什么为神所爱？\n带着恨铁不成钢的心情，她勇敢地选择了质疑——质疑帝君的溺爱，质疑人民的懒惰，质疑社会的运转方式。\n与人类命运相关的事，应当由人类去做。而且，人类一定可以做得更好。\n终于，她在请仙典仪上说出了著名的发言。\n「帝君已经守护了璃月千年，但下一个千年，十个千年，一百个千年，也会是如此吗？」\n听见这句话，帝君留下了意味深长的笑声。至于其含义究竟如何，恐怕只有帝君自己知道了。"
      },
      {
        "Title": "角色故事2",
        "Context": "或许有人跟得上刻晴的想法，但没有人跟得上她的步伐。\n或许是希望成为人民的表率，她时刻要求自己要拿出常人数倍的努力，同时，她也非常看不惯一切「懒惰」与「低效」。\n人类的权能和寿命都不如神明，若还被惰性与踌躇绊住脚步，取代神明当家做主的那一天便永远不会到来。\n也正因为这种想法，她的行事步调总是无法与周围人统一。\n完成工作之前，她是不会休息的。哪怕是一件需要半个月才能解决的事，她也会想尽办法压缩周期，赶在一两天里完成。\n刻晴所说的完成不只局限于做完，而是完成与此事有关的一切细节。在旁人眼中，她总是高效又完美。\n然而，并非所有人都拥有刻晴般强大的主观能动力。协助刻晴工作的人，没有一个能坚持超过三个月。\n刻晴收到过无数进谏，劝她不要那么急躁，每次都被她冷酷驳回了。\n不过，刻晴多少也意识到，人员频繁调换本身便是一种低效的体现。她还是做出了一些让步。\n如今，要是看到刻晴的协助者筹备着三五年后的事，也请不要感到奇怪——刻晴只是让他们走在前面，她随后就到。"
      },
      {
        "Title": "角色故事3",
        "Context": "「昨天的经历都将成为明天的力量。」这是刻晴的人生信条之一。\n仅是待在玉京台，就只能看到一成不变的风景。想要拥有雷霆般的判断力与执行力，便需要大量经验。\n只要是刻晴认为有价值的事，她一定会亲手操办。例如某一次为了拟定工人待遇改善计划，她亲赴现场，体验了足足两个月工人生活。\n很难想象，这位位高权重的少女在层岩巨渊拉过车，帮南码头的工人夯过土，在小餐馆里跑过堂。\n工作之余，她还随手搜集证据，举报了一个压榨工人的黑心恶霸。\n恶霸被捕时，全然不知自己因何落网。他被千岩军押送审问厅，在那里看见了一名英气勃发、身着华服的少女。\n「我…我们是不是在哪里见过？」\n话一出口，他自己都感到莫名其妙。\n因为，一旁的千岩军是这样介绍那位少女的：「那位可是璃月七星的玉衡星，少套近乎！」\n——是啊，怎么可能呢？"
      },
      {
        "Title": "角色故事4",
        "Context": "岩王帝君的离去使璃月港陷入了一段相当艰难的时期。原本由帝君全权监管的事务，尽数分配到七星八门手中。\n神治已成为旧时残影，遗留的老规矩自然不能全盘照搬。可要为历史长达数千年的璃月重新制定规则，难度不可估量。\n起初，刻晴兴奋无比。她早已做好准备，期待着大展拳脚的一天。却没想到几个月过去，她仍困于单一的工作中，为土地基建忙昏了头。\n不论如何奋斗，堆积的事务仍如泥潭一般紧裹着她。即便有所建树，也不过是从前的帝君亦能轻松做到的事。\n「为什么只能做到这种程度，为什么…做不到更好？」\n原因她当然明白…事实上，她早已认识到真相。\n即使自己的「不敬」，甚至能够受到神灵的认可…那也不意味着目前的自己，就有能力「取而代之」。\n不过，她毕竟是坚定又顽强的刻晴。\n自那日起，她闭门不出，埋头于各色典籍，再次学习一切所需知识。她将自己放到最低，以全然接受的姿态面对所有未知。\n于此期间，她沉敛心神，逐渐摒弃心中长久以来与岩王帝君的「对抗」意识。\n帝君与刻晴，都只是为这千年璃月而奔走——爱着同一件事物的人，断然没有两立的道理。\n过去那场请仙典仪上，帝君神秘的笑脸，似乎有了解释。刻晴想，那也许是一种认可与期待的笑容。\n现今的她并未失去雷厉风行的风格，不过迷茫时，她也会停下脚步想一想：「若是帝君，这时会怎么做呢？」"
      },
      {
        "Title": "角色故事5",
        "Context": "将绝大部分精力奉献给璃月港的刻晴，闲暇时竟会采取一种旁人难以预料的消遣方式——消费。\n休息日，她会换上朴素的衣裳，约上三两好友，漫步在绯云坡与吃虎岩，享受购物乐趣。\n帝君离去后，越发繁忙的刻晴依然保留这一解压方法。只不过，其中依稀产生了一点变化。\n一次逛街途中，她偶然瞥见路边一个不起眼的小摊上摆着岩王帝君的二头身土偶。\n刻晴当机立断，找借口把好友们支到街对面丝绸铺里，自己来到摊前，将帝君的土偶拿在手里仔细端详。\n她知道绝不能在这件事上浪费太多时间，便小心翼翼地观察四周。确定不引人注目后，购买、付款、取货一气呵成。\n将土偶收进包里，刻晴才长舒一口气，露出暖洋洋的微笑。正在此时，一个抱着丝绸的朋友拍了拍她。\n事情最终暴露了。大家都很诧异，刻晴分明是最不敬神的人，为什么会购买帝君的土偶呢？\n「我、我买这个只是为了自省！没什么不行的吧！」\n「自省」一说姑且解释得通。但事实上，这类「自省」用的小物件，刻晴已经不知不觉地买了一整柜。"
      },
      {
        "Title": "绝境求生发簪",
        "Context": "贵族大小姐出身的刻晴目前保持着身份所需最低限度的奢华，以匹配她璃月七星的地位。\n而在繁荣市井之外，她常常会深入荒无人烟之地，博物强识，磨砺意志。\n她曾亲历无数险境，但与冒险家和背包客不同的是，她的征程上没有大包小袋，只有发簪与佩剑形影不离。\n只要附着雷元素力，发簪就能化为一柄锐利无比的小刀。割草砍柴自不用说，为猎物剥皮剔骨之类粗活也是小菜一碟。\n若是遇上高低落差过大的地势，只需将发簪钉入地面，绑上藤条，就能轻松速降。\n在野外露宿时，睡前将发簪颠倒直立于地面，就是极为敏锐的警报装置，只要身边有异常的风吹草动，它就能马上唤醒刻晴。\n甚至当肚子饿了，刻晴只需向水中扔出发簪，总有几条倒霉的鱼被电晕过去——连烤鱼的竹签都不用准备了。\n若是有没见识的人调侃刻晴的发簪稍显陈旧，品相不佳，她不仅不生气，还会表现得格外骄傲。\n「它沾染风霜的模样，才是最有魅力的。」"
      },
      {
        "Title": "神之眼",
        "Context": "在不敬重「神之眼」这件事上，刻晴恐怕也是独一无二。\n刻晴深知，她的一切成就分明是靠自身努力所得，落在旁人眼里，反倒成了「神之眼」的功劳。\n她不得不认为，这枚紫色晶体夺走了本属于她的骄傲，是神给予她的挑衅与侮辱。\n为了破坏「神之眼」，她尝试了无数办法：以大火焚烧三天三夜，用装满石头的矿车碾过，或是直接从群玉阁扔出去。\n可惜，上述这些均以失败告终。\n刻晴无计可施，但也不想它落于贼人之手，最终还是勉强接受了这枚属于她的「神之眼」。\n岁月流转，刻晴逐渐认可了「神之眼」。她意识到这件物品并未被神之意识寄宿，还在许多事上提供了实用帮助，因而决定活用这股力量。\n「比力量来源更重要的，是力量的驱使者。」\n无论曾经如何看待「神之眼」，如今这份力量已是刻晴不可缺少的一部分了。\n幸好当年没有破坏掉，不然，她一定会后悔莫及——谁让她是实用主义者呢？"
      }
    ]
  },
  "Costumes": [
    {
      "Id": 204201,
      "Name": "霓裾翩跹",
      "Description": "刻晴的礼服装扮。于海灯节之良辰美景中，往日辛劳浓墨所绘的线条，交织成今夜轻盈而瑰丽的容姿。",
      "IsDefault": false,
      "FrontIcon": "UI_AvatarIcon_KeqingCostumeFeather",
      "SideIcon": "UI_AvatarIcon_Side_KeqingCostumeFeather"
    },
    {
      "Id": 204200,
      "Name": "雷雳寰宇",
      "Description": "刻晴的装扮款式。用料华贵的飒爽裙装。",
      "IsDefault": true
    }
  ],
  "CultivationItems": [
    104144,
    113002,
    100058,
    112040,
    104312,
    113007
  ],
  "NameCard": {
    "Name": "刻晴·雷楔",
    "Description": "名片纹饰。\n其实一开始这个是为了目测土地使用情况，方便登高而发明的。",
    "Icon": "UI_NameCardIcon_Keqing",
    "PicturePrefix": "UI_NameCardPic_Keqing"
  }
}