{
  "Id": 10000031,
  "PromoteId": 31,
  "Sort": 14,
  "Body": 2,
  "Icon": "UI_AvatarIcon_Fischl",
  "SideIcon": "UI_AvatarIcon_Side_Fischl",
  "Name": "菲谢尔",
  "Description": "自称「断罪之皇女」，与名为奥兹的漆黑夜鸦同行的神秘少女。",
  "BeginTime": "2020-09-15T04:00:00+08:00",
  "Quality": 4,
  "Weapon": 12,
  "BaseValue": {
    "HpBase": 770.4634,
    "AttackBase": 20.4792,
    "DefenseBase": 49.78575
  },
  "GrowCurves": [
    {
      "Type": 1,
      "Value": 22
    },
    {
      "Type": 4,
      "Value": 32
    },
    {
      "Type": 7,
      "Value": 22
    }
  ],
  "SkillDepot": {
    "Arkhe": 0,
    "Skills": [
      {
        "GroupId": 3131,
        "Proud": {
          "Descriptions": [
            "一段伤害|{param1:F1P}",
            "二段伤害|{param2:F1P}",
            "三段伤害|{param3:F1P}",
            "四段伤害|{param4:F1P}",
            "五段伤害|{param5:F1P}",
            "瞄准射击|{param6:F1P}",
            "满蓄力瞄准射击|{param7:P}",
            "下坠期间伤害|{param8:F1P}",
            "低空/高空坠地冲击伤害|{param9:P}/{param10:P}"
          ],
          "Parameters": [
            {
              "Level": 1,
              "Parameters": [
                0.44118,
                0.46784,
                0.58136,
                0.57706,
                0.72068,
                0.4386,
                1.24,
                0.568288,
                1.136335,
                1.419344
              ]
            },
            {
              "Level": 2,
              "Parameters": [
                0.47709,
                0.50592,
                0.62868,
                0.62403,
                0.77934,
                0.4743,
                1.333,
                0.614544,
                1.228828,
                1.534872
              ]
            },
            {
              "Level": 3,
              "Parameters": [
                0.513,
                0.544,
                0.676,
                0.671,
                0.838,
                0.51,
                1.426,
                0.6608,
                1.32132,
                1.6504
              ]
            },
            {
              "Level": 4,
              "Parameters": [
                0.5643,
                0.5984,
                0.7436,
                0.7381,
                0.9218,
                0.561,
                1.55,
                0.72688,
                1.453452,
                1.81544
              ]
            },
            {
              "Level": 5,
              "Parameters": [
                0.60021,
                0.63648,
                0.79092,
                0.78507,
                0.98046,
                0.5967,
                1.643,
                0.773136,
                1.545944,
                1.930968
              ]
            },
            {
              "Level": 6,
              "Parameters": [
                0.64125,
                0.68,
                0.845,
                0.83875,
                1.0475,
                0.6375,
                1.736,
                0.826,
                1.65165,
                2.063
              ]
            },
            {
              "Level": 7,
              "Parameters": [
                0.69768,
                0.73984,
                0.91936,
                0.91256,
                1.13968,
                0.6936,
                1.86,
                0.898688,
                1.796995,
                2.244544
              ]
            },
            {
              "Level": 8,
              "Parameters": [
                0.75411,
                0.79968,
                0.99372,
                0.98637,
                1.23186,
                0.7497,
                1.984,
                0.971376,
                1.94234,
                2.426088
              ]
            },
            {
              "Level": 9,
              "Parameters": [
                0.81054,
                0.85952,
                1.06808,
                1.06018,
                1.32404,
                0.8058,
                2.108,
                1.044064,
                2.087686,
                2.607632
              ]
            },
            {
              "Level": 10,
              "Parameters": [
                0.8721,
                0.9248,
                1.1492,
                1.1407,
                1.4246,
                0.867,
                2.232,
                1.12336,
                2.246244,
                2.80568
              ]
            },
            {
              "Level": 11,
              "Parameters": [
                0.93366,
                0.99008,
                1.23032,
                1.22122,
                1.52516,
                0.9282,
                2.356,
                1.202656,
                2.404802,
                3.003728
              ]
            },
            {
              "Level": 12,
              "Parameters": [
                0.99522,
                1.05536,
                1.31144,
                1.30174,
                1.62572,
                0.9894,
                2.48,
                1.281952,
                2.563361,
                3.201776
              ]
            },
            {
              "Level": 13,
              "Parameters": [
                1.05678,
                1.12064,
                1.39256,
                1.38226,
                1.72628,
                1.0506,
                2.635,
                1.361248,
                2.721919,
                3.399824
              ]
            },
            {
              "Level": 14,
              "Parameters": [
                1.11834,
                1.18592,
                1.47368,
                1.46278,
                1.82684,
                1.1118,
                2.79,
                1.440544,
                2.880478,
                3.597872
              ]
            },
            {
              "Level": 15,
              "Parameters": [
                1.1799,
                1.2512,
                1.5548,
                1.5433,
                1.9274,
                1.173,
                2.945,
                1.51984,
                3.039036,
                3.79592
              ]
            }
          ]
        },
        "Id": 10311,
        "Name": "普通攻击·罪灭之矢",
        "Description": "<color=#FFD780FF>普通攻击</color>\n进行至多五段的连续弓箭射击。\n\n<color=#FFD780FF>重击</color>\n进行伤害更高、更为精准的<color=#FFD780FF>瞄准射击</color>。\n瞄准时，幽夜净土的黯雷精灵会听从皇女的号令，凭附在她的雷影魔箭上。聚满了断罪之雷的魔箭会造成高额的<color=#FFACFFFF>雷元素伤害</color>。\n\n<color=#FFD780FF>下落攻击</color>\n从空中射出箭雨，并迅速下坠冲击地面，在落地时造成范围伤害。",
        "Icon": "Skill_A_02"
      },
      {
        "GroupId": 3132,
        "Proud": {
          "Descriptions": [
            "奥兹攻击伤害|{param1:F1P}",
            "召唤伤害|{param2:P}",
            "奥兹存在时间|{param4:F1}秒",
            "冷却时间|{param5:F1}秒"
          ],
          "Parameters": [
            {
              "Level": 1,
              "Parameters": [
                0.888,
                1.1544,
                0,
                10,
                25,
                8
              ]
            },
            {
              "Level": 2,
              "Parameters": [
                0.9546,
                1.24098,
                0,
                10,
                25,
                8
              ]
            },
            {
              "Level": 3,
              "Parameters": [
                1.0212,
                1.32756,
                0,
                10,
                25,
                8
              ]
            },
            {
              "Level": 4,
              "Parameters": [
                1.11,
                1.443,
                0,
                10,
                25,
                8
              ]
            },
            {
              "Level": 5,
              "Parameters": [
                1.1766,
                1.52958,
                0,
                10,
                25,
                8
              ]
            },
            {
              "Level": 6,
              "Parameters": [
                1.2432,
                1.61616,
                0,
                10,
                25,
                8
              ]
            },
            {
              "Level": 7,
              "Parameters": [
                1.332,
                1.7316,
                0,
                10,
                25,
                8
              ]
            },
            {
              "Level": 8,
              "Parameters": [
                1.4208,
                1.84704,
                0,
                10,
                25,
                8
              ]
            },
            {
              "Level": 9,
              "Parameters": [
                1.5096,
                1.96248,
                0,
                10,
                25,
                8
              ]
            },
            {
              "Level": 10,
              "Parameters": [
                1.5984,
                2.07792,
                0,
                10,
                25,
                8
              ]
            },
            {
              "Level": 11,
              "Parameters": [
                1.6872,
                2.19336,
                0,
                10,
                25,
                8
              ]
            },
            {
              "Level": 12,
              "Parameters": [
                1.776,
                2.3088,
                0,
                10,
                25,
                8
              ]
            },
            {
              "Level": 13,
              "Parameters": [
                1.887,
                2.4531,
                0,
                10,
                25,
                8
              ]
            },
            {
              "Level": 14,
              "Parameters": [
                1.998,
                2.5974,
                0,
                10,
                25,
                8
              ]
            },
            {
              "Level": 15,
              "Parameters": [
                2.109,
                2.7417,
                0,
                10,
                25,
                8
              ]
            }
          ]
        },
        "Id": 10312,
        "Name": "夜巡影翼",
        "Description": "召唤奥兹。暗影与雷电构成的夜鸦降生尘世时，会在小范围内造成<color=#FFACFFFF>雷元素伤害</color>。\n存在期间内，奥兹会持续发射<color=#FFACFFFF>雷之魔弹</color>攻击附近的敌人。\n\n长按以调整技能生效位置。\n奥兹存在期间内再次点按可以将其召唤至身旁。\n\n<i>「本皇女的精力，可是很宝贵的，不值得浪费在你们这种人身上…奥兹，请你替我降下那撕开永夜的断罪之雷吧。」</i>\n<i>——《菲谢尔皇女夜谭·卷四·「永别世界夫人」》</i>",
        "Icon": "Skill_S_Fischl_01"
      }
    ],
    "EnergySkill": {
      "GroupId": 3139,
      "Proud": {
        "Descriptions": [
          "落雷伤害|{param1:P}",
          "冷却时间|{param5:F1}秒",
          "元素能量|{param6:I}"
        ],
        "Parameters": [
          {
            "Level": 1,
            "Parameters": [
              2.08,
              0,
              0,
              0,
              15,
              60
            ]
          },
          {
            "Level": 2,
            "Parameters": [
              2.236,
              0,
              0,
              0,
              15,
              60
            ]
          },
          {
            "Level": 3,
            "Parameters": [
              2.392,
              0,
              0,
              0,
              15,
              60
            ]
          },
          {
            "Level": 4,
            "Parameters": [
              2.6,
              0,
              0,
              0,
              15,
              60
            ]
          },
          {
            "Level": 5,
            "Parameters": [
              2.756,
              0,
              0,
              0,
              15,
              60
            ]
          },
          {
            "Level": 6,
            "Parameters": [
              2.912,
              0,
              0,
              0,
              15,
              60
            ]
          },
          {
            "Level": 7,
            "Parameters": [
              3.12,
              0,
              0,
              0,
              15,
              60
            ]
          },
          {
            "Level": 8,
            "Parameters": [
              3.328,
              0,
              0,
              0,
              15,
              60
            ]
          },
          {
            "Level": 9,
            "Parameters": [
              3.536,
              0,
              0,
              0,
              15,
              60
            ]
          },
          {
            "Level": 10,
            "Parameters": [
              3.744,
              0,
              0,
              0,
              15,
              60
            ]
          },
          {
            "Level": 11,
            "Parameters": [
              3.952,
              0,
              0,
              0,
              15,
              60
            ]
          },
          {
            "Level": 12,
            "Parameters": [
              4.16,
              0,
              0,
              0,
              15,
              60
            ]
          },
          {
            "Level": 13,
            "Parameters": [
              4.42,
              0,
              0,
              0,
              15,
              60
            ]
          },
          {
            "Level": 14,
            "Parameters": [
              4.68,
              0,
              0,
              0,
              15,
              60
            ]
          },
          {
            "Level": 15,
            "Parameters": [
              4.94,
              0,
              0,
              0,
              15,
              60
            ]
          }
        ]
      },
      "Id": 10313,
      "Name": "至夜幻现",
      "Description": "呼唤奥兹，张开纯粹的夜色编织成的双翼，守护菲谢尔。\n持续期间，具有如下效果：\n·以奥兹的形态进行高速移动；\n·对附近的敌人降下落雷，造成<color=#FFACFFFF>雷元素伤害</color>。每个敌人只能受到一次落雷伤害；\n·效果结束时，奥兹将会停留在战场上，攻击皇女的敌人。若奥兹已经在场，则重置奥兹的存在时间。\n\n<i>…追随着受诅咒的断罪之血而来的群兽当中，只有那见证过一千世界寂灭的夜鸦亲王，能明白她的崇高。于是它张开至夜织成的双翼荫蔽高贵的皇女，并发誓永远守护她。</i>\n<i>——《菲谢尔皇女夜谭·卷一·「末日解体概要」》</i>",
      "Icon": "Skill_E_Fischl_01"
    },
    "Inherents": [
      {
        "GroupId": 3121,
        "Proud": {
          "Descriptions": [],
          "Parameters": [
            {
              "Level": 1,
              "Parameters": [
                1.527
              ]
            }
          ]
        },
        "Id": 312101,
        "Name": "噬星魔鸦",
        "Description": "菲谢尔以蓄力完成的瞄准射击命中奥兹时，奥兹会对附近敌人降下圣裁之雷，造成等同射击伤害152.7%的<color=#FFACFFFF>雷元素范围伤害</color>。",
        "Icon": "UI_Talent_S_Fischl_05"
      },
      {
        "GroupId": 3122,
        "Proud": {
          "Descriptions": [],
          "Parameters": [
            {
              "Level": 1,
              "Parameters": [
                0.8
              ]
            }
          ]
        },
        "Id": 312201,
        "Name": "断罪雷影",
        "Description": "奥兹在场时，若当前场上自己的角色攻击敌人时触发了<color=#FFACFFFF>雷元素相关反应</color>，则会对敌人降下圣裁之雷，造成菲谢尔80%攻击力的<color=#FFACFFFF>雷元素伤害</color>。",
        "Icon": "UI_Talent_S_Fischl_06"
      },
      {
        "GroupId": 3123,
        "Proud": {
          "Descriptions": [],
          "Parameters": [
            {
              "Level": 1,
              "Parameters": []
            }
          ]
        },
        "Id": 312301,
        "Name": "吾之后花园",
        "Description": "在蒙德执行探索派遣任务时，消耗的时间缩短25%。",
        "Icon": "UI_Talent_Expedition_Mengde"
      }
    ],
    "Talents": [
      {
        "Id": 311,
        "Name": "幽邃鸦眼",
        "Description": "奥兹不在战场上时，也会透过鸦眼守望菲谢尔。在菲谢尔对敌人进行普通攻击时，奥兹会通过鸦眼协同攻击，造成22%攻击力的伤害。",
        "Icon": "UI_Talent_S_Fischl_01"
      },
      {
        "Id": 312,
        "Name": "圣裁影羽",
        "Description": "施放<color=#FFD780FF>夜巡影翼</color>时，能额外造成200%攻击力的伤害，并使影响范围扩大50%。",
        "Icon": "UI_Talent_S_Fischl_02"
      },
      {
        "Id": 313,
        "Name": "渊色黑翼",
        "Description": "<color=#FFD780FF>夜巡影翼</color>的技能等级提高3级。\n至多提升至15级。",
        "Icon": "UI_Talent_U_Fischl_01",
        "ExtraLevel": {
          "Index": 2,
          "Level": 3
        }
      },
      {
        "Id": 314,
        "Name": "皇女幻绮谭",
        "Description": "施放<color=#FFD780FF>至夜幻现</color>时，会对周围的敌人造成222%攻击力的<color=#FFACFFFF>雷元素伤害</color>；\n技能效果结束时，会为菲谢尔恢复20%生命值。",
        "Icon": "UI_Talent_S_Fischl_03"
      },
      {
        "Id": 315,
        "Name": "至夜默示录",
        "Description": "<color=#FFD780FF>至夜幻现</color>的技能等级提高3级。\n至多提升至15级。",
        "Icon": "UI_Talent_U_Fischl_02",
        "ExtraLevel": {
          "Index": 9,
          "Level": 3
        }
      },
      {
        "Id": 316,
        "Name": "永夜之禽",
        "Description": "奥兹的存在时间延长2秒。此外，奥兹会协同当前场上自己的角色一起攻击，造成菲谢尔30%攻击力的<color=#FFACFFFF>雷元素伤害</color>。",
        "Icon": "UI_Talent_S_Fischl_04"
      }
    ]
  },
  "FetterInfo": {
    "Title": "断罪皇女！！",
    "Detail": "自称「断罪之皇女」，与名为奥兹的漆黑夜鸦同行的神秘少女。",
    "Association": 1,
    "Native": "冒险家协会",
    "BirthMonth": 5,
    "BirthDay": 27,
    "VisionBefore": "雷",
    "ConstellationBefore": "幻鸦座",
    "CvChinese": "Mace&赵悦程",
    "CvJapanese": "内田真礼&增谷康纪",
    "CvEnglish": "布兰特妮·考克斯&本·普罗斯基",
    "CvKorean": "朴高夽&李弦",
    "CookBonus": {
      "OriginItemId": 108060,
      "ItemId": 108117,
      "InputList": [
        110005,
        110010,
        110011,
        100016
      ]
    },
    "Fetters": [
      {
        "Title": "初次见面…",
        "Context": "<color=#37FFFF>菲谢尔：</color>我即断罪之皇女，真名为菲谢尔。应命运的召唤降临在此间——哎？你也是，异世界的旅人吗…？那好吧，本皇女恩许你同行。\n<color=#37FFFF>奥兹：</color>她的意思是「你好，很高兴认识你」。"
      },
      {
        "Title": "闲聊·真命低语",
        "Context": "我听见命运的嚅嗫，低声呼唤我之尊名…"
      },
      {
        "Title": "闲聊·天地创造",
        "Context": "哼哼，就让皇女的光采荣耀此间天地吧。"
      },
      {
        "Title": "闲聊·彼方之人",
        "Context": "<color=#37FFFF>菲谢尔：</color>不知在遥远彼方的扈从…\n<color=#37FFFF>奥兹：</color>毋须担心冒险家协会的大家。"
      },
      {
        "Title": "雨过天晴…",
        "Context": "天晴了吗，真舒…咳，此间须臾的霁月光风，就如命运的转折点一般呢！愉快！"
      },
      {
        "Title": "打雷的时候…",
        "Context": "<color=#37FFFF>菲谢尔：</color>啊啊，看那昭告命运的圣裁之雷…\n<color=#37FFFF>奥兹：</color>这么说来，是不是还有衣服没收？\n<color=#37FFFF>菲谢尔：</color>欸？！"
      },
      {
        "Title": "下雪的时候…",
        "Context": "<color=#37FFFF>菲谢尔：</color>哼哼，这可是好光景。就像在「那个世界」，罪人的血与泪在断罪的皇女面前凝结的模样呢——啊、啊——阿嚏！阿嚏！\n<color=#37FFFF>奥兹：</color>面对小姐，罪人的鼻涕恐怕都要凝结了。\n<color=#37FFFF>菲谢尔：</color>奥兹——啊、阿嚏！"
      },
      {
        "Title": "阳光很好…",
        "Context": "<color=#37FFFF>菲谢尔：</color>奥兹，我之眷属啊…\n<color=#37FFFF>奥兹：</color>喔？怎么突然——\n<color=#37FFFF>菲谢尔：</color>以皇女之名，以你的祝圣之翼，遮蔽日月星空，带来永恒的幽夜吧。\n<color=#37FFFF>奥兹：</color>不要强人所难！"
      },
      {
        "Title": "早上好·问候菲谢尔",
        "Context": "昼夜时空皆为虚像，命运的纽带却再次将你带到了我的永恒长夜中。"
      },
      {
        "Title": "早上好·问候奥兹",
        "Context": "<color=#37FFFF>奥兹：</color>早上好！听说你要来，小姐在准备早点…\n<color=#37FFFF>菲谢尔：</color>奥兹！…咳，有何贵干？"
      },
      {
        "Title": "中午好…",
        "Context": "哈…即使贵为皇女，在这样的时辰也不免困乏…"
      },
      {
        "Title": "晚上好…",
        "Context": "<color=#37FFFF>菲谢尔：</color>天穹上的星光，都是奥兹在无尽的夜幕上啄出来的洞。\n<color=#37FFFF>奥兹：</color>是才怪啦！"
      },
      {
        "Title": "晚安…",
        "Context": "<color=#37FFFF>菲谢尔：</color>你的深眠将平安无梦。毕竟，岂有梦魇，敢染指幽夜净土所祝圣之人…\n<color=#37FFFF>奥兹：</color>她说「晚安」。"
      },
      {
        "Title": "关于菲谢尔自己·断罪之皇女",
        "Context": "<color=#37FFFF>菲谢尔：</color>我吗？哼哼。记好了，我乃幽夜净土的主人，断罪之皇女菲谢尔，裁断此世一切罪责，透彻此间一切真知。\n<color=#37FFFF>奥兹：</color>就是冒险家协会的调查员。\n<color=#37FFFF>菲谢尔：</color>…那只是肤浅的表象！"
      },
      {
        "Title": "关于我们·降临此间之人",
        "Context": "我与你同为异世界的旅人，在此相遇。错不了，想必是命运的意志吧。"
      },
      {
        "Title": "关于我们·射落世界之兽",
        "Context": "看你有什么烦恼的样子…？旅人啊，不必困惑。因为，我以我的左眼，这只透彻因果之丝的「断罪之眼」，守望着你的命运；以奥兹那见证过一千世界寂灭的鸦眼，观察着你的进路。假若名为「世界」的夜巡凶兽觊觎你的梦想，那我便以断罪的圣裁魔矢将其射落！"
      },
      {
        "Title": "关于我们·重要之人",
        "Context": "<color=#37FFFF>菲谢尔：</color>奥兹，我之忠友啊…能遇到「那个人」，与本皇女同样不属于这个世界的旅人…连残酷的命运，也会对我罪孽深重的血脉，展露微笑呢。就算是我的命运，我无法逃离的「现实」…\n<color=#37FFFF>奥兹：</color>啊啊，我明白。那个旅行者的话，不管发生了什么，都不会抛弃小姐的吧。"
      },
      {
        "Title": "关于我们·守望",
        "Context": "#<color=#37FFFF>菲谢尔：</color>奥兹华尔多·赫芙那梵茵斯。为我，为幽夜净土的主宰，断罪的皇女，做好献出生命的觉悟，守望{PLAYERAVATAR#SEXPRO[INFO_MALE_PRONOUN_HE|INFO_FEMALE_PRONOUN_SHE]}注定多舛的命运吧。\n<color=#37FFFF>奥兹：</color>不要随便让我送命啊！"
      },
      {
        "Title": "关于「神之眼」…",
        "Context": "嗯？这个「渊色的幽邃秘珠」吗。那是我族的王器，向一切无礼者昭告断罪皇女之仪。即使流落到了这个荒芜的世界，王器仍然追随着皇族之血与崇高之魂，找到了我，这就是无法斩断的因果吧…"
      },
      {
        "Title": "有什么想要分享…",
        "Context": "<color=#37FFFF>菲谢尔：</color>这么说来，按照这个世界的历法，我有三千多岁了。当然，日月流转的虚像对看破三千宇宙因果的我而言没有意义。\n<color=#37FFFF>奥兹：</color>小姐，这招是骗不过酒保的，没到喝酒的年纪就是没到喝酒的年纪。"
      },
      {
        "Title": "感兴趣的见闻…",
        "Context": "奥兹的全名，是奥兹华尔多·赫芙那梵茵斯，在「那个世界」主宰着三个宇宙的星海与夜空，以影之翼荫蔽所有战死的勇者之魂。顺带一提，叫错他的名字会被处以拔舌之刑。但我是皇女，而你是我认可的人，所以我们可以随意叫他奥兹。"
      },
      {
        "Title": "关于班尼特…",
        "Context": "<color=#37FFFF>菲谢尔：</color>那位厄运的少年吗…错不了的，我这只「断罪之眼」见证过，他那被世界唾弃的悲哀——\n<color=#37FFFF>奥兹：</color>那个倒霉蛋，置之不理可不行。"
      },
      {
        "Title": "关于丽莎…",
        "Context": "<color=#37FFFF>菲谢尔：</color>那司书的魔女，坐拥着宇宙知识的宝库…如果能赢取她的信任，或许就能获得伟大智慧…\n<color=#37FFFF>奥兹：</color>她说「图书馆的规矩就是有借有还，再借不难」。"
      },
      {
        "Title": "关于凯亚…",
        "Context": "<color=#37FFFF>菲谢尔：</color>无法看透的真实，无法断明的因果，虚实交织的狂言…那个人，或许也与我一样，背负了「魔眼」的命运…\n<color=#37FFFF>奥兹：</color>也可能暗地里是个海盗…？"
      },
      {
        "Title": "关于莫娜…",
        "Context": "<color=#37FFFF>菲谢尔：</color>啊啊，那位「伟大的占星术士莫娜」…哼，此人曾经妄图窥探本皇女的命运，结果却浑身颤抖呢。\n<color=#37FFFF>奥兹：</color>当时占星术士似乎在努力憋笑，非常不容易。"
      },
      {
        "Title": "关于罗莎莉亚…",
        "Context": "<color=#37FFFF>菲谢尔：</color>她吗？似乎是虔信风神的忠实修女呢。\n<color=#37FFFF>奥兹：</color>「虔信」？「忠实」？\n<color=#37FFFF>菲谢尔：</color>没错。有天晚上看到过，她对什么人说「以风神巴托巴斯的名义，去死吧」这样的话，想必是在领祷吧。"
      },
      {
        "Title": "想要了解菲谢尔·其一",
        "Context": "哼哼，为应受罪罚之徒断罪，为命运青睐之人祝圣，以无尽的幽夜净土收容世间一切不被容赦的梦想，这就是断罪皇女血脉背负的沉重使命，谁人也不许质疑。"
      },
      {
        "Title": "想要了解菲谢尔·其二",
        "Context": "我的左眼？我的左眼是透彻世间一切真相的「断罪之眼」。至于为何要遮起来…那么，窥见此间与彼方一切真实的负担与痛，你愿意承受吗？再说了，通晓此世与常世一切妄念与谎言，又是何等无趣的事，哼哼。"
      },
      {
        "Title": "想要了解菲谢尔·其三",
        "Context": "<color=#37FFFF>菲谢尔：</color>风魔龙？那种本皇女寝宫花园里拴着的宠物级别的东西，没想到在这个世界也能形成灾祸呢。哼，一群没用的家伙…\n<color=#37FFFF>奥兹：</color>虽然小姐这么说，当时不也为大家担心得不得了吗。\n<color=#37FFFF>菲谢尔：</color>那、那还不是因为身为皇女，有守护尘世众生一切灵魂的崇高职责…"
      },
      {
        "Title": "想要了解菲谢尔·其四",
        "Context": "<color=#37FFFF>奥兹：</color>有的人会用其他的名字呼唤小姐。但对我来说，将生命与力量分给我的人，只有「菲谢尔」这个名字。这才是符合她命运的名字，千万不要弄错…\n<color=#37FFFF>菲谢尔：</color>你们，商谈之事为何？\n<color=#37FFFF>奥兹：</color>关、关于至夜幻现！还有断罪之名！"
      },
      {
        "Title": "想要了解菲谢尔·其五",
        "Context": "皇女应断之罪为何，那当然是「违逆命运」了…毕竟，正是命运，让你…是命运，令你我降临此世，将因果交织相连。我、我会守护你，只、只因这是命运的默示录中昭告之事！"
      },
      {
        "Title": "菲谢尔的爱好·询问菲谢尔",
        "Context": "本皇女驰骋星间，行遍诸多世界，领略过一万种宇宙的命运，通读一切灵魂的默示录。"
      },
      {
        "Title": "菲谢尔的爱好·询问奥兹",
        "Context": "<color=#37FFFF>奥兹：</color>小姐喜欢看小说。唉…「奥兹」这个名字，也是她从喜欢的小说里挑的。"
      },
      {
        "Title": "菲谢尔的烦恼…",
        "Context": "嗯？这世间能困扰皇女的事情…硬要说的话，那就是，总有人无法接受我的真实身份。但无妨，毕竟高贵者注定孤独嘛。只要我不失却这颗崇高之心…"
      },
      {
        "Title": "喜欢的食物…",
        "Context": "<color=#37FFFF>菲谢尔：</color>哼，食物只是凡骨肉胎所受的桎梏。但硬要说的话，能配得上断罪皇女的，那莫过于罪人之泪与谎言之舌…\n<color=#37FFFF>奥兹：</color>并不是小姐常做的「常夜夏宫蜜吐司」吗？\n<color=#37FFFF>菲谢尔：</color>——只，只是为了补充这具躯壳所需的能量！"
      },
      {
        "Title": "讨厌的食物…",
        "Context": "<color=#37FFFF>奥兹：</color>小姐讨厌的，应该是那个吧…\n<color=#37FFFF>菲谢尔：</color>那个吗。被违抗自然的锁链束缚的肢体…\n<color=#37FFFF>奥兹：</color>再也不能如我这般飞翔…\n<color=#37FFFF>菲谢尔：</color>失去了那生来便仰慕皇族王者的卑下头颅，简直是「那个世界」的地狱略影。其名为…\n<color=#37FFFF>奥兹：</color>好像是叫什么酿鸡来着？"
      },
      {
        "Title": "收到赠礼·其一",
        "Context": "<color=#37FFFF>菲谢尔：</color>此等珍馐，可纳于忘忧之御膳园中。\n<color=#37FFFF>奥兹：</color>小姐说，这就是她理想的美味。"
      },
      {
        "Title": "收到赠礼·其二",
        "Context": "<color=#37FFFF>菲谢尔：</color>为射落世界之兽，必须突破尘俗欲望，编织通向命运之间的道路。\n<color=#37FFFF>奥兹：</color>但刚才，小姐不是吃得很香吗？"
      },
      {
        "Title": "收到赠礼·其三",
        "Context": "<color=#37FFFF>菲谢尔：</color>为何要将残破与毁灭，呈于本皇女面前？\n<color=#37FFFF>奥兹：</color>小姐不太喜欢这道菜肴，请你见谅。"
      },
      {
        "Title": "生日…",
        "Context": "<color=#37FFFF>菲谢尔：</color>哼哼，既然今日是你的命定之日，那我不可能坐视不管。来，说吧！在这腐朽而幽邃的世界里，在你渺小而短暂的人生中，有什么想要实现的愿望，尽管说来，让本皇女听听！嗯…即使是…\n<color=#37FFFF>奥兹：</color>她说「生日快乐，如果你想要，她」…\n<color=#37FFFF>菲谢尔：</color>奥兹！多嘴！"
      },
      {
        "Title": "突破的感受·起",
        "Context": "<color=#37FFFF>菲谢尔：</color>至夜的魔箭…它在高声呼唤着我的祝圣之名，祈求着罪罚的苍紫雷光，射落命运之敌！\n<color=#37FFFF>奥兹：</color>伟哉！考虑到晚饭，如果能射落鸽子就更好了。"
      },
      {
        "Title": "突破的感受·承",
        "Context": "<color=#37FFFF>菲谢尔：</color>有了这个，就能更好地行使断罪皇女的威仪，击败名为「现实」的命运之敌了。\n<color=#37FFFF>奥兹：</color>嗯，就能更好地完成协会的工作了。"
      },
      {
        "Title": "突破的感受·转",
        "Context": "狂喜吧！战栗吧！要问为何的话，须知幽夜净土的断罪皇女，已经用这只左眼，看清了编织宇宙的命运之丝！"
      },
      {
        "Title": "突破的感受·合",
        "Context": "来到这个世界而失去的力量，似乎已经恢复了大半。哼哼哼，定罪之时即将…啊啊，不必担心。即使到了终末之刻，我在此世降下罪罚之雷时，也不会伤及你。因为，你可是我的祝圣之人啊。"
      },
      {
        "Title": "元素战技·其一",
        "Context": "以断罪之名！"
      },
      {
        "Title": "元素战技·其二",
        "Context": "现身吧，奥兹！"
      },
      {
        "Title": "元素战技·其三",
        "Context": "回应我吧！"
      },
      {
        "Title": "元素战技·其四",
        "Context": "奥兹：又来了…"
      },
      {
        "Title": "元素爆发·其一",
        "Context": "黑之翼，屏断昼夜——"
      },
      {
        "Title": "元素爆发·其二",
        "Context": "至夜幻现！"
      },
      {
        "Title": "元素爆发·其三",
        "Context": "影之鸦，渴求幽夜——"
      },
      {
        "Title": "元素爆发·其四",
        "Context": "奥兹：一如小姐所愿！"
      },
      {
        "Title": "元素爆发·其五",
        "Context": "奥兹：至夜幻现！"
      },
      {
        "Title": "打开宝箱·其一",
        "Context": "命运，指引我来此！"
      },
      {
        "Title": "打开宝箱·其二",
        "Context": "荒芜的世界，竟藏有这等瑰宝！"
      },
      {
        "Title": "打开宝箱·其三",
        "Context": "哈哈哈，高呼我的祝圣之名吧！"
      },
      {
        "Title": "生命值低·其一",
        "Context": "只好稍微认真一点了，哼。"
      },
      {
        "Title": "生命值低·其二",
        "Context": "奥兹：小姐，如果你倒下了，我——！"
      },
      {
        "Title": "生命值低·其三",
        "Context": "皇女的命运，不应在此完结…！"
      },
      {
        "Title": "同伴生命值低·其一",
        "Context": "哼，就让我来吧！"
      },
      {
        "Title": "同伴生命值低·其二",
        "Context": "奥兹：小姐，那边有些不妙…"
      },
      {
        "Title": "倒下·其一",
        "Context": "这个世界，也容不得本皇女吗…"
      },
      {
        "Title": "倒下·其二",
        "Context": "我将再度降临…呜…"
      },
      {
        "Title": "倒下·其三",
        "Context": "奥兹：小姐！…"
      },
      {
        "Title": "重受击·其一",
        "Context": "不敬之徒。"
      },
      {
        "Title": "加入队伍·其一",
        "Context": "以皇女之名！"
      },
      {
        "Title": "加入队伍·其二",
        "Context": "菲谢尔：赞颂我的降临吧。奥兹：伟哉！"
      },
      {
        "Title": "加入队伍·其三",
        "Context": "你的命运，已成为我掌间之丝！"
      }
    ],
    "FetterStories": [
      {
        "Title": "角色详细",
        "Context": "菲谢尔是由异世界的「幽夜净土」流落至此的「断罪之皇女」。\n她与会说话的夜鸦眷属「奥兹」一同，「观测编织命运的因果之丝」。\n出于某些她说不清，而奥兹又不愿明说的原因…菲谢尔目前正以调查员身份供职于冒险家协会。"
      },
      {
        "Title": "角色故事1",
        "Context": "身为冒险家协会的调查员，菲谢尔拥有奥兹这一得天独厚的优势。\n「小姐，请不要再派我去窥探风魔龙的动向了。以我这副身板，恐怕连给那家伙塞牙缝都不够啊。」\n「哼哼。能有幸成为断罪之皇女眷属的你，为我献出包括视力与生命在内的一切，也是自然的吧？」\n能看见奥兹所见一切的她，只要愿意，就能寄宿在夜鸦之中，振翅高飞，俯瞰大地。\n无论是望风山地的生态，还是奔狼领的骚动，都能透过奥兹的鸦眼，看得清清楚楚。\n这样的特殊能力加上一点点努力和奇妙的个性，让菲谢尔成为冒险家协会调查员中的新星，赢得了大家的认可。\n菲谢尔十四岁时作为调查员加入冒险家协会一事，据说是由她父母介绍的。\n不过，既然菲谢尔是断罪之皇女，那她的父母，难不成是断罪之皇帝与断罪之皇后陛下吗…"
      },
      {
        "Title": "角色故事2",
        "Context": "据说在冒险家中，流通着一本《菲谢尔辞典》。\n那可是本奇书，能将菲谢尔用语转换为浅显易懂的词句。\n譬如，「我听见，在时间之渊中回响的往日烈风，吹彻在因果的洪流中被忘却的尖塔」代表着「风龙遗迹」；\n「负担断罪之名的侍者哟，就如你所愿，准备好承担皇女的伟大智慧」的意思是「我调查一下，马上给你结果」；\n「欢唱吧！贪求着皇女祝圣之仪的扈从们，请怀着猛虎之心，深入战场吧」则表示，她已经将前期调查报告准备妥当。\n而「一切，都记载在这本漆黑的预言书中」，意味着她已经根据冒险家的报告，以自己的行文写好了冒险家日志…\n——但其实，所谓的《菲谢尔辞典》并不是成文的书卷。\n熟悉她的人，会用心聆听她的每一句话，并理解话语的含义。这才是对她的尊重与认可。\n「哼，果然你也能明白。不愧是与我命运相连之人。」\n如果能顺着她的意思说上几句，她会害羞且高兴地夸奖你语言学习能力优异：\n「皇女从不吝啬赞美…那，再陪我多说一会。咳咳，不要误会，这些是要化作新世界基石与薪柴的东西…」"
      },
      {
        "Title": "角色故事3",
        "Context": "奥兹与皇女菲谢尔不仅是挚友、主从，更是共享灵魂与命运的关系。\n他们的初遇发生在《菲谢尔皇女夜谭》的卷一：「末日解体概要」。\n孤独巡礼的皇女抵达永恒黄昏之国时，抗拒命运的黄昏王族在无可抗拒的绝望中选择了否定。\n他们的否定是如此彻底，不但否定了菲谢尔身为幽夜净土主宰皇女的尊贵身份与使命，否定了自己守望幽夜净土的职责，否定了自己身为皇家旁支传承一万三千年的血脉，还否定了身为人的高贵与矜持，进而退化成为愚钝凶暴的兽群。\n在黄昏的宫廷中，在野兽的撕扯中，皇女洁净的血如珍珠般洒落在古老纹章上。\n危机时刻，如夜幕般宽广的黑翼撕开了绝望，庇护着负伤被困的皇女。\n循着贵种之血的气息，夜鸦之王奥兹华尔多·赫芙那梵茵斯终于来到孤独的皇女身边，向她宣誓永远效忠…"
      },
      {
        "Title": "角色故事4",
        "Context": "有这么一个故事。很久很久以前，在很远很远的地方，有一个很小很小的小女孩。\n小女孩的爸爸妈妈都是忙碌的冒险家。她自幼在图书馆中，跟随书页跨越了一千个宇宙，\n成了幽夜净土的主人，成了降下圣裁之雷的皇族之女，与漆黑的夜鸦成为共享命运的至交…\n……\n「██，今天看了什么书呢？」难得从冒险中返回的爸爸妈妈，这么问她。\n然后，她会告诉他们，从自己喜欢的系列小说中读到的故事：\n「…于是他说：菲谢尔·冯·露弗施洛斯·那菲多特，你可是断罪的皇女，是我引以为豪的女儿，无论如何也不能放弃崇高与梦想。」\n「哦哦，是很好的故事呢。既然██这么喜欢，就叫你『小菲谢尔』吧。」爸爸笑着摸摸她的头，\n「小菲谢尔你可是了不得的皇女，是我引以为豪的女儿。无论如何，也不要放弃崇高与梦想喔。」\n温柔的话语充满善意与嘉许，点亮了她的心。\n但与忙碌父母相伴的温暖时间总是如此短暂。\n因沉醉幻想小说而与周遭格格不入的她，每当孤独，每当痛苦，总会告诉自己：\n「我是菲谢尔，是了不得的皇女。这是连爸爸妈妈也认可的…」\n「无论如何都不能放弃崇高与梦想…因为这些都是，对皇女的考验。」"
      },
      {
        "Title": "角色故事5",
        "Context": "正如《菲谢尔皇女夜谭》的宇宙，最终因熵增而走向寂灭。\n那个沉醉幻想的小女孩，也无可避免地长大了一些。\n十四岁生日当天，不愿理解菲谢尔的孩子们再次嘲弄了她。\n这只是高贵皇女难免遭受的小小挫败罢了，爸爸妈妈一定能明白的。她心想。\n身为皇女，无论如何也不能放弃崇高与梦想。\n当她回到父母身边，期望寻得安慰时，迎接她的却是温柔而疲惫的话语：\n「啊，██。你已经十四岁了，该从那些小孩子的幻想里走出来了…」\n熟悉的声音就像烧红的细剑，刺穿了少女的胸口。\n那天午夜，躲在无比熟悉的图书馆里，少女感觉到异样的视线，听见了不应属于这个世界的振翅之声。\n透过哭得红肿的眼睛，她与不属于这个世界的漆黑夜鸦对上了目光。\n而那之后的事情，就是另一个故事了…\n菲谢尔不喜欢这个故事。每当想起这个故事，她就会感到窒息般的痛楚、噬咬般的孤独。\n或许有一天，这个故事会被谁写下来吧。但那只是██的故事罢了，和菲谢尔没有关系。\n皇女只有一个名字，那就是菲谢尔。\n菲谢尔只有一个身份，那就是皇女。\n简单又完美的逻辑。只要将其熟记于心，加上一点点皇女的崇高，和一点点他人的体贴，就没有什么能伤得了她。\n况且，如今的皇女菲谢尔不但拥有奥兹，还与那位同样来自另一个世界的旅人相识了…"
      },
      {
        "Title": "《菲谢尔皇女夜谭·「极夜幻想组曲」》",
        "Context": "随《菲谢尔皇女夜谭》小说系列，作为附属品发行的设定集。\n由于印量极少，在原著的忠实拥趸中是有价无市的珍奇书籍。\n这部作品尽管有着华丽的美术设计，世界观设定却十分灰暗：\n一切光明与美好的事物，都会随着不可逆转的熵增走向残破与毁灭，而宇宙的终点是皇女的未来国土，终结一切幻想的「幽夜净土」。\n这就是宇宙的命运，一切世界的命运，所有人的命运。\n而皇女与她的忠友「屏断昼夜的黑鸦奥兹」奥兹华尔多·赫芙那梵茵斯的命运，则是射落吞噬梦想的「世界之兽」。\n在最后，在因果终结之地，为汇聚而来的灵魂祝圣，将一切美丽记忆与品德储存进心脏，用圣裁之雷烧尽一切丑恶事物。\n皇女将烧毁自己的心。随着不朽光辉的绽放，新的宇宙将会诞生。\n但在这样的结局之前，皇女会行遍诸多宇宙，见识一千万种不同的景象。\n所以，即使她在一个稍显落后的世界里当着冒险家协会的调查员…那也是符合原著精神的，是皇女巡礼中的一段插曲。\n而皇女最终会明白，生命中的每一刻，即使是再微不足道的插曲，都要珍惜。\n因为，皇女的极夜幻想组曲，就是由无数个小插曲组成的。"
      },
      {
        "Title": "神之眼",
        "Context": "那么，奥兹究竟是不是仅仅存在于菲谢尔潜意识中的「幻想朋友」？\n这就要从皇族的王器「渊色的幽邃秘珠」——也就是菲谢尔的「神之眼」说起了。\n她的愿望被承认时，乌鸦奥兹与「神之眼」一同出现在她眼前。\n当晚吃饭时，奥兹和菲谢尔父母相谈甚欢：\n「幽夜的帝皇与皇后啊，请恕我夜之王僭越了。但是您家的豆子太好吃了。」\n「那就多吃点吧，小██十四岁以来第一次交到了能带回家吃饭的好朋友。太可贵了。」\n「你、你们在说什么！我…本皇女才不需要同一般人为伴！」\n——就是这样。\n从结果上来看，断罪的父皇与母后，都能见到奥兹，并且认为奥兹就是皇女的第一个朋友。\n而「受累世厄运诅咒的探险家」、「异世界的来访者」，以及「奇怪的小精灵外貌的应急食品」…\n他们成为皇女的新朋友，则是更久以后的事情了。"
      }
    ]
  },
  "Costumes": [
    {
      "Id": 203101,
      "Name": "极夜真梦",
      "Description": "皇女菲谢尔的祭礼着装。愿高贵的人永远葆有勇气、诚挚与善心，如此，邪恶必无法挫败她。",
      "IsDefault": false,
      "FrontIcon": "UI_AvatarIcon_FischlCostumeHighness",
      "SideIcon": "UI_AvatarIcon_Side_FischlCostumeHighness"
    },
    {
      "Id": 203100,
      "Name": "绮夜圣礼",
      "Description": "菲谢尔的装扮款式。「断罪之皇女」于提瓦特大陆巡礼时所着之常服。",
      "IsDefault": true
    }
  ],
  "CultivationItems": [
    104144,
    113002,
    100055,
    112013,
    104309,
    113008
  ],
  "NameCard": {
    "Name": "菲谢尔·夜鸦",
    "Description": "名片纹饰。\n持有遮日挡月之翼的漆黑夜鸦。「许可你拓画它的纹样！」",
    "Icon": "UI_NameCardIcon_Fischl",
    "PicturePrefix": "UI_NameCardPic_Fischl"
  }
}