{
  "Id": 10000055,
  "PromoteId": 55,
  "Sort": 42,
  "Body": 1,
  "Icon": "UI_AvatarIcon_Gorou",
  "SideIcon": "UI_AvatarIcon_Side_Gorou",
  "Name": "五郎",
  "Description": "海祇岛军的大将，深受部下信赖。",
  "BeginTime": "2021-12-14T18:00:00+08:00",
  "Quality": 4,
  "Weapon": 12,
  "BaseValue": {
    "HpBase": 802.3761,
    "AttackBase": 15.31488,
    "DefenseBase": 54.36375
  },
  "GrowCurves": [
    {
      "Type": 1,
      "Value": 22
    },
    {
      "Type": 4,
      "Value": 32
    },
    {
      "Type": 7,
      "Value": 22
    }
  ],
  "SkillDepot": {
    "Arkhe": 0,
    "Skills": [
      {
        "GroupId": 5531,
        "Proud": {
          "Descriptions": [
            "一段伤害|{param1:F1P}",
            "二段伤害|{param2:F1P}",
            "三段伤害|{param3:F1P}",
            "四段伤害|{param4:F1P}",
            "瞄准射击|{param5:F1P}",
            "满蓄力瞄准射击|{param6:P}",
            "下坠期间伤害|{param7:F1P}",
            "低空/高空坠地冲击伤害|{param8:P}/{param9:P}"
          ],
          "Parameters": [
            {
              "Level": 1,
              "Parameters": [
                0.37754,
                0.37152,
                0.4945,
                0.58996,
                0.4386,
                1.24,
                0.568288,
                1.136335,
                1.419344
              ]
            },
            {
              "Level": 2,
              "Parameters": [
                0.40827,
                0.40176,
                0.53475,
                0.63798,
                0.4743,
                1.333,
                0.614544,
                1.228828,
                1.534872
              ]
            },
            {
              "Level": 3,
              "Parameters": [
                0.439,
                0.432,
                0.575,
                0.686,
                0.51,
                1.426,
                0.6608,
                1.32132,
                1.6504
              ]
            },
            {
              "Level": 4,
              "Parameters": [
                0.4829,
                0.4752,
                0.6325,
                0.7546,
                0.561,
                1.55,
                0.72688,
                1.453452,
                1.81544
              ]
            },
            {
              "Level": 5,
              "Parameters": [
                0.51363,
                0.50544,
                0.67275,
                0.80262,
                0.5967,
                1.643,
                0.773136,
                1.545944,
                1.930968
              ]
            },
            {
              "Level": 6,
              "Parameters": [
                0.54875,
                0.54,
                0.71875,
                0.8575,
                0.6375,
                1.736,
                0.826,
                1.65165,
                2.063
              ]
            },
            {
              "Level": 7,
              "Parameters": [
                0.59704,
                0.58752,
                0.782,
                0.93296,
                0.6936,
                1.86,
                0.898688,
                1.796995,
                2.244544
              ]
            },
            {
              "Level": 8,
              "Parameters": [
                0.64533,
                0.63504,
                0.84525,
                1.00842,
                0.7497,
                1.984,
                0.971376,
                1.94234,
                2.426088
              ]
            },
            {
              "Level": 9,
              "Parameters": [
                0.69362,
                0.68256,
                0.9085,
                1.08388,
                0.8058,
                2.108,
                1.044064,
                2.087686,
                2.607632
              ]
            },
            {
              "Level": 10,
              "Parameters": [
                0.7463,
                0.7344,
                0.9775,
                1.1662,
                0.867,
                2.232,
                1.12336,
                2.246244,
                2.80568
              ]
            },
            {
              "Level": 11,
              "Parameters": [
                0.79898,
                0.78624,
                1.0465,
                1.24852,
                0.9282,
                2.356,
                1.202656,
                2.404802,
                3.003728
              ]
            },
            {
              "Level": 12,
              "Parameters": [
                0.85166,
                0.83808,
                1.1155,
                1.33084,
                0.9894,
                2.48,
                1.281952,
                2.563361,
                3.201776
              ]
            },
            {
              "Level": 13,
              "Parameters": [
                0.90434,
                0.88992,
                1.1845,
                1.41316,
                1.0506,
                2.635,
                1.361248,
                2.721919,
                3.399824
              ]
            },
            {
              "Level": 14,
              "Parameters": [
                0.95702,
                0.94176,
                1.2535,
                1.49548,
                1.1118,
                2.79,
                1.440544,
                2.880478,
                3.597872
              ]
            },
            {
              "Level": 15,
              "Parameters": [
                1.0097,
                0.9936,
                1.3225,
                1.5778,
                1.173,
                2.945,
                1.51984,
                3.039036,
                3.79592
              ]
            }
          ]
        },
        "Id": 10551,
        "Name": "普通攻击·呲牙裂扇箭",
        "Description": "<color=#FFD780FF>普通攻击</color>\n进行至多四段的连续弓箭射击。\n\n<color=#FFD780FF>重击</color>\n进行伤害更高、更为精准的<color=#FFD780FF>瞄准射击</color>。\n瞄准时，岩晶会在箭矢上持续积聚。聚满了晶岩的箭矢会造成<color=#FFE699FF>岩元素伤害</color>。\n\n<color=#FFD780FF>下落攻击</color>\n从空中射出箭雨，并迅速下坠冲击地面，在落地时造成范围伤害。",
        "Icon": "Skill_A_02"
      },
      {
        "GroupId": 5532,
        "Proud": {
          "Descriptions": [
            "技能伤害|{param1:F1P}",
            "防御力提升|{param2:I}",
            "岩元素伤害加成|{param3:P}",
            "持续时间|{param4:F1}秒",
            "冷却时间|{param5:F1}秒"
          ],
          "Parameters": [
            {
              "Level": 1,
              "Parameters": [
                1.072,
                206.16,
                0.15,
                10,
                10
              ]
            },
            {
              "Level": 2,
              "Parameters": [
                1.1524,
                221.622,
                0.15,
                10,
                10
              ]
            },
            {
              "Level": 3,
              "Parameters": [
                1.2328,
                237.084,
                0.15,
                10,
                10
              ]
            },
            {
              "Level": 4,
              "Parameters": [
                1.34,
                257.7,
                0.15,
                10,
                10
              ]
            },
            {
              "Level": 5,
              "Parameters": [
                1.4204,
                273.162,
                0.15,
                10,
                10
              ]
            },
            {
              "Level": 6,
              "Parameters": [
                1.5008,
                288.624,
                0.15,
                10,
                10
              ]
            },
            {
              "Level": 7,
              "Parameters": [
                1.608,
                309.24,
                0.15,
                10,
                10
              ]
            },
            {
              "Level": 8,
              "Parameters": [
                1.7152,
                329.856,
                0.15,
                10,
                10
              ]
            },
            {
              "Level": 9,
              "Parameters": [
                1.8224,
                350.472,
                0.15,
                10,
                10
              ]
            },
            {
              "Level": 10,
              "Parameters": [
                1.9296,
                371.088,
                0.15,
                10,
                10
              ]
            },
            {
              "Level": 11,
              "Parameters": [
                2.0368,
                391.704,
                0.15,
                10,
                10
              ]
            },
            {
              "Level": 12,
              "Parameters": [
                2.144,
                412.32,
                0.15,
                10,
                10
              ]
            },
            {
              "Level": 13,
              "Parameters": [
                2.278,
                438.09,
                0.15,
                10,
                10
              ]
            },
            {
              "Level": 14,
              "Parameters": [
                2.412,
                463.86,
                0.15,
                10,
                10
              ]
            },
            {
              "Level": 15,
              "Parameters": [
                2.546,
                489.63,
                0.15,
                10,
                10
              ]
            }
          ]
        },
        "Id": 10552,
        "Name": "犬坂吠吠方圆阵",
        "Description": "造成<color=#FFE699FF>岩元素范围伤害</color>，并立起大将旗指物。\n\n<color=#FFD780FF>大将旗指物</color>\n依据施放时队伍中元素类型为<color=#FFE699FF>岩元素</color>的角色数量，为其领域内的当前场上角色赋予如下效果：\n·一名角色时：「坚牢」：防御力提升；\n·二名角色时：「难破」：除上述效果外，提升抗打断能力；\n·三名角色时：「摧碎」：除上述效果外，获得<color=#FFE699FF>岩元素伤害加成</color>。\n\n同时只能存在一个由五郎自己创造的大将旗指物；角色只能获得一个大将旗指物提供的效果。角色离开领域后，领域的效果将持续2秒。\n\n<color=#FFD780FF>长按</color>\n可以调整技能生效位置。\n\n<i>「只要进入此阵中，便能保证性命安全无虞！」无论何时何地，作为领军的大将，五郎最不希望看到的就是跟随其身后的同伴受到伤害吧。</i>",
        "Icon": "Skill_S_Gorou_01"
      }
    ],
    "EnergySkill": {
      "GroupId": 5539,
      "Proud": {
        "Descriptions": [
          "技能伤害|{param1:P}防御力",
          "岩晶崩破伤害|{param2:P}防御力",
          "持续时间|{param3:F1}秒",
          "冷却时间|{param4:F1}秒",
          "元素能量|{param5:I}"
        ],
        "Parameters": [
          {
            "Level": 1,
            "Parameters": [
              0.98216,
              0.613,
              9,
              20,
              80
            ]
          },
          {
            "Level": 2,
            "Parameters": [
              1.055822,
              0.658975,
              9,
              20,
              80
            ]
          },
          {
            "Level": 3,
            "Parameters": [
              1.129484,
              0.70495,
              9,
              20,
              80
            ]
          },
          {
            "Level": 4,
            "Parameters": [
              1.2277,
              0.76625,
              9,
              20,
              80
            ]
          },
          {
            "Level": 5,
            "Parameters": [
              1.301362,
              0.812225,
              9,
              20,
              80
            ]
          },
          {
            "Level": 6,
            "Parameters": [
              1.375024,
              0.8582,
              9,
              20,
              80
            ]
          },
          {
            "Level": 7,
            "Parameters": [
              1.47324,
              0.9195,
              9,
              20,
              80
            ]
          },
          {
            "Level": 8,
            "Parameters": [
              1.571456,
              0.9808,
              9,
              20,
              80
            ]
          },
          {
            "Level": 9,
            "Parameters": [
              1.669672,
              1.0421,
              9,
              20,
              80
            ]
          },
          {
            "Level": 10,
            "Parameters": [
              1.767888,
              1.1034,
              9,
              20,
              80
            ]
          },
          {
            "Level": 11,
            "Parameters": [
              1.866104,
              1.1647,
              9,
              20,
              80
            ]
          },
          {
            "Level": 12,
            "Parameters": [
              1.96432,
              1.226,
              9,
              20,
              80
            ]
          },
          {
            "Level": 13,
            "Parameters": [
              2.08709,
              1.302625,
              9,
              20,
              80
            ]
          },
          {
            "Level": 14,
            "Parameters": [
              2.20986,
              1.37925,
              9,
              20,
              80
            ]
          },
          {
            "Level": 15,
            "Parameters": [
              2.33263,
              1.455875,
              9,
              20,
              80
            ]
          }
        ]
      },
      "Id": 10555,
      "Name": "兽牙逐突形胜战法",
      "Description": "展现大将之威，造成<color=#FFE699FF>岩元素范围伤害</color>，并展开大将威仪之领域，鼓舞身边的战友。\n\n<color=#FFD780FF>大将威仪</color>\n具有如下特性：\n·领域拥有等同于元素战技「犬坂吠吠方圆阵」创造的大将旗指物的效果，依据施放时队伍中元素类型为<color=#FFE699FF>岩元素</color>的角色数量，为其领域内的当前场上角色赋予效果，并且会随着当前场上角色移动；\n·每1.5秒，会产生一次岩晶崩破，对领域内一名敌人造成<color=#FFE699FF>岩元素范围伤害</color>；\n·每1.5秒，将领域内1枚结晶反应产生的晶片吸引至当前角色的位置。\n\n施放时，若场上存在五郎自己的大将旗指物，会将其破坏。此外，在大将威仪的持续期间，五郎自己施放元素战技「犬坂吠吠方圆阵」时，将不会产生大将旗指物。\n五郎倒下时将解除五郎自己的大将威仪效果。\n\n<i>「地势在我！」五郎能够稍许改变战场的地势以获得胜利，此为对抗强敌的不二秘诀。</i>",
      "Icon": "Skill_E_Gorou_01"
    },
    "Inherents": [
      {
        "GroupId": 5521,
        "Proud": {
          "Descriptions": [],
          "Parameters": [
            {
              "Level": 1,
              "Parameters": [
                0.25,
                12
              ]
            }
          ]
        },
        "Id": 552101,
        "Name": "不畏风雨",
        "Description": "施放<color=#FFD780FF>兽牙逐突形胜战法</color>后的12秒内，附近的队伍中所有角色的防御力提升25%。",
        "Icon": "UI_Talent_S_Gorou_05"
      },
      {
        "GroupId": 5522,
        "Proud": {
          "Descriptions": [],
          "Parameters": [
            {
              "Level": 1,
              "Parameters": [
                1.56,
                0.156
              ]
            }
          ]
        },
        "Id": 552201,
        "Name": "报恩之守",
        "Description": "基于防御力，五郎的以下攻击造成的伤害提高：\n·<color=#FFD780FF>犬坂吠吠方圆阵</color>的技能伤害提高值：防御力的156%；\n·<color=#FFD780FF>兽牙逐突形胜战法</color>的技能伤害与岩晶崩破伤害提高值：防御力的15.6%。",
        "Icon": "UI_Talent_S_Gorou_06"
      },
      {
        "GroupId": 5523,
        "Proud": {
          "Descriptions": [],
          "Parameters": [
            {
              "Level": 1,
              "Parameters": []
            }
          ]
        },
        "Id": 552301,
        "Name": "亮晶晶发现术",
        "Description": "在小地图上显示周围的<color=#FFD780FF>稻妻区域特产</color>的位置。",
        "Icon": "UI_Talent_S_Gorou_07"
      }
    ],
    "Talents": [
      {
        "Id": 551,
        "Name": "犬奔·疾如风",
        "Description": "处于五郎自己的<color=#FFD780FF>大将旗指物</color>或<color=#FFD780FF>大将威仪</color>领域中的当前场上角色（除了五郎自己）对敌人造成岩元素伤害后，五郎自己的<color=#FFD780FF>犬坂吠吠方圆阵</color>冷却时间减少2秒。\n该效果每10秒至多触发一次。",
        "Icon": "UI_Talent_S_Gorou_01"
      },
      {
        "Id": 552,
        "Name": "犬坐·稳如钟",
        "Description": "在<color=#FFD780FF>大将威仪</color>的持续期间，附近的当前场上角色获取结晶反应产生的晶片后，五郎自己的大将威仪的持续时间延长1秒。\n该效果每0.1秒至多触发一次，至多通过这种方式延长3秒持续时间。",
        "Icon": "UI_Talent_S_Gorou_02"
      },
      {
        "Id": 553,
        "Name": "犬爪·势如火",
        "Description": "<color=#FFD780FF>犬坂吠吠方圆阵</color>的技能等级提高3级。\n至多提升至15级。",
        "Icon": "UI_Talent_U_Gorou_01",
        "ExtraLevel": {
          "Index": 2,
          "Level": 3
        }
      },
      {
        "Id": 554,
        "Name": "犬舐·温如水",
        "Description": "<color=#FFD780FF>大将威仪</color>在具有「难破」或「摧碎」的效果时，每1.5秒，为领域内的当前场上角色恢复生命值，回复量相当于五郎自己防御力的50%。",
        "Icon": "UI_Talent_S_Gorou_03"
      },
      {
        "Id": 555,
        "Name": "犬突·动如雷",
        "Description": "<color=#FFD780FF>兽牙逐突形胜战法</color>的技能等级提高3级。\n至多提升至15级。",
        "Icon": "UI_Talent_U_Gorou_02",
        "ExtraLevel": {
          "Index": 9,
          "Level": 3
        }
      },
      {
        "Id": 556,
        "Name": "犬勇·忠如山",
        "Description": "施放<color=#FFD780FF>犬坂吠吠方圆阵</color>或<color=#FFD780FF>兽牙逐突形胜战法</color>后的12秒内，依据施放时的领域等级，提高附近的队伍中所有角色<color=#FFE699FF>岩元素伤害</color>的暴击伤害：\n·「坚牢」：提高10%；\n·「难破」：提高20%；\n·「摧碎」：提高40%。\n\n该效果无法叠加，以后生效的为准。",
        "Icon": "UI_Talent_S_Gorou_04"
      }
    ]
  },
  "FetterInfo": {
    "Title": "戎犬锵锵",
    "Detail": "海祇岛军的大将，深受部下信赖。",
    "Association": 5,
    "Native": "海祇岛",
    "BirthMonth": 5,
    "BirthDay": 18,
    "VisionBefore": "岩",
    "ConstellationBefore": "柴犬座",
    "CvChinese": "杨昕燃",
    "CvJapanese": "畠中祐",
    "CvEnglish": "科里·易",
    "CvKorean": "李晓",
    "CookBonus": {
      "OriginItemId": 108262,
      "ItemId": 108365,
      "InputList": [
        100061,
        110001,
        100091,
        100062
      ]
    },
    "Fetters": [
      {
        "Title": "初次见面…",
        "Context": "海祇岛反抗军大将，五郎，前来助阵！早就听说过你的威名了，我将与你齐驱并进，一同攻夺胜利！哈哈，怎么样，我刚刚这句话的气势，还不错吧？"
      },
      {
        "Title": "闲聊·军略",
        "Context": "枕戈坐甲，才能应对变数。"
      },
      {
        "Title": "闲聊·训练",
        "Context": "难得没有战事，来场体能训练吧！"
      },
      {
        "Title": "闲聊·体格",
        "Context": "魁梧的体格是力量的象征，对鼓舞士气也很有帮助。我得再加把劲啊！"
      },
      {
        "Title": "下雨的时候…",
        "Context": "尾巴湿了…找堆篝火烤一烤吧。"
      },
      {
        "Title": "打雷的时候…",
        "Context": "有敌情吗！"
      },
      {
        "Title": "下雪的时候…",
        "Context": "好冷…这种天气不适合露天活动啊…"
      },
      {
        "Title": "阳光很好…",
        "Context": "晒太阳虽好，士气却不能松懈啊。"
      },
      {
        "Title": "刮大风了…",
        "Context": "顺风进攻，我方占优。逆风作战，也不必畏惧！"
      },
      {
        "Title": "早上好…",
        "Context": "晨练时间到了，要和我一起去登山吗？"
      },
      {
        "Title": "中午好…",
        "Context": "午饭就吃鲜鱼炖萝卜和白米饭吧。这种搭配在反抗军中很流行，推荐你也试一试。"
      },
      {
        "Title": "晚上好…",
        "Context": "晚上也不能怠懈，要让眼睛充分适应黑暗。毕竟，黑灯瞎火的地方，也有可能变成战场。"
      },
      {
        "Title": "晚安…",
        "Context": "累了吗？那就安心休息吧。待在这里放哨的任务就交给我了！保证你回来的时候，一切都跟现在一模一样。"
      },
      {
        "Title": "关于五郎自己·大哥",
        "Context": "「五郎大哥」？你是从哪里听到的啊！唉…实不相瞒。平时，我和将士们的交流都很密切，有什么好东西也都大家一起分享。他们敬重我，私底下就大哥大哥地叫了起来。可实际上，他们的年纪都比我大啊…"
      },
      {
        "Title": "关于五郎自己·建议",
        "Context": "大概因为我总是打胜仗吧，总感觉将士们把我想象成了特别厉害的人，哪怕是小事也会来问我的建议。他们的眼神让我没法拒绝，但我的计策也有限…只能讲些大道理，或是凭直觉给出答案了。唉，会不会对不起他们呢…"
      },
      {
        "Title": "关于我们·倾诉",
        "Context": "有什么烦恼，千万不要埋在心里，来和我说说吧。虽然我不是什么事情都在行，但我一定会尽力为你出谋划策的。就算…就算答案不够可靠，至少我也是你忠实的听众。"
      },
      {
        "Title": "关于我们·同食同寝",
        "Context": "一起训练，一起吃饭，一起休息…方便随时交流，还能增进我们之间的默契。到了关键时刻，一个眼神就能传递重要的信息…欸？这样不合适吗？唔…我和其他兄弟都是这样熟悉起来的啊。"
      },
      {
        "Title": "关于「神之眼」…",
        "Context": "「神之眼」为我的战斗提供了许多帮助，让我能在战场上承担更多责任，为战友们开辟道路。但我也明白，个人的力量再强，都没法左右战争的胜负。大家齐心协力才是关键。"
      },
      {
        "Title": "有什么想要分享·轻装上阵",
        "Context": "轻装上阵正是我的风格。我擅长灵活游走，寻找战机。我的箭矢会优先对准敌方最强的将士，挫伤对方的锐气。"
      },
      {
        "Title": "有什么想要分享·常胜将军",
        "Context": "将士们给我取了个绰号，叫「常胜的尖耳将军」，还有些奇怪的传闻，说是「摸到五郎大哥的耳朵，就能获得常胜将军的好运」。唔…摸是绝对不行的！他们笑得再开心也不行！欸？你也想摸？喂，喂…"
      },
      {
        "Title": "感兴趣的见闻…",
        "Context": "听说璃月有着高耸入云的群山，真想亲眼去看看，再尽情攀登一番。"
      },
      {
        "Title": "关于北斗…",
        "Context": "北斗船长重视情义、身手不凡，令人尊敬。她曾说不愿把同伴卷入纷争，我们也理解这一点。因此，只有到了必要的时候，才会请她来帮忙。"
      },
      {
        "Title": "关于枫原万叶…",
        "Context": "我见过形形色色的浮浪人，万叶绝对是他们之中最特殊的一位。他就像一缕风，不会在任何地方停留，但总能给身边人带来些什么。和他并肩战斗期间，我就从他身上学会了几分「洒脱」。总之，我和万叶相当合拍！"
      },
      {
        "Title": "关于珊瑚宫心海·职责",
        "Context": "珊瑚宫大人作为海祇岛最高领袖，负责掌控大局，制定计划。我负责将细节落实，把控前线的形势。反抗军上下一心，只求胜利。"
      },
      {
        "Title": "关于珊瑚宫心海·态度",
        "Context": "我对珊瑚宫大人抱有崇高的敬意。珊瑚宫大人神机妙算，没有她的谋略和统筹，反抗军不可能取得如今的战果。只不过，私底下她似乎更偏好安静的生活。没有军事要务的话，我不会主动打搅她。"
      },
      {
        "Title": "关于雷电将军…",
        "Context": "雷电将军…不论理由如何，我无法认同她以前的做法。现在，海祇岛与幕府签订了和平条约，但我绝不会放松警惕。假如冲突再次爆发，我必定会重返前线。"
      },
      {
        "Title": "关于九条裟罗…",
        "Context": "我对幕府军没有好感，但九条裟罗，也许是幕府军里最正直的一位将领了。我们之间进行过数次较量，各有胜负。我曾不成熟地想过，要是这样的人能够重视民众的愿望，不受幕府掌控就好了。"
      },
      {
        "Title": "关于八重神子…",
        "Context": "那个女人…我们可以不聊她吗？我来帮你干活，什么杂活都没有问题…呜…就当是为了我的身心健康着想，我们还是换个话题吧？"
      },
      {
        "Title": "关于神里绫华…",
        "Context": "社奉行从属于幕府，但立场更倾向于民众。在这种两面为难的处境下，「白鹭公主」还能站稳脚跟，应该是特别冷静，又能把握做事分寸的人吧。这一点值得我学习。"
      },
      {
        "Title": "关于早柚…",
        "Context": "我军情报显示，那位忍者精通潜入之法，也许她的忍术能够在珊瑚宫大人的某些奇策中发挥作用…不过，情报里又说很难掌握她的行踪，看来不好招募啊…欸？你说她是社奉行的人？…呃，那还是算了。"
      },
      {
        "Title": "关于鹿野院平藏…",
        "Context": "你说那个鬼鬼祟祟，游手好闲的侦探先生？毕竟是来自幕府的家伙，没办法完全信任，我会继续盯紧他的。说起来，他倒是有那么点探案的功夫。至于这是不是什么阴谋诡计…嗯，就得用时间来证明了。"
      },
      {
        "Title": "想要了解五郎·其一",
        "Context": "毕竟我大多时间都在战场上，我的故事，可能不算很有趣…但如果你想听的话，我就慢慢和你说，想到什么说什么。"
      },
      {
        "Title": "想要了解五郎·其二",
        "Context": "我没有令人敬畏的智谋，只有一双手和一条命。也许我的手足够有力，命足够硬吧，这么多年来，经历了不知多少场恶战，都成功活了下来。有人说，只要跟着我，不管遇上多绝望的战局，都能平安无事。就这样，不知不觉，我得到了大家的认可，成为了将领。"
      },
      {
        "Title": "想要了解五郎·其三",
        "Context": "最初，我们的敌人是流寇、海贼和魔物，但后来，雷电将军颁布了「眼狩令」。气焰嚣张的幕府军来到了我们的面前，被我们迎头痛击。哈哈，大概他们也没想到，会遭受如此激烈的抵抗吧。"
      },
      {
        "Title": "想要了解五郎·其四",
        "Context": "珊瑚宫大人曾经说过，我有个致命的弱点，战斗的时候太过忘我，只顾着深入敌阵。她说勇猛是好事，但对于统率一军的将领而言，这样并不称职。我…努力在改进这一点！你…能够在我身边，监督我吗？"
      },
      {
        "Title": "想要了解五郎·其五",
        "Context": "我需要抗争到底的对象，并非特定的团体或阵营，而是一种「恶意」。这种「恶意」曾践踏大家的愿望，破坏大家平静的生活，肆意伤害大家…彻底消除它们后，我就能安心放下武器了。等那时候，我就换上便服，和你在海祇岛上随意地散步吧。"
      },
      {
        "Title": "五郎的爱好…",
        "Context": "我喜欢登山，越险峻的山越好。登山能锤炼我的肉体和精神，让我变得更强壮。还有，和同伴一起登山。在挥洒汗水后共同欣赏山间的美景，也是人生一大乐趣。不过，我不敢…不想攀爬稻妻的最高峰…"
      },
      {
        "Title": "五郎的烦恼…",
        "Context": "轻装上阵也有不方便的时候，比如，一旦遇上火攻，我的尾巴就要格外小心。"
      },
      {
        "Title": "喜欢的食物…",
        "Context": "我喜欢蛋糕和三彩团子！嗯…大概是因为我很少吃到这类精致的点心吧。军营里的饭菜强调简便快捷，通常也不会用到太多调味料，至于糖，就更是珍贵物资了。甜味…我无法拒绝！"
      },
      {
        "Title": "讨厌的食物…",
        "Context": "大部分食物我都不忌口，可洋葱是个例外。有一次，后勤兵往饭菜里加了洋葱末，让我在饭桌上痛哭流涕…啊，那次实在太丢人了！弄得后勤兵也很过意不去。"
      },
      {
        "Title": "收到赠礼·其一",
        "Context": "这种甜味，完全无法抵抗！"
      },
      {
        "Title": "收到赠礼·其二",
        "Context": "哦！心中气势大增！有什么需要我帮忙的吗！"
      },
      {
        "Title": "收到赠礼·其三",
        "Context": "比想象中的还要辛辣…呜，我…我有些力不从心了。"
      },
      {
        "Title": "生日…",
        "Context": "今天是你的生日，是意义重大的一天，请允许我来为你庆祝吧。我们在海边生一堆篝火，抓来最新鲜的鱼和螃蟹，我想给你亲手做一顿大将级别的「士气晚餐」！"
      },
      {
        "Title": "突破的感受·起",
        "Context": "强大的力量，是为了保护同伴。"
      },
      {
        "Title": "突破的感受·承",
        "Context": "要保护同伴，不能只是被动防守，必须积极进攻。"
      },
      {
        "Title": "突破的感受·转",
        "Context": "攻夺胜利的要领，是牢记战斗的意义，遵循正确的战法，拿出锐不可当的气势。"
      },
      {
        "Title": "突破的感受·合",
        "Context": "有了锐不可当的气势，与战友们紧密配合，方可无往不胜。谢谢你的指点！这是属于你我二人共同的胜利。"
      },
      {
        "Title": "元素战技·其一",
        "Context": "进军！"
      },
      {
        "Title": "元素战技·其二",
        "Context": "强攻！"
      },
      {
        "Title": "元素战技·其三",
        "Context": "结阵！"
      },
      {
        "Title": "元素爆发·其一",
        "Context": "随我出征！"
      },
      {
        "Title": "元素爆发·其二",
        "Context": "势如破竹！"
      },
      {
        "Title": "元素爆发·其三",
        "Context": "兵贵先声！"
      },
      {
        "Title": "打开宝箱·其一",
        "Context": "今日运势不错！"
      },
      {
        "Title": "打开宝箱·其二",
        "Context": "和同伴们一起分享收获吧！"
      },
      {
        "Title": "打开宝箱·其三",
        "Context": "这个宝箱…埋伏了我？"
      },
      {
        "Title": "冲刺开始·其一",
        "Context": "随我来。"
      },
      {
        "Title": "生命值低·其一",
        "Context": "我还能战斗！"
      },
      {
        "Title": "生命值低·其二",
        "Context": "大意了！"
      },
      {
        "Title": "生命值低·其三",
        "Context": "没到认输的时候！"
      },
      {
        "Title": "同伴生命值低·其一",
        "Context": "按甲休兵！"
      },
      {
        "Title": "同伴生命值低·其二",
        "Context": "不要乱了阵脚！"
      },
      {
        "Title": "倒下·其一",
        "Context": "兵败了…"
      },
      {
        "Title": "倒下·其二",
        "Context": "海祇岛的…大家…"
      },
      {
        "Title": "倒下·其三",
        "Context": "全军…撤退…"
      },
      {
        "Title": "普通受击·其一",
        "Context": "不痛不痒！"
      },
      {
        "Title": "重受击·其一",
        "Context": "再来！"
      },
      {
        "Title": "加入队伍·其一",
        "Context": "整装待发！"
      },
      {
        "Title": "加入队伍·其二",
        "Context": "准备进军！"
      },
      {
        "Title": "加入队伍·其三",
        "Context": "行兵列阵！"
      }
    ],
    "FetterStories": [
      {
        "Title": "角色详细",
        "Context": "五郎是海祇岛军的大将，在军队中威望极高，深受部下们爱戴。\n眼狩令期间，五郎多次带领海祇岛军与幕府军作战，即使条件艰难，也成功守住了防线。\n将士们称他为「常胜的尖耳将军」，这一称号在幕府方面也广为流传。\n私下里，五郎却没什么架子，待人真挚直率，是士兵们公认的知心大哥。\n不过，即使是这样一位优秀的将领，似乎也有着一些自己的烦恼…"
      },
      {
        "Title": "角色故事1",
        "Context": "五郎曾经是海祇岛一名普通的士兵。\n某次特别行动中，五郎所在的「圆鳗二番队」遇到了前所未有的危机。\n队长因流矢牺牲，小队幸存成员全数被围困在深山中。\n是否要继续执行任务、是否要派人突围求援、是否要与敌方进行交涉…无数待解决的现实问题摆在眼前，山中却是一片沉默。\n群龙无首，粮草断绝，整个小队岌岌可危。士气每况愈下，许多人甚至出现了「投降」的想法。\n关键时刻，五郎站了出来。他先否决了「交涉」与「投降」的建议，随后提出了一个大胆的方案——\n放弃躲藏，由他带领大部分士兵佯装进攻，为其他人创造求援的机会。待援军抵达，便能配合五郎一起完成两面夹击。\n在被问及计划失败怎么办时，五郎回答道：\n「一旦敌方收紧包围，局面将会更加被动。眼下尚有一线生机，我们必须奋力一搏。」\n「如果计划失败，我负全责。」\n不眠不休地坚守数日后，精疲力竭的五郎一行人终于等来了由珊瑚宫心海亲自率领的援军。\n那之后，他被提拔为圆鳗二番队队长，并在之后逐步升任海祇岛「大将」。"
      },
      {
        "Title": "角色故事2",
        "Context": "士兵们眼中的五郎，是一位威严却不高傲的将军。\n他性格爽朗直率，视部下为手足，与他们同甘共苦。\n珊瑚宫心海曾告诉五郎，装备、粮草、军饷，是军中三大头等要事。\n自那以后，五郎便会亲自给部下讲解保养武器的方法。每次分发粮草军饷，他也会严格监督，以免发生任何克扣。\n除此之外，身为海祇岛「大将」的五郎，作战时总会亲自率军冲锋。\n冲在最前面的他，其背影犹如一面旗帜，鼓舞着身后的士兵与他一同向前。\n以上种种，便是士兵们尊敬五郎的原因。与心海一样，五郎将士兵的性命看得极重，却将自己看得很轻。\n一些不懂其中考量的人，偶尔会笑话五郎是个毫无大将之风的「毛头小子」。\n但对海祇岛的士兵而言，这个「毛头小子」正是他们最好的大将。"
      },
      {
        "Title": "角色故事3",
        "Context": "五郎勇敢果决，常常带领部下以弱胜强。\n不过，他也有着自己的问题——心性不稳。\n战至酣处，五郎甚至会热血上头。\n战争是残酷的，相较于那些在战场上摸爬滚打了几十年的老将，五郎的临阵经验确实稍显不足。\n好在他的学习速度很快，这种小小的缺陷正在被弥补。\n珊瑚宫心海会给军队将领提供锦囊，但如何使用锦囊，取决于将领自身的水平。\n五郎总能在锦囊中找到最适合当前局势的方略，并将其贯彻到底。\n日积月累，相信终有一日可以融会贯通。到那时，五郎一定会更加胸有成竹。"
      },
      {
        "Title": "角色故事4",
        "Context": "受八重神子之托，五郎在八重堂有一份额外的「工作」。\n眼狩令结束，海祇岛与幕府的谈判也顺利完成，双方往来日益密切。\n五郎也多次来到鸣神岛，看看这里的变化，买一些时下的书籍，顺便去八重堂完成自己答应的事情。\n八重神子在《闲事月刊》上为五郎开了一个匿名专栏。读者将烦恼的事情写在信里，寄到八重堂，五郎则会给出自己的建议。\n在这个过程中，读者的来信与五郎的回答都会经过八重堂特殊处理，略去现实信息，以假名替代。\n据八重神子说，之所以选择五郎，是听说他在军中常与部下聊天谈心。\n专栏很受欢迎，可不知为何，八重堂的编辑每次将稿酬交到五郎手中时，都会心虚地进行一番简短的询问：\n「说起来，五郎你听说过希娜小姐吗？」\n「听说是最近很受欢迎的专栏作者，发生什么事了吗？」\n「不不，没事没事…」"
      },
      {
        "Title": "角色故事5",
        "Context": "就像士兵们不会对五郎无话不谈，五郎自己也有一些难以启齿的烦恼。\n比如尾巴上的毛在风吹日晒后，往往会色泽枯槁，想要保养却又不得其法。\n再比如每次跟部下共浴时，都会因身材不够壮实而深感遗憾。\n生活中遇到像八重神子这样捉摸不透的女性时，五郎会直接进入戒备状态，很难正常交流…\n努力想要维持威严的五郎，并不会把这些烦恼说给部下听。\n海祇岛士兵们虽然看出了些许端倪，但也总是配合五郎，装作没有察觉的样子。\n于是烦恼日益增多。直到旅行者出现，这位善于为他人排忧解难的海祇岛大将才终于找到同伴来解决自身烦恼。"
      },
      {
        "Title": "登山套装",
        "Context": "要说五郎的爱好，「登山」应该能排得上前三名。\n和同伴一起登山，挥洒汗水后欣赏山间的美景，既有助于锻炼身心，又能增进同伴之间的感情。\n为了更好地享受登山的乐趣，五郎也从一位旅行商人手中购买了登山套装。\n这套装备算不上名贵，但胜在结实耐用，帮助五郎征服过许多险峻高山。\n五郎像保养武器一样，小心地保养着登山装备。想必今后的岁月里，它还会陪伴五郎去到更多地方吧。"
      },
      {
        "Title": "神之眼",
        "Context": "曾经很长一段时间里，五郎将战局失利一事完全归咎于自己。\n「再变强一些，说不定就能扭转战局。」\n带着这样的想法，五郎日夜训练弓术，试图靠个人力量带领同伴取得胜利。\n但到战场上磨砺一段时间后，五郎亲眼见到强大的战士落单被生擒，陷入劣势的弱小士兵却依靠团结作战击溃敌军。\n那时五郎才意识到，个人力量在战场上是有极限的。\n提升实力固然重要，更重要的却是让将士们齐心配合，并肩向前。\n一支队伍只有做到集体强大，才能在战场上无往不利。\n意识到这一点的五郎不再追求极致的弓术，而是把精力投给身边人，关注同伴各方面状态，帮助大家一起进步。\n——现在想来，这或许也是五郎获得神之眼的契机。"
      }
    ]
  },
  "Costumes": [
    {
      "Id": 205500,
      "Name": "百狩之义铠",
      "Description": "五郎的装扮款式。为使神射将军五郎御弓灵便而打造的轻铠，肩头与肘部护有甲片，便于控弦。",
      "IsDefault": true
    }
  ],
  "CultivationItems": [
    104174,
    113023,
    101207,
    112055,
    104328,
    113025
  ],
  "NameCard": {
    "Name": "五郎·悠犬",
    "Description": "名片纹饰。\n只要相信自己行走的道路，那么这漫长旅途中遇到的一切都将是令人愉快的。",
    "Icon": "UI_NameCardIcon_Gorou",
    "PicturePrefix": "UI_NameCardPic_Gorou"
  }
}