{
  "Id": 10000052,
  "PromoteId": 52,
  "Sort": 39,
  "Body": 3,
  "Icon": "UI_AvatarIcon_Shougun",
  "SideIcon": "UI_AvatarIcon_Side_Shougun",
  "Name": "雷电将军",
  "Description": "其身为御建鸣神主尊大御所大人，许稻妻人民以亘古不变之「永恒」。",
  "BeginTime": "2021-09-01T00:00:00+08:00",
  "Quality": 5,
  "Weapon": 13,
  "BaseValue": {
    "HpBase": 1004.79926,
    "AttackBase": 26.2542,
    "DefenseBase": 61.44541
  },
  "GrowCurves": [
    {
      "Type": 1,
      "Value": 21
    },
    {
      "Type": 4,
      "Value": 31
    },
    {
      "Type": 7,
      "Value": 21
    }
  ],
  "SkillDepot": {
    "Arkhe": 0,
    "Skills": [
      {
        "GroupId": 5231,
        "Proud": {
          "Descriptions": [
            "一段伤害|{param1:F1P}",
            "二段伤害|{param2:F1P}",
            "三段伤害|{param3:F1P}",
            "四段伤害|{param4:F1P}+{param5:F1P}",
            "五段伤害|{param6:F1P}",
            "重击伤害|{param7:F1P}",
            "重击体力消耗|{param8:F1}点",
            "下坠期间伤害|{param9:F1P}",
            "低空/高空坠地冲击伤害|{param10:P}/{param11:P}"
          ],
          "Parameters": [
            {
              "Level": 1,
              "Parameters": [
                0.39646,
                0.39732,
                0.4988,
                0.28982,
                0.28982,
                0.65446,
                0.99588,
                25,
                0.639324,
                1.278377,
                1.596762
              ]
            },
            {
              "Level": 2,
              "Parameters": [
                0.42873,
                0.42966,
                0.5394,
                0.31341,
                0.31341,
                0.70773,
                1.07694,
                25,
                0.691362,
                1.382431,
                1.726731
              ]
            },
            {
              "Level": 3,
              "Parameters": [
                0.461,
                0.462,
                0.58,
                0.337,
                0.337,
                0.761,
                1.158,
                25,
                0.7434,
                1.486485,
                1.8567
              ]
            },
            {
              "Level": 4,
              "Parameters": [
                0.5071,
                0.5082,
                0.638,
                0.3707,
                0.3707,
                0.8371,
                1.2738,
                25,
                0.81774,
                1.635134,
                2.04237
              ]
            },
            {
              "Level": 5,
              "Parameters": [
                0.53937,
                0.54054,
                0.6786,
                0.39429,
                0.39429,
                0.89037,
                1.35486,
                25,
                0.869778,
                1.739187,
                2.172339
              ]
            },
            {
              "Level": 6,
              "Parameters": [
                0.57625,
                0.5775,
                0.725,
                0.42125,
                0.42125,
                0.95125,
                1.4475,
                25,
                0.92925,
                1.858106,
                2.320875
              ]
            },
            {
              "Level": 7,
              "Parameters": [
                0.62696,
                0.62832,
                0.7888,
                0.45832,
                0.45832,
                1.03496,
                1.57488,
                25,
                1.011024,
                2.02162,
                2.525112
              ]
            },
            {
              "Level": 8,
              "Parameters": [
                0.67767,
                0.67914,
                0.8526,
                0.49539,
                0.49539,
                1.11867,
                1.70226,
                25,
                1.092798,
                2.185133,
                2.729349
              ]
            },
            {
              "Level": 9,
              "Parameters": [
                0.72838,
                0.72996,
                0.9164,
                0.53246,
                0.53246,
                1.20238,
                1.82964,
                25,
                1.174572,
                2.348646,
                2.933586
              ]
            },
            {
              "Level": 10,
              "Parameters": [
                0.7837,
                0.7854,
                0.986,
                0.5729,
                0.5729,
                1.2937,
                1.9686,
                25,
                1.26378,
                2.527025,
                3.15639
              ]
            },
            {
              "Level": 11,
              "Parameters": [
                0.847087,
                0.848925,
                1.06575,
                0.619237,
                0.619237,
                1.398338,
                2.127825,
                25,
                1.352988,
                2.705403,
                3.379194
              ]
            },
            {
              "Level": 12,
              "Parameters": [
                0.921631,
                0.92363,
                1.159536,
                0.67373,
                0.67373,
                1.521391,
                2.315074,
                25,
                1.442196,
                2.883781,
                3.601998
              ]
            },
            {
              "Level": 13,
              "Parameters": [
                0.996175,
                0.998336,
                1.253322,
                0.728223,
                0.728223,
                1.644445,
                2.502322,
                25,
                1.531404,
                3.062159,
                3.824802
              ]
            },
            {
              "Level": 14,
              "Parameters": [
                1.070719,
                1.073041,
                1.347108,
                0.782716,
                0.782716,
                1.767499,
                2.689571,
                25,
                1.620612,
                3.240537,
                4.047606
              ]
            },
            {
              "Level": 15,
              "Parameters": [
                1.152039,
                1.154538,
                1.44942,
                0.842163,
                0.842163,
                1.901739,
                2.893842,
                25,
                1.70982,
                3.418915,
                4.27041
              ]
            }
          ]
        },
        "Id": 10521,
        "Name": "普通攻击·源流",
        "Description": "<color=#FFD780FF>普通攻击</color>\n进行至多五段的连续枪击。\n\n<color=#FFD780FF>重击</color>\n消耗一定体力，进行向上的挑斩攻击。\n\n<color=#FFD780FF>下落攻击</color>\n从空中下坠冲击地面，攻击下落路径上的敌人，并在落地时造成范围伤害。",
        "Icon": "Skill_A_03"
      },
      {
        "GroupId": 5232,
        "Proud": {
          "Descriptions": [
            "技能伤害|{param1:F1P}",
            "协同攻击伤害|{param2:F1P}",
            "持续时间|{param3:F1}秒",
            "元素爆发伤害提高|每点元素能量{param4:F2P}",
            "冷却时间|{param5:F1}秒"
          ],
          "Parameters": [
            {
              "Level": 1,
              "Parameters": [
                1.172,
                0.42,
                25,
                0.0022,
                10
              ]
            },
            {
              "Level": 2,
              "Parameters": [
                1.2599,
                0.4515,
                25,
                0.0023,
                10
              ]
            },
            {
              "Level": 3,
              "Parameters": [
                1.3478,
                0.483,
                25,
                0.0024,
                10
              ]
            },
            {
              "Level": 4,
              "Parameters": [
                1.465,
                0.525,
                25,
                0.0025,
                10
              ]
            },
            {
              "Level": 5,
              "Parameters": [
                1.5529,
                0.5565,
                25,
                0.0026,
                10
              ]
            },
            {
              "Level": 6,
              "Parameters": [
                1.6408,
                0.588,
                25,
                0.0027,
                10
              ]
            },
            {
              "Level": 7,
              "Parameters": [
                1.758,
                0.63,
                25,
                0.0028,
                10
              ]
            },
            {
              "Level": 8,
              "Parameters": [
                1.8752,
                0.672,
                25,
                0.0029,
                10
              ]
            },
            {
              "Level": 9,
              "Parameters": [
                1.9924,
                0.714,
                25,
                0.003,
                10
              ]
            },
            {
              "Level": 10,
              "Parameters": [
                2.1096,
                0.756,
                25,
                0.003,
                10
              ]
            },
            {
              "Level": 11,
              "Parameters": [
                2.2268,
                0.798,
                25,
                0.003,
                10
              ]
            },
            {
              "Level": 12,
              "Parameters": [
                2.344,
                0.84,
                25,
                0.003,
                10
              ]
            },
            {
              "Level": 13,
              "Parameters": [
                2.4905,
                0.8925,
                25,
                0.003,
                10
              ]
            },
            {
              "Level": 14,
              "Parameters": [
                2.637,
                0.945,
                25,
                0.003,
                10
              ]
            },
            {
              "Level": 15,
              "Parameters": [
                2.7835,
                0.9975,
                25,
                0.003,
                10
              ]
            }
          ]
        },
        "Id": 10522,
        "Name": "神变·恶曜开眼",
        "Description": "雷电将军展开净土的一角，对周围的敌人造成<color=#FFACFFFF>雷元素伤害</color>，为队伍中附近的所有角色授以「雷罚恶曜之眼」。\n\n<color=#FFD780FF>雷罚恶曜之眼</color>\n·获授雷罚恶曜之眼的角色的攻击对敌人造成伤害时，雷罚恶曜之眼会进行协同攻击，在敌人的位置造成<color=#FFACFFFF>雷元素范围伤害</color>。\n·获授雷罚恶曜之眼的角色在持续期间内，元素爆发造成的伤害获得提升，提升程度基于元素爆发的元素能量。\n\n每个队伍的雷罚恶曜之眼，每0.9秒至多进行一次协同攻击。\n由队伍中自己的角色以外的角色触发的协同攻击造成的伤害为原本的20%。\n\n<i>「手眼」之意，本指大神通者，其所见即是其所作为。雷神可以部署凶星之手眼，使其加护眷属，代行雷罚。</i>",
        "Icon": "Skill_S_Shougun_01"
      }
    ],
    "EnergySkill": {
      "GroupId": 5239,
      "Proud": {
        "Descriptions": [
          "梦想一刀基础伤害|{param1:P}",
          "愿力加成|每层{param2:F2P}/{param3:F2P}攻击力",
          "积攒愿力层数|每点元素能量{param4:F2}",
          "一段伤害|{param5:F1P}",
          "二段伤害|{param6:F1P}",
          "三段伤害|{param7:F1P}",
          "四段伤害|{param8:F1P}+{param9:F1P}",
          "五段伤害|{param10:F1P}",
          "重击伤害|{param11:F1P}+{param12:F1P}",
          "重击体力消耗|{param13:F1}点",
          "下坠期间伤害|{param14:F1P}",
          "低空/高空坠地冲击伤害|{param15:P}/{param16:P}",
          "梦想一心能量恢复|{param17:F1}",
          "梦想一心持续时间|{param18:F1}秒",
          "冷却时间|{param19:F1}秒",
          "元素能量|{param20:I}"
        ],
        "Parameters": [
          {
            "Level": 1,
            "Parameters": [
              4.008,
              0.03888,
              0.007262,
              0.15,
              0.447374,
              0.43956,
              0.538217,
              0.30888,
              0.30976,
              0.739438,
              0.616,
              0.7436,
              20,
              0.639324,
              1.278377,
              1.596762,
              1.6,
              7,
              18,
              90
            ]
          },
          {
            "Level": 2,
            "Parameters": [
              4.3086,
              0.041796,
              0.007806,
              0.16,
              0.477877,
              0.46953,
              0.574913,
              0.32994,
              0.33088,
              0.789854,
              0.658,
              0.7943,
              20,
              0.691362,
              1.382431,
              1.726731,
              1.7,
              7,
              18,
              90
            ]
          },
          {
            "Level": 3,
            "Parameters": [
              4.6092,
              0.044712,
              0.008351,
              0.16,
              0.50838,
              0.4995,
              0.61161,
              0.351,
              0.352,
              0.84027,
              0.7,
              0.845,
              20,
              0.7434,
              1.486485,
              1.8567,
              1.8,
              7,
              18,
              90
            ]
          },
          {
            "Level": 4,
            "Parameters": [
              5.01,
              0.0486,
              0.009077,
              0.17,
              0.54905,
              0.53946,
              0.660539,
              0.37908,
              0.38016,
              0.907492,
              0.756,
              0.9126,
              20,
              0.81774,
              1.635134,
              2.04237,
              1.9,
              7,
              18,
              90
            ]
          },
          {
            "Level": 5,
            "Parameters": [
              5.3106,
              0.051516,
              0.009622,
              0.17,
              0.579553,
              0.56943,
              0.697235,
              0.40014,
              0.40128,
              0.957908,
              0.798,
              0.9633,
              20,
              0.869778,
              1.739187,
              2.172339,
              2,
              7,
              18,
              90
            ]
          },
          {
            "Level": 6,
            "Parameters": [
              5.6112,
              0.054432,
              0.010166,
              0.18,
              0.61514,
              0.604395,
              0.740048,
              0.42471,
              0.42592,
              1.016727,
              0.847,
              1.02245,
              20,
              0.92925,
              1.858106,
              2.320875,
              2.1,
              7,
              18,
              90
            ]
          },
          {
            "Level": 7,
            "Parameters": [
              6.012,
              0.05832,
              0.010892,
              0.18,
              0.660894,
              0.64935,
              0.795093,
              0.4563,
              0.4576,
              1.092351,
              0.91,
              1.0985,
              20,
              1.011024,
              2.02162,
              2.525112,
              2.2,
              7,
              18,
              90
            ]
          },
          {
            "Level": 8,
            "Parameters": [
              6.4128,
              0.062208,
              0.011619,
              0.19,
              0.706648,
              0.694305,
              0.850138,
              0.48789,
              0.48928,
              1.167975,
              0.973,
              1.17455,
              20,
              1.092798,
              2.185133,
              2.729349,
              2.3,
              7,
              18,
              90
            ]
          },
          {
            "Level": 9,
            "Parameters": [
              6.8136,
              0.066096,
              0.012345,
              0.19,
              0.752402,
              0.73926,
              0.905183,
              0.51948,
              0.52096,
              1.2436,
              1.036,
              1.2506,
              20,
              1.174572,
              2.348646,
              2.933586,
              2.4,
              7,
              18,
              90
            ]
          },
          {
            "Level": 10,
            "Parameters": [
              7.2144,
              0.069984,
              0.013071,
              0.2,
              0.798157,
              0.784215,
              0.960228,
              0.55107,
              0.55264,
              1.319224,
              1.099,
              1.32665,
              20,
              1.26378,
              2.527025,
              3.15639,
              2.5,
              7,
              18,
              90
            ]
          },
          {
            "Level": 11,
            "Parameters": [
              7.6152,
              0.073872,
              0.013797,
              0.2,
              0.843911,
              0.82917,
              1.015273,
              0.58266,
              0.58432,
              1.394848,
              1.162,
              1.4027,
              20,
              1.352988,
              2.705403,
              3.379194,
              2.5,
              7,
              18,
              90
            ]
          },
          {
            "Level": 12,
            "Parameters": [
              8.016,
              0.07776,
              0.014523,
              0.2,
              0.889665,
              0.874125,
              1.070318,
              0.61425,
              0.616,
              1.470473,
              1.225,
              1.47875,
              20,
              1.442196,
              2.883781,
              3.601998,
              2.5,
              7,
              18,
              90
            ]
          },
          {
            "Level": 13,
            "Parameters": [
              8.517,
              0.08262,
              0.015431,
              0.2,
              0.935419,
              0.91908,
              1.125362,
              0.64584,
              0.64768,
              1.546097,
              1.288,
              1.5548,
              20,
              1.531404,
              3.062159,
              3.824802,
              2.5,
              7,
              18,
              90
            ]
          },
          {
            "Level": 14,
            "Parameters": [
              9.018,
              0.08748,
              0.016339,
              0.2,
              0.981173,
              0.964035,
              1.180407,
              0.67743,
              0.67936,
              1.621721,
              1.351,
              1.63085,
              20,
              1.620612,
              3.240537,
              4.047606,
              2.5,
              7,
              18,
              90
            ]
          },
          {
            "Level": 15,
            "Parameters": [
              9.519,
              0.09234,
              0.017246,
              0.2,
              1.026928,
              1.00899,
              1.235452,
              0.70902,
              0.71104,
              1.697345,
              1.414,
              1.7069,
              20,
              1.70982,
              3.418915,
              4.27041,
              2.5,
              7,
              18,
              90
            ]
          }
        ]
      },
      "Id": 10525,
      "Name": "奥义·梦想真说",
      "Description": "汇聚万千真言，竭尽诸愿百眼之愿力，斩出粉碎一切诅咒的梦想一刀，造成<color=#FFACFFFF>雷元素范围伤害</color>；并在接下来的一段时间内，使用「梦想一心」战斗。依据施放时消耗的诸愿百眼之轮的愿力层数，增加梦想一刀与梦想一心的攻击造成的伤害。\n\n<color=#FFD780FF>梦想一心</color>\n在此状态下，雷电将军将使用刀进行攻击，并将普通攻击、重击与下落攻击造成的伤害转为无法被附魔覆盖的<color=#FFACFFFF>雷元素伤害</color>，并在这些攻击命中敌人时，为队伍中附近的所有角色恢复元素能量。每1秒至多通过这种方式恢复一次元素能量，在持续期间内至多触发5次。\n在此状态下，雷电将军的抗打断能力提高，并免疫<color=#FFACFFFF>感电</color>反应的伤害。\n梦想一心状态下，雷电将军的普通攻击、重击与下落攻击造成的伤害，视为元素爆发伤害。\n\n梦想一心的效果将在雷电将军退场时解除。\n\n<color=#FFD780FF>诸愿百眼之轮</color>\n队伍中附近的角色（不包括雷电将军自己）施放元素爆发时，会依据元素爆发的元素能量，为雷电将军的诸愿百眼之轮积攒愿力。\n至多积攒60层愿力。\n\n诸愿百眼之轮中积攒的愿力，会在脱离战斗300秒后清除。\n\n<i>此为雷神最近领悟的全新秘剑。摒弃了「无想」，转而去背负众人之「梦想」。「真说」一语乃「新说」之意，稻妻之事也已迈向新篇。</i>",
      "Icon": "Skill_E_Shougun_01"
    },
    "Inherents": [
      {
        "GroupId": 5221,
        "Proud": {
          "Descriptions": [],
          "Parameters": [
            {
              "Level": 1,
              "Parameters": [
                2,
                3
              ]
            }
          ]
        },
        "Id": 522101,
        "Name": "万千的愿望",
        "Description": "队伍中附近的角色获得元素晶球或元素微粒时，会为<color=#FFD780FF>诸愿百眼之轮</color>积攒2层愿力。\n该效果每3秒至多触发一次。",
        "Icon": "UI_Talent_S_Shougun_05"
      },
      {
        "GroupId": 5222,
        "Proud": {
          "Descriptions": [],
          "Parameters": [
            {
              "Level": 1,
              "Parameters": [
                1,
                0.006,
                0.004
              ]
            }
          ]
        },
        "Id": 522201,
        "Name": "殊胜之御体",
        "Description": "基于元素充能效率超过100%的部分，每1%使雷电将军获得下列效果：\n·<color=#FFD780FF>梦想一心</color>状态提供的元素能量恢复提高0.6%；\n·<color=#FFACFFFF>雷元素伤害加成</color>提升0.4%。",
        "Icon": "UI_Talent_S_Shougun_06"
      },
      {
        "GroupId": 5225,
        "Proud": {
          "Descriptions": [],
          "Parameters": [
            {
              "Level": 1,
              "Parameters": []
            }
          ]
        },
        "Id": 522501,
        "Name": "天下名物狩",
        "Description": "突破单手剑和长柄武器时，消耗的摩拉数量减少50%。",
        "Icon": "UI_Talent_S_Shougun_07"
      }
    ],
    "Talents": [
      {
        "Id": 521,
        "Name": "恶曜卜词",
        "Description": "<color=#FFD780FF>诸愿百眼之轮</color>能更加迅速地积攒愿力。元素类型为<color=#FFACFFFF>雷元素</color>的角色施放元素爆发后，积攒的愿力提升80%；其他元素类型的角色施放元素爆发后，积攒的愿力提升20%。",
        "Icon": "UI_Talent_S_Shougun_01"
      },
      {
        "Id": 522,
        "Name": "斩铁断金",
        "Description": "<color=#FFD780FF>奥义·梦想真说</color>的梦想一刀与梦想一心状态下的雷电将军的攻击将无视敌人60%的防御力。",
        "Icon": "UI_Talent_S_Shougun_03"
      },
      {
        "Id": 523,
        "Name": "真影旧事",
        "Description": "<color=#FFD780FF>奥义·梦想真说</color>的技能等级提高3级。\n至多提升至15级。",
        "Icon": "UI_Talent_U_Shougun_02",
        "ExtraLevel": {
          "Index": 9,
          "Level": 3
        }
      },
      {
        "Id": 524,
        "Name": "誓奉常道",
        "Description": "<color=#FFD780FF>奥义·梦想真说</color>施加的<color=#FFD780FF>梦想一心</color>状态结束后，附近的队伍中所有角色（不包括雷电将军自己）的攻击力提升30%，持续10秒。",
        "Icon": "UI_Talent_S_Shougun_02"
      },
      {
        "Id": 525,
        "Name": "凶将显形",
        "Description": "<color=#FFD780FF>神变·恶曜开眼</color>的技能等级提高3级。\n至多提升至15级。",
        "Icon": "UI_Talent_U_Shougun_01",
        "ExtraLevel": {
          "Index": 2,
          "Level": 3
        }
      },
      {
        "Id": 526,
        "Name": "负愿前行",
        "Description": "处于<color=#FFD780FF>奥义·梦想真说</color>施加的<color=#FFD780FF>梦想一心</color>状态下时，雷电将军的元素爆发伤害命中敌人时，使附近的队伍中所有角色（不包括雷电将军自己）元素爆发的冷却时间缩短1秒。\n该效果每1秒至多触发一次，在持续期间内至多触发5次。",
        "Icon": "UI_Talent_S_Shougun_04"
      }
    ]
  },
  "FetterInfo": {
    "Title": "一心净土",
    "Detail": "其身为御建鸣神主尊大御所大人，许稻妻人民以亘古不变之「永恒」。",
    "Association": 5,
    "Native": "稻妻城",
    "BirthMonth": 6,
    "BirthDay": 26,
    "VisionBefore": "雷",
    "VisionAfter": "雷",
    "ConstellationBefore": "天下人座",
    "ConstellationAfter": "天下人座",
    "CvChinese": "菊花花",
    "CvJapanese": "泽城美雪",
    "CvEnglish": "安妮·雅科",
    "CvKorean": "朴志㣧",
    "Fetters": [
      {
        "Title": "初次见面…",
        "Context": "无须行礼，此身虽然尊贵殊胜，不过此般前来，是想要做些微服游历民间的事。我看上了你的身手，现在你就是我的御侧保镖了。不用担心，遇到危险，我会出手的。"
      },
      {
        "Title": "闲聊·徒然",
        "Context": "徒然无事，对砚枯坐。哼。"
      },
      {
        "Title": "闲聊·浮世",
        "Context": "浮世景色百千年依旧，人之在世却如白露与泡影。虚无。"
      },
      {
        "Title": "闲聊·花鸟余情",
        "Context": "无人相陪，此般花鸟余情，也不过衬托我身不移不变的背景罢了。"
      },
      {
        "Title": "下雨的时候…",
        "Context": "只是雨滴有什么麻烦的。这还没有打雷呢。"
      },
      {
        "Title": "打雷的时候…",
        "Context": "哎呀，你不会怕了吧。明明此世最为殊胜最为恐怖的雷霆化身就站在你身边。"
      },
      {
        "Title": "下雪的时候…",
        "Context": "冬将军也来了。"
      },
      {
        "Title": "晴天的时候…",
        "Context": "天晴也并不能掩盖雷霆的威光。不下雨也可以降下神雷，看到那棵树了吗？你说你懂了，叫我停手。好吧。"
      },
      {
        "Title": "早上好…",
        "Context": "道完早安就打呵欠，太懈怠了。我这次就赦免你的无礼了。早安。"
      },
      {
        "Title": "中午好…",
        "Context": "啊，想吃甜点心。嗯，为什么不行？什么叫「哪有这个时间吃甜品的」。之前是因为他们看我是将军所以惯着我的？这样啊。"
      },
      {
        "Title": "晚上好…",
        "Context": "你想知道夜晚流星的真相吗？哈哈，真相就是缥缈须臾的一瞬天光罢了。嗯，你说其实是你？你也是天狗吗？"
      },
      {
        "Title": "晚安…",
        "Context": "我命十方世界雷鸣平息，愿你今晚得享安睡。"
      },
      {
        "Title": "关于雷电将军自己·须臾",
        "Context": "雷鸣闪电，一瞬即逝。正因如此，才会想要撷取「永恒」。不，才必须掌握「永恒」。"
      },
      {
        "Title": "关于雷电将军自己·永恒",
        "Context": "「磨损」是一件很可怕的事情。此身诞生的意义，就是承受磨损。这样，或许「内在」就可以触及永恒了吧。"
      },
      {
        "Title": "关于我们·奥诘众",
        "Context": "现在你是我的侧用人，换言之，依我判断，你是对幕府有用，对我忠诚的人。"
      },
      {
        "Title": "关于我们·用心棒",
        "Context": "虽然是微服出访的保镖，但是我遇到危险不用替我挡刀了。将军她构造还挺结实的，坏了还能替换呢。所以遇到危险把将军她推到前面就好了。"
      },
      {
        "Title": "关于我们·直传",
        "Context": "稻妻的薙刀术和剑术以及锻刀技法，基本都是由我直接传下的，随后因人资质不同而分枝开花、各自结果。\n如何，再接我一刀？还能无事的话，许可你在稻妻开宗立派哦。啊，武艺的精进真是叫人欲罢不能。"
      },
      {
        "Title": "关于「神之眼」…",
        "Context": "外面的世界居然已经这么久没有出现过雷元素的神之眼了吗？虽然我因为一些制约无法说明…赐予神之眼这件事，和我的意志无关。重要的，还是人的「渴望」，以及…"
      },
      {
        "Title": "有什么想要分享…",
        "Context": "有什么想要分享的？没有。倒是你，为什么没有神之眼却能使用元素之力。和我说说。"
      },
      {
        "Title": "感兴趣的见闻…",
        "Context": "虽然身消梦陨，但是她化作了神樱。这，也是「永恒」。"
      },
      {
        "Title": "关于八重神子…",
        "Context": "那家伙啊，最初她就是个会被油豆腐引诱的家伙。现在居然这么工于谋略了，让人欣慰。不过被她算计了，还是有些不愉快。虽说是为了我好，下次见到她恐怕会被她嘲笑的…那就先发制人，斩她一刀好了。反正她也能躲掉。"
      },
      {
        "Title": "关于神里绫人…",
        "Context": "神里一门，无愧于稻妻名门笔头之格。绫人虽然此前在三奉行事务中，耍了不少手段，但是本身忠心可鉴。既往不咎了。"
      },
      {
        "Title": "关于神里绫华…",
        "Context": "神里一门，无愧于稻妻名门笔头之格。欸，你说我和将军的评价一模一样。那，绫华她，她剑术也很好。"
      },
      {
        "Title": "关于九条裟罗…",
        "Context": "忠义之士，武艺精湛，可担「豪杰」二字。有此麟儿，九条家应该还能兴盛下去吧。"
      },
      {
        "Title": "关于宵宫…",
        "Context": "是谁来着？啊，做烟火的。制造须臾幻象的人，沉醉于夏日幻觉的人，虽说如此，亦为我之臣民。\n嗯，在天领奉行属地里炸烟花？谁啊，她吗？"
      },
      {
        "Title": "关于托马…",
        "Context": "虽然差点夺走他神之眼这件事，我也不能说是完全没有责任。但要说道歉的话，还是应该让将军她去比较好吧…好吧，我也会好好反省的。"
      },
      {
        "Title": "关于珊瑚宫心海…",
        "Context": "奥罗巴斯确为此身所斩。但是我也许可了珊瑚宫之民，以海祇大御神之名继续祭祀，让它得享牲醴。现在珊瑚宫捣毁鸣神分社，反叛幕府。她作为海祇大御神的现人神巫女，必须要承担责任。"
      },
      {
        "Title": "关于国崩…",
        "Context": "那小子是制造将军的副产物。对他不加以管束，应该是因为我内心还是觉得对他有所亏欠吧。"
      },
      {
        "Title": "关于荒泷一斗…",
        "Context": "谁？"
      },
      {
        "Title": "关于摩拉克斯…",
        "Context": "曾经与他共饮之时，我还只是一介影武者，敬陪众神末席。他做出了这样的选择是吗？不过，我想他在下一个时代，仍然会继续和更多的人相遇吧。"
      },
      {
        "Title": "关于温迪…",
        "Context": "风神的化身现在还叫这个名字吗？说实话，第一次见他就感觉他浑身透着和我一定相处不来的气质。然后就是，他的确很能喝酒。"
      },
      {
        "Title": "关于布耶尔…",
        "Context": "我很欣赏她的谦逊，谦逊也的确是智者的美德。她的权能理应可以做到许多超乎想象的事，但布耶尔只是将它用在「纠正与守护」之上…真是个温柔的神明。"
      },
      {
        "Title": "关于芙宁娜…",
        "Context": "「雷电将军」曾与我在意识世界中进行数百年的决斗，以确定我的意志不曾动摇。而你所说的这位芙宁娜，虽是人类之躯，但五百年间的表演也无异于每时每刻都在进行精神上的「实战」。我认可她，此等意志，可谓已臻神境。"
      },
      {
        "Title": "关于赫布里穆…",
        "Context": "五百年前我抵达坎瑞亚之时，曾在战场上见过不亚于无想刃狭间的大片焦土，我听闻那就是火神的愤怒。时至今日，我竟然还有和这样一位人类见面的机会…可否为我引荐一番呢？作为「武人」，我想前往合适的空旷之地，与她交流一些心得。"
      },
      {
        "Title": "想要了解雷电将军·其一",
        "Context": "有什么事情，说来便是。"
      },
      {
        "Title": "想要了解雷电将军·其二",
        "Context": "民间都相信，雷雨天口念「桑原桑原」，便可以无恙。如是因我一念而起的雷暴，必不会加害于你。但是自然天气形成的雷雨就难说了。"
      },
      {
        "Title": "想要了解影·其三",
        "Context": "《珍说》一书所言大致都是真的。那时她正忙于周旋岛内之事，于是我作为影武者，假托她名出现在了平定海祇的军阵中。但是后面的剧情，就只是人们的一厢情愿罢了。我原本只是醉心剑技的武人，没有那种感化万民的德行。"
      },
      {
        "Title": "想要了解影·其四",
        "Context": "追求「永恒」可能也只是一种逃避罢了。最后我采取的方法也和缩壳乌龟一样。不过乌龟本来就是长寿的象征，说不定追求永恒就是会变成这样的形态。"
      },
      {
        "Title": "想要了解影·其五",
        "Context": "恐惧是因为我在五百年前目睹了她的消亡和「那个事物」。但，如果…如果是你的话，一定可以拯救所有人的。如果是你的话，一定会拯救世界的。就像是我记得稻妻的一切一样，只要你记得我，我就能永远地活着。"
      },
      {
        "Title": "雷电将军的爱好…",
        "Context": "愚问。只有必须要做的事情，和一定不能做的事情。"
      },
      {
        "Title": "影的烦恼…",
        "Context": "你不要让我做饭啦。我什么都能办到，但是真的不会做饭。"
      },
      {
        "Title": "喜欢的食物…",
        "Context": "你别听将军她的。甜点心！蛀牙什么的，换一套就好了。这怎么会影响对永恒的追求呢。"
      },
      {
        "Title": "讨厌的食物…",
        "Context": "愚问。只有维持身体营养必须吃的，和会损害身体的。"
      },
      {
        "Title": "收到赠礼·其一",
        "Context": "熟悉的味道。不坏。"
      },
      {
        "Title": "收到赠礼·其二",
        "Context": "放在这里吧，我会尝的。"
      },
      {
        "Title": "收到赠礼·其三",
        "Context": "会损害身体机能，拿走。"
      },
      {
        "Title": "收到赠礼·其四",
        "Context": "好吃。心情也放松了不少，谢谢你。"
      },
      {
        "Title": "收到赠礼·其五",
        "Context": "看起来不错，是怎么做出来的？"
      },
      {
        "Title": "收到赠礼·其六",
        "Context": "恕我谢绝。"
      },
      {
        "Title": "生辰…",
        "Context": "今日是你的生辰之日吗？随我回城，我来对全体旗本众宣读祝词吧。嗯？「太丢人别这样。」…好吧。"
      },
      {
        "Title": "生日…",
        "Context": "生日快乐！那今日就一起庆祝吧，使之成为可以铭记一年的美好瞬间。然后等到来年今日，便继续庆祝。如是便可得「永恒」的快乐。"
      },
      {
        "Title": "突破的感受·起",
        "Context": "我之流派里，「初传」之位，可以学习太刀的九向剑路之势，以及薙刀术的基本。与其他流派并无大差异。应该说，其他流派与我之流派并无差异。"
      },
      {
        "Title": "突破的感受·承",
        "Context": "我之流派里，「中传」之位，太刀术需要研习各种「构」位与变化，薙刀术则需熟练诸「切」与「返」之理。"
      },
      {
        "Title": "突破的感受·转",
        "Context": "我之流派里，「皆传」之位，需要研习诸般奥义。无奈大部分都需要配合元素之力，对凡人来说可能有些太难了。世间其余流派大多都无法触及此境。"
      },
      {
        "Title": "突破的感受·合",
        "Context": "奥义中的奥义，也就是「无想」又无双的一刀。有你作为陪练之宾，我好像能挥出更强更快的一剑。"
      },
      {
        "Title": "元素战技·其一",
        "Context": "威光无赦！"
      },
      {
        "Title": "元素战技·其二",
        "Context": "无处遁逃！"
      },
      {
        "Title": "元素战技·其三",
        "Context": "泡影看破！"
      },
      {
        "Title": "元素爆发·其一",
        "Context": "无念，断绝！"
      },
      {
        "Title": "元素爆发·其二",
        "Context": "此刻，寂灭之时！"
      },
      {
        "Title": "元素爆发·其三",
        "Context": "稻光，亦是永恒！"
      },
      {
        "Title": "打开宝箱·其一",
        "Context": "收下吧，于我无用。"
      },
      {
        "Title": "打开宝箱·其二",
        "Context": "…不过须臾之梦。"
      },
      {
        "Title": "打开宝箱·其三",
        "Context": "嗯？"
      },
      {
        "Title": "生命值低·其一",
        "Context": "…枷锁当断。"
      },
      {
        "Title": "生命值低·其二",
        "Context": "…诸恶当斩。"
      },
      {
        "Title": "生命值低·其三",
        "Context": "…肃清阻碍。"
      },
      {
        "Title": "同伴生命值低·其一",
        "Context": "至我后方待命。"
      },
      {
        "Title": "同伴生命值低·其二",
        "Context": "退下。"
      },
      {
        "Title": "倒下·其一",
        "Context": "浮世一梦…"
      },
      {
        "Title": "倒下·其二",
        "Context": "无念，无执…"
      },
      {
        "Title": "倒下·其三",
        "Context": "雷鸣，将歇…"
      },
      {
        "Title": "重受击·其一",
        "Context": "无礼…"
      },
      {
        "Title": "重受击·其二",
        "Context": "荒谬…"
      },
      {
        "Title": "加入队伍·其一",
        "Context": "有什么事？"
      },
      {
        "Title": "加入队伍·其二",
        "Context": "随我左右即可。"
      },
      {
        "Title": "加入队伍·其三",
        "Context": "出征之时已至。"
      }
    ],
    "FetterStories": [
      {
        "Title": "角色详细",
        "Context": "自降生之刻起，人类便会对世界抱有强烈的憧憬与好奇。此乃认知世界的锚点，构筑理智的根基。\n稻妻人民的世界亦是如此。那里很早就有了风雨和雷电，有了天光与大海…有了「雷电将军」。\n幼子睡前聆听故事，母亲为其讲述的是将军斩魔神降异族的传说。\n少年少女踏遍群岛，眼中所见是雷霆一刀劈斩而成的峡谷，与森然矗立的苍白蛇骨。\n士兵奔赴战线，口中高喊的是「常道恢弘，鸣神永恒」。\n百姓安居乐业，心中感怀的是将军及其麾下尽忠职守的三奉行。\n「雷电将军」的威名，早已超脱生命桎梏，化作了稻妻永世传承的信仰。\n在这份威名与力量下，人们有理由相信，他们的后代也会目睹相同的风景，以相同的信仰构建心中世界，并将这份传承延续下去。\n此即为——将军大人许诺人民的恒常乐土。"
      },
      {
        "Title": "角色故事1",
        "Context": "雷电将军，真名为「雷电影」。\n她从过去一路走来，亲历了稻妻千百年来为前进而付出的诸多代价。\n最为快乐的岁月已然逝去，昔日的友人化身为敌。到最后，就连握刀的原因都失却了。\n「只要前进，便会有所失去。」\n影认为，这正是以时间为载体作用于整个世界的钢铁法则。\n最为繁荣兴盛的人之国一夜之间土崩瓦解，最为古老长久的璃月港也辞别了岩神。离别之风，从时间另一头吹来。\n「雷电将军」的名声尚且响亮，但几百年、几千年…终有一日，稻妻将会失去神的庇护。\n身为武人，她警惕一切对手。哪怕敌人是如时间般虚无的危机，她也要赶在那一日到来之前，找到反击的武器。\n她的答案是「永恒」。唯有「永恒」能令万物停驻，能令稻妻长生不灭。\n「那么，趁着一切还美好，就这样静止吧…去往永恒。」"
      },
      {
        "Title": "角色故事2",
        "Context": "局限于肉体之中的生命想要追求「永恒」，便无法回避寿命一事。\n有限的时间让影烦忧。直到某一天，一种神秘技术如命运般降临在她眼前。\n凭借这种技艺，人就能制造出与真实生命体无二的精巧人偶。\n理论上，人偶能完美复制出影的一切，等于是超越了寿命极限，可以一直存在下去，为稻妻提供永世庇护。\n然而，想要打造出神明的复制体，谈何容易？\n影为此进行了无数次试验，废弃了许多失败品，消耗了超乎想象的时间与材料——\n靠着执念与武人之志，她制造出了完美的人偶。\n新生的「雷电将军」静坐着，倾听影讲述有关她、「她」乃至她们的一切。稻妻的未来，被誊写在一张绚烂的蓝图上。\n她对影只有一个问题：「放弃肉体意味着无法回头。你当真不后悔吗？」\n「你的存在就是我的答案。」\n之后，影化作意识隐于刀中，「一心净土」由此诞生。"
      },
      {
        "Title": "角色故事3",
        "Context": "成为将军之前，雷电影只是一介武人，负责履行前代的命令。\n前代雷神雷电真武力羸弱，委托给影的大多是挥刀洒血之事。不过厮杀之外，影也有和友人坐在樱树下玩歌牌的轻松时光。\n性格使然，影在游戏中是最显木讷的那一个。她从未做过最后的胜者，也没有品尝过狐斋宫大人为牌局赢家专门准备的奖励品。\n于是她将习武练刀的专注投入到歌牌的修习中，经常主动要求和真或是御舆千代进行歌牌对决，又或是一个人在月光下朗诵歌句。\n终于，又是在樱树下，影一路过关斩将，总算艰难地战胜天狗，取得了最终优胜。\n影为这份胜利欢呼，却听到友人们都笑起来。她才意识到自己全然失了平日的风度，连忙放下双手，恢复成一脸冷淡的模样。\n友人们当然没有笑话她的意思了。他们了解影的为人，知道执着的她为获胜付出了许多努力。\n而狐斋宫大人，更是满面笑意地将糕点端到影面前。\n「说是奖励，不过是一些手工糕点而已，没想到能让影惦记呢。既然如此，还请你尽情品尝这份属于赢家的奖励。」\n影并不是贪图甜点。身为武人，她认定输掉的就要赢回来。这份糕点，更像是对她求胜之心的奖赏。\n——可她很快又不自觉地笑了。糕点相当美味，如同胜利的滋味。至于她笨拙忍笑的模样，对友人们来说也是有趣的景象。\n时至今日，影仍时常回忆起那棵樱树。\n即便已经很久没去看过…即便那棵树下已经空无一人，她也希望时间能够永远停下。"
      },
      {
        "Title": "角色故事4",
        "Context": "影至今仍记得，真格外喜爱稻妻的风景、美食与人文故事，喜欢到会滔滔不绝地向影分享的程度。\n虽然她们在时间「磨损」一事上有共同的认知，但相比为未来担忧的影，真更愿意把注意力放到现在。\n「正是明白此景须臾，才更要抓紧享受啊。」\n那时的影只能苦笑，反省自己身为一介影武者，居然比雷电将军还古板。她也会反思，想学着和真一样，更加从容一些。\n但突变之日来得太快，影毫无防备。回过神来，她手中竟已握着弥留之际的雷电真递来的刀。\n这一天，影武者成为了真正的「雷电将军」。\n也是这一天，影彻底领悟了「磨损」带来的切肤之痛。\n继续跟随时间向前走的话，就连这刀、这樱…这稻妻众生，都会从眼中消失吧。\n这是稻妻的根基，也是「雷电将军」必须守护之物。\n「由此看来，超前的预想并非毫无意义…也并非僭越。」\n心中觉悟终定，生命超脱肉体，永恒降临浮世。"
      },
      {
        "Title": "角色故事5",
        "Context": "夜晚，冥想中的雷电影遁入了一片绮丽梦境。\n天地之间似乎只剩下她，与另一个镜像般存在的「自己」。\n人偶的声音如叹息般流入她耳中：你心中认定的「永恒」被民众的万千「愿望」所动摇，那么，你已经是我的敌人了。\n早在制造人偶时，影就考虑了所有潜在危险。\n她认为一切皆有可能，所以最坏的情况是…就连自身也可能在某一日成为「永恒」的威胁。\n但她必须前进，必须抵达「永恒」。这一意志不能被任何外力阻拦。\n人偶的话语，正是来自过去的、她对自己的拷问：\n「你认为如今的自己比过去更坚定，所以现在这个你才是正确的。是吗？」\n「如今的你究竟是有了新的想法，还是受到了无可抵御的『磨损』？」\n相同的面孔，诉说着不同的意志。与自我、与过去的战斗迟早会到来。\n但不是今天。影很清楚，她尚未准备完毕。\n她心中空明，本已臻自我之境，可听见人民的呼喊，便要为之停下脚步。\n明镜之上不再澄空，无我的殿堂终闻鸦鸣。拂晓来临时，武士将握起她的刀。\n这一梦似假还真，如见泡影。"
      },
      {
        "Title": "「梦想一心」",
        "Context": "一把传承至今，如影随形的刀。\n一把历经两代主君，见证时光与永恒的刀。\n它诞生自雷电真的神威之能，却未被开刃。物随主人，真不擅争斗，它便也不争斗。刀似权柄，只象征着真的平和。\n真逝去那日，它被交到影手中。名刀饮血，第一滴血自刀尖滴下，被狂风与奔雷驱散。\n真为它赐名「梦想一心」，是要它见证如梦想般美丽的稻妻，和与此世同存的高洁之心。\n影没有纠正它的名字。因为她也望见了同样的美景，因而生出更为纯粹、更为强大的「心」。\n雷电的美学，正是于浮世幻梦之中捕捉转瞬即逝的珍贵之心。"
      },
      {
        "Title": "神之心",
        "Context": "长居「一心净土」之前，影曾为如何安置神之心而感到困扰。\n影不再需要神之心了，但如此重要的东西绝不能随意处置。本想将它改造成供能装置，可她的技术不知为何无法对神之心生效。\n她想到了一个人。狡黠聪慧的八重神子，虽说性格不是那么可靠，但从各方面来说，都是影最好的选择。\n听到这一要求，八重神子忍不住打趣道：「你就不担心我转手把这东西卖掉吗？」\n「你明白神之心的价值。就算要卖，也得找到价值与它相配的交易品才行。那绝非易事。」\n以八重神子这般性格，就算卖掉神之心也没什么奇怪。但她向来不愿吃亏也是事实。\n旧友之间自有默契。八重神子领会影的意思，便笑着接过了那枚贵重的神之心。\n「这话可是你说的。不准反悔哦。」"
      }
    ]
  },
  "Costumes": [
    {
      "Id": 205200,
      "Name": "御建鸣神主尊之典",
      "Description": "雷电将军的装扮款式。因以「雷之三重巴」纹为饰而获得无上地位的尊崇着物。",
      "IsDefault": true
    }
  ],
  "CultivationItems": [
    104144,
    113029,
    101208,
    112046,
    104328,
    113025
  ],
  "NameCard": {
    "Name": "雷电将军·开眼",
    "Description": "名片纹饰。\n不仅是影，也不只是将军。留一只雷曜之眼观照自己，方能得始终。",
    "Icon": "UI_NameCardIcon_Shougun",
    "PicturePrefix": "UI_NameCardPic_Shougun"
  }
}