{
  "Id": 10000041,
  "PromoteId": 41,
  "Sort": 6,
  "Body": 2,
  "Icon": "UI_AvatarIcon_Mona",
  "SideIcon": "UI_AvatarIcon_Side_Mona",
  "Name": "莫娜",
  "Description": "神秘的少女占星术士，声称自己是「伟大的占星术士莫娜」，拥有与名号相符的不俗实力，博学而高傲。",
  "BeginTime": "2020-09-15T04:00:00+08:00",
  "Quality": 5,
  "Weapon": 10,
  "BaseValue": {
    "HpBase": 810.322,
    "AttackBase": 22.344,
    "DefenseBase": 50.8555
  },
  "GrowCurves": [
    {
      "Type": 1,
      "Value": 21
    },
    {
      "Type": 4,
      "Value": 31
    },
    {
      "Type": 7,
      "Value": 21
    }
  ],
  "SkillDepot": {
    "Arkhe": 0,
    "Skills": [
      {
        "GroupId": 4131,
        "Proud": {
          "Descriptions": [
            "一段伤害|{param1:F1P}",
            "二段伤害|{param2:F1P}",
            "三段伤害|{param3:F1P}",
            "四段伤害|{param4:F1P}",
            "重击伤害|{param5:P}",
            "重击体力消耗|{param6:F1}点",
            "下坠期间伤害|{param7:F1P}",
            "低空/高空坠地冲击伤害|{param8:P}/{param9:P}"
          ],
          "Parameters": [
            {
              "Level": 1,
              "Parameters": [
                0.376,
                0.36,
                0.448,
                0.5616,
                1.4972,
                50,
                0.568288,
                1.136335,
                1.419344
              ]
            },
            {
              "Level": 2,
              "Parameters": [
                0.4042,
                0.387,
                0.4816,
                0.60372,
                1.60949,
                50,
                0.614544,
                1.228828,
                1.534872
              ]
            },
            {
              "Level": 3,
              "Parameters": [
                0.4324,
                0.414,
                0.5152,
                0.64584,
                1.72178,
                50,
                0.6608,
                1.32132,
                1.6504
              ]
            },
            {
              "Level": 4,
              "Parameters": [
                0.47,
                0.45,
                0.56,
                0.702,
                1.8715,
                50,
                0.72688,
                1.453452,
                1.81544
              ]
            },
            {
              "Level": 5,
              "Parameters": [
                0.4982,
                0.477,
                0.5936,
                0.74412,
                1.98379,
                50,
                0.773136,
                1.545944,
                1.930968
              ]
            },
            {
              "Level": 6,
              "Parameters": [
                0.5264,
                0.504,
                0.6272,
                0.78624,
                2.09608,
                50,
                0.826,
                1.65165,
                2.063
              ]
            },
            {
              "Level": 7,
              "Parameters": [
                0.564,
                0.54,
                0.672,
                0.8424,
                2.2458,
                50,
                0.898688,
                1.796995,
                2.244544
              ]
            },
            {
              "Level": 8,
              "Parameters": [
                0.6016,
                0.576,
                0.7168,
                0.89856,
                2.39552,
                50,
                0.971376,
                1.94234,
                2.426088
              ]
            },
            {
              "Level": 9,
              "Parameters": [
                0.6392,
                0.612,
                0.7616,
                0.95472,
                2.54524,
                50,
                1.044064,
                2.087686,
                2.607632
              ]
            },
            {
              "Level": 10,
              "Parameters": [
                0.6768,
                0.648,
                0.8064,
                1.01088,
                2.69496,
                50,
                1.12336,
                2.246244,
                2.80568
              ]
            },
            {
              "Level": 11,
              "Parameters": [
                0.7144,
                0.684,
                0.8512,
                1.06704,
                2.850669,
                50,
                1.202656,
                2.404802,
                3.003728
              ]
            },
            {
              "Level": 12,
              "Parameters": [
                0.752,
                0.72,
                0.896,
                1.1232,
                3.054288,
                50,
                1.281952,
                2.563361,
                3.201776
              ]
            },
            {
              "Level": 13,
              "Parameters": [
                0.799,
                0.765,
                0.952,
                1.1934,
                3.257907,
                50,
                1.361248,
                2.721919,
                3.399824
              ]
            },
            {
              "Level": 14,
              "Parameters": [
                0.846,
                0.81,
                1.008,
                1.2636,
                3.461526,
                50,
                1.440544,
                2.880478,
                3.597872
              ]
            },
            {
              "Level": 15,
              "Parameters": [
                0.893,
                0.855,
                1.064,
                1.3338,
                3.665146,
                50,
                1.51984,
                3.039036,
                3.79592
              ]
            }
          ]
        },
        "Id": 10411,
        "Name": "普通攻击·因果点破",
        "Description": "<color=#FFD780FF>普通攻击</color>\n进行至多四段的水花攻击，造成<color=#80C0FFFF>水元素伤害</color>。\n\n<color=#FFD780FF>重击</color>\n消耗一定体力，短暂咏唱后，造成<color=#80C0FFFF>水元素范围伤害</color>。\n\n<color=#FFD780FF>下落攻击</color>\n凝聚水元素的力量，从空中下坠冲击地面，攻击下落路径上的敌人，并在落地时造成<color=#80C0FFFF>水元素范围伤害</color>。",
        "Icon": "Skill_A_Catalyst_MD"
      },
      {
        "GroupId": 4132,
        "Proud": {
          "Descriptions": [
            "持续伤害|{param1:F1P}",
            "爆裂伤害|{param2:P}",
            "冷却时间|{param5:F1}秒"
          ],
          "Parameters": [
            {
              "Level": 1,
              "Parameters": [
                0.32,
                1.328,
                0,
                0,
                12
              ]
            },
            {
              "Level": 2,
              "Parameters": [
                0.344,
                1.4276,
                0,
                0,
                12
              ]
            },
            {
              "Level": 3,
              "Parameters": [
                0.368,
                1.5272,
                0,
                0,
                12
              ]
            },
            {
              "Level": 4,
              "Parameters": [
                0.4,
                1.66,
                0,
                0,
                12
              ]
            },
            {
              "Level": 5,
              "Parameters": [
                0.424,
                1.7596,
                0,
                0,
                12
              ]
            },
            {
              "Level": 6,
              "Parameters": [
                0.448,
                1.8592,
                0,
                0,
                12
              ]
            },
            {
              "Level": 7,
              "Parameters": [
                0.48,
                1.992,
                0,
                0,
                12
              ]
            },
            {
              "Level": 8,
              "Parameters": [
                0.512,
                2.1248,
                0,
                0,
                12
              ]
            },
            {
              "Level": 9,
              "Parameters": [
                0.544,
                2.2576,
                0,
                0,
                12
              ]
            },
            {
              "Level": 10,
              "Parameters": [
                0.576,
                2.3904,
                0,
                0,
                12
              ]
            },
            {
              "Level": 11,
              "Parameters": [
                0.608,
                2.5232,
                0,
                0,
                12
              ]
            },
            {
              "Level": 12,
              "Parameters": [
                0.64,
                2.656,
                0,
                0,
                12
              ]
            },
            {
              "Level": 13,
              "Parameters": [
                0.68,
                2.822,
                0,
                0,
                12
              ]
            },
            {
              "Level": 14,
              "Parameters": [
                0.72,
                2.988,
                0,
                0,
                12
              ]
            },
            {
              "Level": 15,
              "Parameters": [
                0.76,
                3.154,
                0,
                0,
                12
              ]
            }
          ]
        },
        "Id": 10412,
        "Name": "水中幻愿",
        "Description": "聚集水花汇成命运的虚影。\n\n<color=#FFD780FF>虚影</color>\n具有如下特性：\n·持续嘲讽周围的敌人，吸引火力；\n·持续对附近的敌人造成<color=#80C0FFFF>水元素伤害</color>；\n·持续时间结束时，虚影破裂，造成<color=#80C0FFFF>水元素范围伤害</color>。\n\n<color=#FFD780FF>长按</color>\n借助水流之势迅速后退，并唤出虚影。\n\n场上同时只能存在一个通过水中幻愿创造的虚影。\n\n<i>高深的占星术士一直试图制造自身的虚影来转嫁将要到来的厄运。但是如此嘲讽厄运的人，莫娜应该是提瓦特第一个。</i>",
        "Icon": "Skill_S_Mona_01"
      },
      {
        "GroupId": 4133,
        "Proud": {
          "Descriptions": [
            "启动体力消耗|{param1:F2}点",
            "持续体力消耗|每秒{param2:F2}点"
          ],
          "Parameters": [
            {
              "Level": 1,
              "Parameters": [
                10,
                15
              ]
            }
          ]
        },
        "Id": 10413,
        "Name": "虚实流动",
        "Description": "<color=#FFD780FF>替代冲刺</color>\n隐入流水，以消耗体力为代价，化为激流快速移动。\n\n在虚实流动状态下，莫娜可以在水面上高速移动。\n结束虚实流动现身时，对周围的敌人施加<color=#80C0FFFF>潮湿</color>状态。\n\n<i>这是莫娜能办到，她老师却办不到的事情。无关水元素神之眼，毕竟她老师又不会被追着教育。</i>",
        "Icon": "Skill_S_Mona_02"
      }
    ],
    "EnergySkill": {
      "GroupId": 4139,
      "Proud": {
        "Descriptions": [
          "泡影持续时间|{param1:F1}秒",
          "泡影破裂伤害|{param2:P}",
          "伤害加成|{param10:P}",
          "星异持续时间|{param4:F1}秒",
          "冷却时间|{param5:F1}秒",
          "元素能量|{param6:I}"
        ],
        "Parameters": [
          {
            "Level": 1,
            "Parameters": [
              8,
              4.424,
              -0.42,
              4,
              15,
              60,
              0,
              0,
              0,
              0.42
            ]
          },
          {
            "Level": 2,
            "Parameters": [
              8,
              4.7558,
              -0.44,
              4,
              15,
              60,
              0,
              0,
              0,
              0.44
            ]
          },
          {
            "Level": 3,
            "Parameters": [
              8,
              5.0876,
              -0.46,
              4,
              15,
              60,
              0,
              0,
              0,
              0.46
            ]
          },
          {
            "Level": 4,
            "Parameters": [
              8,
              5.53,
              -0.48,
              4.5,
              15,
              60,
              0,
              0,
              0,
              0.48
            ]
          },
          {
            "Level": 5,
            "Parameters": [
              8,
              5.8618,
              -0.5,
              4.5,
              15,
              60,
              0,
              0,
              0,
              0.5
            ]
          },
          {
            "Level": 6,
            "Parameters": [
              8,
              6.1936,
              -0.52,
              4.5,
              15,
              60,
              0,
              0,
              0,
              0.52
            ]
          },
          {
            "Level": 7,
            "Parameters": [
              8,
              6.636,
              -0.54,
              5,
              15,
              60,
              0,
              0,
              0,
              0.54
            ]
          },
          {
            "Level": 8,
            "Parameters": [
              8,
              7.0784,
              -0.56,
              5,
              15,
              60,
              0,
              0,
              0,
              0.56
            ]
          },
          {
            "Level": 9,
            "Parameters": [
              8,
              7.5208,
              -0.58,
              5,
              15,
              60,
              0,
              0,
              0,
              0.58
            ]
          },
          {
            "Level": 10,
            "Parameters": [
              8,
              7.9632,
              -0.6,
              5,
              15,
              60,
              0,
              0,
              0,
              0.6
            ]
          },
          {
            "Level": 11,
            "Parameters": [
              8,
              8.4056,
              -0.6,
              5,
              15,
              60,
              0,
              0,
              0,
              0.6
            ]
          },
          {
            "Level": 12,
            "Parameters": [
              8,
              8.848,
              -0.6,
              5,
              15,
              60,
              0,
              0,
              0,
              0.6
            ]
          },
          {
            "Level": 13,
            "Parameters": [
              8,
              9.401,
              -0.6,
              5,
              15,
              60,
              0,
              0,
              0,
              0.6
            ]
          },
          {
            "Level": 14,
            "Parameters": [
              8,
              9.954,
              -0.6,
              5,
              15,
              60,
              0,
              0,
              0,
              0.6
            ]
          },
          {
            "Level": 15,
            "Parameters": [
              8,
              10.507,
              -0.6,
              5,
              15,
              60,
              0,
              0,
              0,
              0.6
            ]
          }
        ]
      },
      "Id": 10415,
      "Name": "星命定轨",
      "Description": "凝聚粼粼的水波，倒映出虚幻星空，对大范围内的敌人施加泡影状态。\n\n<color=#FFD780FF>泡影</color>\n以星相的气泡包裹敌人，施加<color=#80C0FFFF>潮湿</color>状态。较弱的敌人会被禁锢在泡影中，无法行动。\n处于泡影影响下的敌人受到伤害时，会产生以下效果：\n·对敌人施加星异的伤害加成效果，并以此提高这一次造成的伤害；\n·解除泡影效果，并额外造成一次<color=#80C0FFFF>水元素伤害</color>。\n\n<color=#FFD780FF>星异</color>\n持续时间内，提高受到的伤害。\n\n<i>自从神的目光开始牵引着天上的光明，命运自此被称之为命运。</i>",
      "Icon": "Skill_E_Mona_01"
    },
    "Inherents": [
      {
        "GroupId": 4121,
        "Proud": {
          "Descriptions": [],
          "Parameters": [
            {
              "Level": 1,
              "Parameters": [
                2,
                2,
                0.5
              ]
            }
          ]
        },
        "Id": 412101,
        "Name": "「老太婆来抓我啊！」",
        "Description": "进入<color=#FFD780FF>虚实流动</color>状态2秒后，如果周围存在敌人，则自动凝聚一个虚影。\n通过这种方式产生的虚影持续2秒，造成的破裂伤害相当于<color=#FFD780FF>水中幻愿</color>伤害的50%。",
        "Icon": "UI_Talent_S_Mona_05"
      },
      {
        "GroupId": 4122,
        "Proud": {
          "Descriptions": [],
          "Parameters": [
            {
              "Level": 1,
              "Parameters": [
                1,
                0.2
              ]
            }
          ]
        },
        "Id": 412201,
        "Name": "「托付于命运吧！」",
        "Description": "莫娜的<color=#80C0FFFF>水元素伤害加成</color>获得额外提升，提升程度相当于她的元素充能效率的20%。",
        "Icon": "UI_Talent_S_Mona_06"
      },
      {
        "GroupId": 4123,
        "Proud": {
          "Descriptions": [],
          "Parameters": [
            {
              "Level": 1,
              "Parameters": []
            }
          ]
        },
        "Id": 412301,
        "Name": "运行原理",
        "Description": "合成武器突破素材时，有25%概率返还部分合成材料。",
        "Icon": "UI_Talent_Combine_Weapon"
      }
    ],
    "Talents": [
      {
        "Id": 411,
        "Name": "沉没的预言",
        "Description": "队伍中自己的角色攻击命中处于星异状态下的敌人后的8秒内，<color=#80C0FFFF>水元素相关反应</color>的效果提升：\n·感电反应造成的伤害提升15%，蒸发反应造成的伤害提升15%，水元素扩散反应造成的伤害提升15%；\n·冻结反应的持续时间延长15%。",
        "Icon": "UI_Talent_S_Mona_01"
      },
      {
        "Id": 412,
        "Name": "星月的连珠",
        "Description": "普通攻击命中时，有20%的几率自动施放一次重击。\n该效果每5秒只能触发一次。",
        "Icon": "UI_Talent_S_Mona_02"
      },
      {
        "Id": 413,
        "Name": "不休的天象",
        "Description": "<color=#FFD780FF>星命定轨</color>的技能等级提高3级。\n至多提升至15级。",
        "Icon": "UI_Talent_U_Mona_01",
        "ExtraLevel": {
          "Index": 9,
          "Level": 3
        }
      },
      {
        "Id": 414,
        "Name": "灭绝的预言",
        "Description": "队伍中所有角色攻击处于星异状态下的敌人时，暴击率提升15%。",
        "Icon": "UI_Talent_S_Mona_03"
      },
      {
        "Id": 415,
        "Name": "命运的嘲弄",
        "Description": "<color=#FFD780FF>水中幻愿</color>的技能等级提高3级。\n至多提升至15级。",
        "Icon": "UI_Talent_U_Mona_02",
        "ExtraLevel": {
          "Index": 2,
          "Level": 3
        }
      },
      {
        "Id": 416,
        "Name": "厄运的修辞",
        "Description": "进入<color=#FFD780FF>虚实流动</color>状态后，每移动1秒，莫娜的下一次重击伤害就增加60%，\n通过这种方式至多可以获得180%重击伤害加成，该效果至多持续8秒。",
        "Icon": "UI_Talent_S_Mona_04"
      }
    ]
  },
  "FetterInfo": {
    "Title": "星天水镜",
    "Detail": "神秘的少女占星术士，声称自己是「伟大的占星术士莫娜」，拥有与名号相符的不俗实力，博学而高傲。",
    "Association": 1,
    "Native": "蒙德城",
    "BirthMonth": 8,
    "BirthDay": 31,
    "VisionBefore": "水",
    "ConstellationBefore": "映天座",
    "CvChinese": "陈婷婷",
    "CvJapanese": "小原好美",
    "CvEnglish": "费丽茜娅·安吉尔",
    "CvKorean": "禹贞信",
    "CookBonus": {
      "OriginItemId": 108029,
      "ItemId": 108114,
      "InputList": [
        100018,
        100001,
        100062,
        100080
      ]
    },
    "Fetters": [
      {
        "Title": "初次见面…",
        "Context": "我的名字是阿斯托洛吉斯·莫娜·梅姬斯图斯，意为「伟大的占星术士莫娜」。如果想找我占卜，记住我的名字是最基本的尊重…而且要一次性全念对！"
      },
      {
        "Title": "闲聊·占卜",
        "Context": "占卜就是把既定的命运准确地展示出来。过度的修饰，只会让人们产生误解。"
      },
      {
        "Title": "闲聊·生活",
        "Context": "限制物欲是占星术士修行的一部分，只有简朴地生活，才能窥探到世界的真实。"
      },
      {
        "Title": "闲聊·命运",
        "Context": "正是因为无法更改，无可违逆，只能接受，命运才会被称之为命运。"
      },
      {
        "Title": "下雨的时候…",
        "Context": "这么大的雨…不仅看不见星光，连水占盘都模糊了。"
      },
      {
        "Title": "打雷的时候…",
        "Context": "这些落雷…究竟是从哪个星空降下的呢？"
      },
      {
        "Title": "下雪的时候…",
        "Context": "纯净的融雪之水，很适合用在水占盘里。"
      },
      {
        "Title": "阳光很好…",
        "Context": "嗯，是个无须占卜也能感觉到的好天气。"
      },
      {
        "Title": "早上好…",
        "Context": "你来得不巧，清晨的启明星刚刚消失了…早餐？我，我已经吃过了。"
      },
      {
        "Title": "中午好…",
        "Context": "已经正午了，去吃点东西吧，嗯？我…我吃份沙拉就行了，呃…简朴的生活是…是占星术士修行的一环！"
      },
      {
        "Title": "晚上好…",
        "Context": "入夜了，过会就可以开始占卜…呃，昨天的稿子我写了没…"
      },
      {
        "Title": "晚安…",
        "Context": "已经这么晚了，明天截稿的稿子一点没动…什么？你要去休息了？呜…我也想去睡觉…"
      },
      {
        "Title": "关于莫娜自己…",
        "Context": "占星术士的工作，是向人们明确地展示他们即将面对的命运，我也是这么做的…不过，总有些人不愿意接受。"
      },
      {
        "Title": "关于我们·工作",
        "Context": "为什么要写稿，不用占卜来赚钱？…我才不会为摩拉而使用「水占术」…我也不是因为这个而学习「水占术」的。"
      },
      {
        "Title": "关于我们·我的命运",
        "Context": "我不知道。除非万不得已，占星术士不会占卜自己的命运。老太婆以前说过，这种行为可能会导致命运的自相矛盾，很危险。"
      },
      {
        "Title": "关于我们·你的命运",
        "Context": "你不是这个世界的人，所以我无法准确地为你预言。我只能告诉你，你要走的路还远未到尽头。"
      },
      {
        "Title": "关于「神之眼」·嫌弃",
        "Context": "我刚刚拿到「神之眼」的时候，那个老太婆还假模假样地说什么「愿你求真之心永在」。结果这东西在「水占术」上一点用场都派不上，只会糊我一身水…"
      },
      {
        "Title": "关于「神之眼」·价值",
        "Context": "哎…不过，「神之眼」当成个小饰品，装在身上倒是无所谓。毕竟，这也算那个抠门老太婆破天荒送我的「教具」。"
      },
      {
        "Title": "有什么想要分享…",
        "Context": "你听说过「命之座」吗？占星术士认为，「命之座」是「神之眼」持有者的命运在星空上的映射，过去，现在和未来，所有的一切都在其中昭示。"
      },
      {
        "Title": "感兴趣的见闻…",
        "Context": "欸——你身边带着的这个小家伙，到底来自哪里？无论我用什么方法，都没法找到一丝关于她命运的踪迹。\n…哈？你也不知道？"
      },
      {
        "Title": "关于琴…",
        "Context": "那位西风骑士团代理团长？她的「命之座」是「幼狮座」，象征着力量，还有过早担负的责任。「雄狮」早早离群，但她会继续成长，直到能完全继承狮群的荣耀。"
      },
      {
        "Title": "关于阿贝多…",
        "Context": "阿贝多？啊…我真羡慕他，只用专注于研究就好，不用管其他的杂事，真是美好的生活啊。如果那个老太婆脑筋正常一点，我应该也过着这种生活吧…"
      },
      {
        "Title": "关于可莉…",
        "Context": "你是说，艾莉丝的女儿啊。她住在西风骑士团，还有阿贝多照顾…怎么说呢，哎…她的「命之座」不愧是象征着幸运的「四叶草」啊，真羡慕…\n啊不过，要是我也有这么好的运气，首先就不会遇见那个老太婆了。"
      },
      {
        "Title": "关于迪卢克…",
        "Context": "迪卢克·莱艮芬德。「夜枭」是他的「命之座」，象征着黑夜中的警觉，和孤独的守望。在他所认可的白昼来临之前，他都将孤独前行。\n等等，「夜枭」象不象征财富来着？"
      },
      {
        "Title": "关于凯亚…",
        "Context": "凯亚·亚尔伯里奇吗？他的「孔雀羽座」象征着高贵，但同时也象征着「华丽的掩饰」。他以为已经和过去一刀两断。但到了命中注定的那天，他依然必须做出自己的选择。"
      },
      {
        "Title": "关于丽莎…",
        "Context": "她的「命之座」以「沙漏」为名，象征着知识、时间与等价交换。一粒沙子落下，时间…或者说生命，就消逝一刹。如果想要止住沙粒奔流，只能平放沙漏，让它永不流动。嗨…简单来说，就是变着法偷懒啦。"
      },
      {
        "Title": "关于温迪…",
        "Context": "温迪？那个成天无所事事的吟游诗人？咦，他有什么有趣的吗？我占卜看看…\n咦，水占盘怎么…什么也看不清，怎，怎么起风了，眼睛都睁不开了！我的帽子！衣服，衣服要被吹跑了！停下来！我不干了！我不干了！"
      },
      {
        "Title": "想要了解莫娜·其一",
        "Context": "你的意思是…想要闲聊？唔，我很少做这种浪费时间的事，而且稿子还有很多没写…嗯，不过，对象是你的话，也不是不行。呵呵，就当是换个心情吧。"
      },
      {
        "Title": "想要了解莫娜·其二",
        "Context": "占卜的收入…？不要用钱财这种…「东西」来衡量占星术！你听好了，我的「水占术」可是这片提瓦特大陆上，唯一能窥探到真实命运的占卜术！无论是摩拉还是宝石，都无法用来称量「命运」！所以，不要再问这种蠢问题了！"
      },
      {
        "Title": "想要了解莫娜·其三",
        "Context": "我的占卜术？说了你也不明白，哼，不过…给你解释一下也不是不行。\n我使用的是「水占术」。是基由星空映射在水面上的幻象进行推演的占卜术，以水中幻相倒映虚假之天，以此来窥探着世界的真实。这是那个老太婆唯一一个正经的研究成果。"
      },
      {
        "Title": "想要了解莫娜·其四",
        "Context": "阿斯托洛吉斯·莫娜·梅姬斯图斯。这是那个老太婆之前和我一起定的名字，她说这名字的拼写里有一些她很喜欢的要素。哼，不过她有时会叫我「梅姬」，和常用的「莫娜」不一样，更像是小名…喂！你不能这么叫！很害羞的！早知道…早知道就不告诉你了！"
      },
      {
        "Title": "想要了解莫娜·其五",
        "Context": "占卜师有一个禁忌：在占卜时只陈述预言，绝不提出任何建议。以免自己也陷入别人的「命运」之中。但如果占卜对象是你，那这个「禁忌」就无所谓了。\n因为，我们的「命运」早就交织在一起了。"
      },
      {
        "Title": "莫娜的爱好…",
        "Context": "我的爱好？仰望星空。在这个真实得太过分的世界里，每个人都需要仰望星空，更何况，我还是个占星术士。"
      },
      {
        "Title": "莫娜的烦恼…",
        "Context": "仪器修缮费，预订的星象仪要补款了，学术杂志的订购钱也没交，还有下个月的房租…到底先交哪个比较好。果然还是…先把星象仪的尾款补了，不然被抢购光了就糟糕了…"
      },
      {
        "Title": "喜欢的食物…",
        "Context": "沙拉，沙拉是天底下最棒的食物。原料便宜，容易做，饱肚子。而且吃起来很方便，在写稿或者修理仪器的时候，可以很快吃掉。"
      },
      {
        "Title": "讨厌的食物…",
        "Context": "各种…价格很昂贵，吃起来又很麻烦的食物。因为，呃…用摩拉去满足不必要的食欲，是低俗又危险的。"
      },
      {
        "Title": "收到赠礼·其一",
        "Context": "啊，好满足——没想到，认识你还是挺不错的嘛。"
      },
      {
        "Title": "收到赠礼·其二",
        "Context": "我再确认一下。真的是…你请客吗？"
      },
      {
        "Title": "收到赠礼·其三",
        "Context": "我没有什么想挑剔的。就是…唔…没怎么吃饱。"
      },
      {
        "Title": "生日…",
        "Context": "生日快乐。这个袋子给你，里面有一个帮你渡过难关的「建议」。别着急打开，在往后的一年之内，这个袋子会有自己打开的机会。"
      },
      {
        "Title": "突破的感受·起",
        "Context": "命中当如此，我早已预知到了。"
      },
      {
        "Title": "突破的感受·承",
        "Context": "…再进一步，就能找到世界的真实了吗？"
      },
      {
        "Title": "突破的感受·转",
        "Context": "虚假之天，星空下的命运早已注定。"
      },
      {
        "Title": "突破的感受·合",
        "Context": "水中之影，涟漪中窥见启明星升起。"
      },
      {
        "Title": "元素战技·其一",
        "Context": "水中幻愿。"
      },
      {
        "Title": "元素战技·其二",
        "Context": "…命运的虚影。"
      },
      {
        "Title": "元素战技·其三",
        "Context": "命运，倒映水中。"
      },
      {
        "Title": "元素爆发·其一",
        "Context": "命运，在此显现。"
      },
      {
        "Title": "元素爆发·其二",
        "Context": "命定于此。"
      },
      {
        "Title": "元素爆发·其三",
        "Context": "天命既定！"
      },
      {
        "Title": "打开风之翼·其一",
        "Context": "这样更能看清星空了…"
      },
      {
        "Title": "打开宝箱·其一",
        "Context": "希望这种好事能多来几次…"
      },
      {
        "Title": "打开宝箱·其二",
        "Context": "房租和伙食费，都有着落了！"
      },
      {
        "Title": "打开宝箱·其三",
        "Context": "呜…找到宝物的感觉真棒啊…"
      },
      {
        "Title": "生命值低·其一",
        "Context": "无法判断…"
      },
      {
        "Title": "生命值低·其二",
        "Context": "讨厌的命运…"
      },
      {
        "Title": "生命值低·其三",
        "Context": "还没…推算到这！"
      },
      {
        "Title": "同伴生命值低·其一",
        "Context": "再硬撑，你就会倒下咯。"
      },
      {
        "Title": "同伴生命值低·其二",
        "Context": "你还没到命运的终点。"
      },
      {
        "Title": "倒下·其一",
        "Context": "星空…黯淡…"
      },
      {
        "Title": "倒下·其二",
        "Context": "无法违抗的…命运…"
      },
      {
        "Title": "倒下·其三",
        "Context": "推算结束了…"
      },
      {
        "Title": "普通受击·其一",
        "Context": "烦人。"
      },
      {
        "Title": "重受击·其一",
        "Context": "离我…远点！"
      },
      {
        "Title": "加入队伍·其一",
        "Context": "此乃，命运。"
      },
      {
        "Title": "加入队伍·其二",
        "Context": "真没办法。"
      },
      {
        "Title": "加入队伍·其三",
        "Context": "繁星，尽在掌握。"
      }
    ],
    "FetterStories": [
      {
        "Title": "角色详细",
        "Context": "提瓦特大陆上众生奔忙，行商运货，骑士巡街，农人耕作。\n但如果问莫娜——神秘高傲的占星术士——在忙些什么的话，答案大概会是，忙着计算一笔名为「生活」的账。\n尽管她本人一定会否认「穷」这个说法，作出如下辩解：\n「太过漂亮的景象会把最简朴的真实藏起来。\n太过美味的食物会让人忘记这东西有多少营养。\n简朴的生活是为了看破世界的真实。」\n清贫的生活只是通往真实的修行…这是莫娜本人一直坚持的说辞。\n提瓦特大陆上众生奔忙，连神秘的占星术士也不例外。\n——哦，不过吟游诗人好像真的什么都不做。"
      },
      {
        "Title": "角色故事1",
        "Context": "最近，莫娜的师父，一位年老且法力高强的女术士，向她交代了一项重要的任务。\n师父在蒙德有一位亦敌亦友的故人。她要莫娜从那位故人的继承者手中取回一只绝密宝箱。\n「如果胆敢窥探箱子里的东西，你就看着办吧。」\n出发前，莫娜收到了这样的警告。\n令莫娜意外的是，那位故人的继承者，居然是蒙德城的「火花骑士」可莉。\n箱子虽然还在，但经由可莉之手，以及一系列「意外」…莫娜在不知情的情况下，清楚地看到了箱中奥秘。\n「完、完蛋了。这里面居然是少女时代的日记。就这样回去的话，一定会被老太婆宰了…」\n莫娜只得留在蒙德，开始度过下一段清苦却丰富的生活。"
      },
      {
        "Title": "角色故事2",
        "Context": "莫娜占星时，用的是水占式占星术，她曾经解释过背后的原理：\n「星空闪烁的乃是众人命运，水面所映虽是幻象，但『真实』自会显现。」\n虽然大家并不能理解这一原理，但莫娜的确拥有令人信服的能力。\n甚至，这个能力有些惹人讨厌。\n她的占星术十分准确，同时她不会说谎，也不会隐瞒占卜的结果。\n「你儿子说出人头地，那是撒谎。」\n「你和他没机会的，不久之后他就会远走。」\n——因为艰难而不必戳穿的一些事情，全都呈现在了人们眼前。\n莫娜在这点上绝不让步，看起来完全不通人情。\n但在晴朗的夜晚，非常偶然地，人们会在高高的山坡上看见她。\n面对仿佛触手可及的星空，莫娜的表情非常柔和，轻轻哼唱着无人知晓的歌谣。"
      },
      {
        "Title": "角色故事3",
        "Context": "没有研究经费支持的占星术士莫娜，总是徘徊在温饱线边缘。\n为节省伙食开支，她曾经连吃一个月野蘑菇，中途偶尔得到救济，才勉强活了下来。\n其实，莫娜还是有那么一些傍身钱。虽然没有收入的她只能坐吃山空，但刨去伙食费也依然能剩一些。\n那么，这些摩拉去了哪儿呢？参观过莫娜研究室就会知道，这一大堆占星工具和资料可不会凭空出现。\n事实上，莫娜的研究室里，所有研究器材都价值不菲。璃月的古书、须弥的星盘…光邮费就已经不少了。\n莫娜会一贫如洗，也是意料之中。\n为了生活，莫娜接起了商业约稿，为《蒸汽鸟报》星座专栏供稿的稿酬是她最大的稳定收入来源。\n每月得到稳定进项的莫娜，终于能告别贫困生活了。但身为占星术士，求知的脚步怎么能够就此停止？\n得到稿酬，莫娜便大量购入占星资料，大笔花销不断…于是，再次回归赤贫状态。\n这样的过程，每个月循环上演。\n今天的莫娜，也在为摩拉发愁。"
      },
      {
        "Title": "角色故事4",
        "Context": "偶尔，莫娜会和可莉与阿贝多聚一聚，主要目的是蹭吃蹭喝。\n其次，就是和阿贝多的学术交流。\n既然同为世界之理探求者，同样是名师高徒，那互相看齐、一起努力，也算是种常态嘛。\n在阿贝多面前，莫娜非常努力地维护着师门形象。\n与此同时，却又经常挖苦自己的「那个老太婆」师父。\n「你的师承很不一般——那个老太婆是个固执的老笨蛋——究竟哪种描述才是正确的？」\n阿贝多不由得提出疑问。而这的确是一个莫娜自己都没想过的问题。\n她托着下巴，沉思片刻。\n「哼，这门技术当然高深奥秘，老太婆在我面前也当然不值一提。\n她会知道鸡蛋、黄油、小麦的市价吗？在这方面，我已经远远超越她了。」"
      },
      {
        "Title": "角色故事5",
        "Context": "跟随师父学习的日子里，师父所教导的那些精妙抽象的法则，解释了一切物体存在运行的规律。\n而人心受规律与法则摆布，只要具备足够强大的推算能力，无穷复杂的世界也可以被精确解读。\n——莫娜曾经是这样认为的。\n可当她自食其力，过上充满烟火气的生活时，她困惑了。\n这世上不是所有人都过着富足的生活，有些人吃不饱穿不暖，与乞丐没什么两样。\n偏偏有一位如此贫穷的冒险家，在遇到费力采摘野菜果腹的莫娜时，慷慨地分给她一半食物。\n「出门在外，人总要相互照应。」\n这不是写在所谓世界运行法则里的话语。无数个这样的事实不断出现在她身边——小偷的诚实、强盗的心软、懦夫的勇气、恶人的善良…\n莫娜对此产生了些许疑惑，踏实的感觉却也随之而来。\n再次于星空下沉思，她发觉自己的研究竟有如此多的遗漏。\n或许在她有生之年，这关于世界之理的研究，要无尽地继续下去了。"
      },
      {
        "Title": "《星座相谈》",
        "Context": "枫丹廷的主流报纸《蒸汽鸟报》开辟了各个特色版块，从七国情报到八卦新闻无所不包。\n莫娜供稿的是《星座相谈》版块，是专为星相爱好者及专业人士打造的星座专栏。她能得到这个机会，也是纯属意外。\n上一位供稿这一版块的作家四处旅行时，偶然听说有一位奇怪的占星术士存在，星相爱好者的好奇心促使他登门拜访。\n几番交谈，作家对莫娜的学识推崇备至。\n说来也巧，这位专栏作家正打算隐退。看出莫娜手头拮据，作家伸出援手，向《蒸汽鸟报》的主编推荐了莫娜。\n在莫娜发表第一篇《星相学入门》后，原本定位在轻松有趣的《星座相谈》风格大变。\n每期都有一大半在探讨「星体运行」之类艰深晦涩的话题，配以旁征博引、密密麻麻的注脚，甚至还有手绘星图作为插图。\n主编不得不担心，这好似学术研究一般的做法，能否让老读者接受。但结果，报社意外地收到了大量的读者来信：\n「非常厉害，虽然基本看不懂，但特别有意思。我是『阿斯托洛吉斯·莫娜·梅姬斯图斯』老师的粉丝了。」\n在得到主编继续约稿的保证后，莫娜终于松了一口气。\n——为了庆祝，就用第一笔稿酬，把心仪已久的新版星象仪买了吧。"
      },
      {
        "Title": "神之眼",
        "Context": "对于莫娜而言，「神之眼」作为神眷的证明，并不值得特别在意。\n不过，其价值也不仅止于「导出魔力的外置器官」。\n拥有力量固然是好事，但与至高至伟的「理」相比，「武力」实在是渺小的概念。\n神亦受世界运行之理约束，莫娜只寻求隐藏于宏远星空之中的世界终极真理。\n对于被世人当作神明之认可、力量之源泉的「神之眼」，她从不会抱持跪拜一般的心态。\n然而，手中这枚没有实际效用的「神之眼」却是她无比珍视之物。\n那是师父作为教具赠予她的物件。关于那段与师父共同度过的岁月，它是当下唯一的证物。\n她小心地保存着这份遥远的记忆。造型精巧的教具就这样陪伴着她，宛如普通女孩所用的饰物。\n直到某一天，属于她自己的「神之眼」，悄然降临到这枚古老的教具中…"
      }
    ]
  },
  "Costumes": [
    {
      "Id": 204101,
      "Name": "星与月之约",
      "Description": "莫娜的装扮款式。为迎接占星术概念中的「命定之刻」而特别购置的衣装，感谢星象仪补款七折优惠券。",
      "IsDefault": false,
      "FrontIcon": "UI_AvatarIcon_MonaCostumeWic",
      "SideIcon": "UI_AvatarIcon_Side_MonaCostumeWic"
    },
    {
      "Id": 204100,
      "Name": "星命流转",
      "Description": "莫娜的装扮款式。由于缩减了布料用量因而物美价廉的轻便术士衣装。",
      "IsDefault": true
    }
  ],
  "CultivationItems": [
    104124,
    113012,
    100025,
    112040,
    104306,
    113007
  ],
  "NameCard": {
    "Name": "莫娜·天星",
    "Description": "名片纹饰。\n倒映着漫天的星辰，少女低头看着水中的离合悲欢。",
    "Icon": "UI_NameCardIcon_Mona",
    "PicturePrefix": "UI_NameCardPic_Mona"
  }
}