{
  "Id": 10000064,
  "PromoteId": 64,
  "Sort": 44,
  "Body": 2,
  "Icon": "UI_AvatarIcon_Yunjin",
  "SideIcon": "UI_AvatarIcon_Side_Yunjin",
  "Name": "云堇",
  "Description": "集剧作与演唱能力于一身的璃月戏曲名角。风格自成一派，雅致柔美，恰如其人。",
  "BeginTime": "2022-01-05T00:00:00+08:00",
  "Quality": 4,
  "Weapon": 13,
  "BaseValue": {
    "HpBase": 893.5552,
    "AttackBase": 16.0272,
    "DefenseBase": 61.5741
  },
  "GrowCurves": [
    {
      "Type": 1,
      "Value": 22
    },
    {
      "Type": 4,
      "Value": 32
    },
    {
      "Type": 7,
      "Value": 22
    }
  ],
  "SkillDepot": {
    "Arkhe": 0,
    "Skills": [
      {
        "GroupId": 6431,
        "Proud": {
          "Descriptions": [
            "一段伤害|{param1:F1P}",
            "二段伤害|{param2:F1P}",
            "三段伤害|{param3:F1P}+{param4:F1P}",
            "四段伤害|{param5:F1P}+{param6:F1P}",
            "五段伤害|{param7:F1P}",
            "重击伤害|{param8:F1P}",
            "重击体力消耗|{param9:F1}点",
            "下坠期间伤害|{param10:F1P}",
            "低空/高空坠地冲击伤害|{param11:P}/{param12:P}"
          ],
          "Parameters": [
            {
              "Level": 1,
              "Parameters": [
                0.40506,
                0.40248,
                0.22962,
                0.2752,
                0.23994,
                0.2881,
                0.67338,
                1.2169,
                25,
                0.639324,
                1.278377,
                1.596762
              ]
            },
            {
              "Level": 2,
              "Parameters": [
                0.43803,
                0.43524,
                0.24831,
                0.2976,
                0.25947,
                0.31155,
                0.72819,
                1.31595,
                25,
                0.691362,
                1.382431,
                1.726731
              ]
            },
            {
              "Level": 3,
              "Parameters": [
                0.471,
                0.468,
                0.267,
                0.32,
                0.279,
                0.335,
                0.783,
                1.415,
                25,
                0.7434,
                1.486485,
                1.8567
              ]
            },
            {
              "Level": 4,
              "Parameters": [
                0.5181,
                0.5148,
                0.2937,
                0.352,
                0.3069,
                0.3685,
                0.8613,
                1.5565,
                25,
                0.81774,
                1.635134,
                2.04237
              ]
            },
            {
              "Level": 5,
              "Parameters": [
                0.55107,
                0.54756,
                0.31239,
                0.3744,
                0.32643,
                0.39195,
                0.91611,
                1.65555,
                25,
                0.869778,
                1.739187,
                2.172339
              ]
            },
            {
              "Level": 6,
              "Parameters": [
                0.58875,
                0.585,
                0.33375,
                0.4,
                0.34875,
                0.41875,
                0.97875,
                1.76875,
                25,
                0.92925,
                1.858106,
                2.320875
              ]
            },
            {
              "Level": 7,
              "Parameters": [
                0.64056,
                0.63648,
                0.36312,
                0.4352,
                0.37944,
                0.4556,
                1.06488,
                1.9244,
                25,
                1.011024,
                2.02162,
                2.525112
              ]
            },
            {
              "Level": 8,
              "Parameters": [
                0.69237,
                0.68796,
                0.39249,
                0.4704,
                0.41013,
                0.49245,
                1.15101,
                2.08005,
                25,
                1.092798,
                2.185133,
                2.729349
              ]
            },
            {
              "Level": 9,
              "Parameters": [
                0.74418,
                0.73944,
                0.42186,
                0.5056,
                0.44082,
                0.5293,
                1.23714,
                2.2357,
                25,
                1.174572,
                2.348646,
                2.933586
              ]
            },
            {
              "Level": 10,
              "Parameters": [
                0.8007,
                0.7956,
                0.4539,
                0.544,
                0.4743,
                0.5695,
                1.3311,
                2.4055,
                25,
                1.26378,
                2.527025,
                3.15639
              ]
            },
            {
              "Level": 11,
              "Parameters": [
                0.85722,
                0.85176,
                0.48594,
                0.5824,
                0.50778,
                0.6097,
                1.42506,
                2.600062,
                25,
                1.352988,
                2.705403,
                3.379194
              ]
            },
            {
              "Level": 12,
              "Parameters": [
                0.91374,
                0.90792,
                0.51798,
                0.6208,
                0.54126,
                0.6499,
                1.51902,
                2.828868,
                25,
                1.442196,
                2.883781,
                3.601998
              ]
            },
            {
              "Level": 13,
              "Parameters": [
                0.97026,
                0.96408,
                0.55002,
                0.6592,
                0.57474,
                0.6901,
                1.61298,
                3.057673,
                25,
                1.531404,
                3.062159,
                3.824802
              ]
            },
            {
              "Level": 14,
              "Parameters": [
                1.02678,
                1.02024,
                0.58206,
                0.6976,
                0.60822,
                0.7303,
                1.70694,
                3.286479,
                25,
                1.620612,
                3.240537,
                4.047606
              ]
            },
            {
              "Level": 15,
              "Parameters": [
                1.0833,
                1.0764,
                0.6141,
                0.736,
                0.6417,
                0.7705,
                1.8009,
                3.536085,
                25,
                1.70982,
                3.418915,
                4.27041
              ]
            }
          ]
        },
        "Id": 10641,
        "Name": "普通攻击·拂云出手",
        "Description": "<color=#FFD780FF>普通攻击</color>\n进行至多五段的连续枪击。\n\n<color=#FFD780FF>重击</color>\n消耗一定体力，向前方突进，对路径上的敌人造成伤害。\n\n<color=#FFD780FF>下落攻击</color>\n从空中下坠冲击地面，攻击下落路径上的敌人，并在落地时造成范围伤害。",
        "Icon": "Skill_A_03"
      },
      {
        "GroupId": 6432,
        "Proud": {
          "Descriptions": [
            "点按伤害|{param3:F1P}防御力",
            "一段蓄力伤害|{param4:F1P}防御力",
            "二段蓄力伤害|{param5:F1P}防御力",
            "护盾吸收量|{param1:P}生命值上限+{param2:I}",
            "冷却时间|{param6:F1}秒"
          ],
          "Parameters": [
            {
              "Level": 1,
              "Parameters": [
                0.12,
                1155.4323,
                1.4912,
                2.6096,
                3.728,
                9
              ]
            },
            {
              "Level": 2,
              "Parameters": [
                0.129,
                1270.9916,
                1.60304,
                2.80532,
                4.0076,
                9
              ]
            },
            {
              "Level": 3,
              "Parameters": [
                0.138,
                1396.1808,
                1.71488,
                3.00104,
                4.2872,
                9
              ]
            },
            {
              "Level": 4,
              "Parameters": [
                0.15,
                1531,
                1.864,
                3.262,
                4.66,
                9
              ]
            },
            {
              "Level": 5,
              "Parameters": [
                0.159,
                1675.4491,
                1.97584,
                3.45772,
                4.9396,
                9
              ]
            },
            {
              "Level": 6,
              "Parameters": [
                0.168,
                1829.5282,
                2.08768,
                3.65344,
                5.2192,
                9
              ]
            },
            {
              "Level": 7,
              "Parameters": [
                0.18,
                1993.2372,
                2.2368,
                3.9144,
                5.592,
                9
              ]
            },
            {
              "Level": 8,
              "Parameters": [
                0.192,
                2166.5762,
                2.38592,
                4.17536,
                5.9648,
                9
              ]
            },
            {
              "Level": 9,
              "Parameters": [
                0.204,
                2349.545,
                2.53504,
                4.43632,
                6.3376,
                9
              ]
            },
            {
              "Level": 10,
              "Parameters": [
                0.216,
                2542.1438,
                2.68416,
                4.69728,
                6.7104,
                9
              ]
            },
            {
              "Level": 11,
              "Parameters": [
                0.228,
                2744.3726,
                2.83328,
                4.95824,
                7.0832,
                9
              ]
            },
            {
              "Level": 12,
              "Parameters": [
                0.24,
                2956.2312,
                2.9824,
                5.2192,
                7.456,
                9
              ]
            },
            {
              "Level": 13,
              "Parameters": [
                0.255,
                3177.72,
                3.1688,
                5.5454,
                7.922,
                9
              ]
            },
            {
              "Level": 14,
              "Parameters": [
                0.27,
                3408.8384,
                3.3552,
                5.8716,
                8.388,
                9
              ]
            },
            {
              "Level": 15,
              "Parameters": [
                0.285,
                3649.587,
                3.5416,
                6.1978,
                8.854,
                9
              ]
            }
          ]
        },
        "Id": 10642,
        "Name": "旋云开相",
        "Description": "云先生的武戏架势，是真能御敌的。\n\n<color=#FFD780FF>点按</color>\n以拨云之势旋舞长枪，造成<color=#FFE699FF>岩元素伤害</color>。\n\n<color=#FFD780FF>长按</color>\n摆出旋云开相之架势蓄力，形成护盾，伤害吸收量受益于云堇的生命值上限，对所有元素伤害与物理伤害有150%的吸收效果。护盾持续至元素战技施放完毕。\n松开技能、持续时间结束时，或护盾被破坏时，会挥舞长枪释放积攒的力量进行攻击，造成<color=#FFE699FF>岩元素伤害</color>。\n依据蓄力的时间，释放时的状态将分为一段蓄力与二段蓄力。\n\n<i>台上一刹光华，台下十年辛苦。</i>",
        "Icon": "Skill_S_Yunjin_01"
      }
    ],
    "EnergySkill": {
      "GroupId": 6439,
      "Proud": {
        "Descriptions": [
          "技能伤害|{param1:P}",
          "伤害值提升|{param2:P}防御力",
          "持续时间|{param3:F1}秒",
          "生效次数|{param6:I}次",
          "冷却时间|{param4:F1}秒",
          "元素能量|{param5:I}"
        ],
        "Parameters": [
          {
            "Level": 1,
            "Parameters": [
              2.44,
              0.3216,
              12,
              15,
              60,
              30
            ]
          },
          {
            "Level": 2,
            "Parameters": [
              2.623,
              0.34572,
              12,
              15,
              60,
              30
            ]
          },
          {
            "Level": 3,
            "Parameters": [
              2.806,
              0.36984,
              12,
              15,
              60,
              30
            ]
          },
          {
            "Level": 4,
            "Parameters": [
              3.05,
              0.402,
              12,
              15,
              60,
              30
            ]
          },
          {
            "Level": 5,
            "Parameters": [
              3.233,
              0.42612,
              12,
              15,
              60,
              30
            ]
          },
          {
            "Level": 6,
            "Parameters": [
              3.416,
              0.45024,
              12,
              15,
              60,
              30
            ]
          },
          {
            "Level": 7,
            "Parameters": [
              3.66,
              0.4824,
              12,
              15,
              60,
              30
            ]
          },
          {
            "Level": 8,
            "Parameters": [
              3.904,
              0.51456,
              12,
              15,
              60,
              30
            ]
          },
          {
            "Level": 9,
            "Parameters": [
              4.148,
              0.54672,
              12,
              15,
              60,
              30
            ]
          },
          {
            "Level": 10,
            "Parameters": [
              4.392,
              0.57888,
              12,
              15,
              60,
              30
            ]
          },
          {
            "Level": 11,
            "Parameters": [
              4.636,
              0.61104,
              12,
              15,
              60,
              30
            ]
          },
          {
            "Level": 12,
            "Parameters": [
              4.88,
              0.6432,
              12,
              15,
              60,
              30
            ]
          },
          {
            "Level": 13,
            "Parameters": [
              5.185,
              0.6834,
              12,
              15,
              60,
              30
            ]
          },
          {
            "Level": 14,
            "Parameters": [
              5.49,
              0.7236,
              12,
              15,
              60,
              30
            ]
          },
          {
            "Level": 15,
            "Parameters": [
              5.795,
              0.7638,
              12,
              15,
              60,
              30
            ]
          }
        ]
      },
      "Id": 10643,
      "Name": "破嶂见旌仪",
      "Description": "造成<color=#FFE699FF>岩元素范围伤害</color>，并为附近的队伍中所有角色赋予「飞云旗阵」。\n\n<color=#FFD780FF>飞云旗阵</color>\n对敌人造成普通攻击伤害时，基于云堇自己当前的防御力，提高造成的伤害。\n\n「飞云旗阵」效果会在持续时间结束或生效一定次数后消失。\n一次普通攻击同时命中多名敌人时，会依据命中敌人的数量消耗生效次数；队伍中具有「飞云旗阵」的角色，其生效次数单独计算。\n\n<i>「桴鼓声中，刀枪剑戟空翻影，女婵娟今扮作掌旗大将。」</i>\n<i>「红毹上琴笛铙钹齐鸣，且看她如何荡平妖魔。」</i>",
      "Icon": "Skill_E_Yunjin_01"
    },
    "Inherents": [
      {
        "GroupId": 6421,
        "Proud": {
          "Descriptions": [],
          "Parameters": [
            {
              "Level": 1,
              "Parameters": []
            }
          ]
        },
        "Id": 642101,
        "Name": "务守本真",
        "Description": "在被攻击瞬间施放的<color=#FFD780FF>旋云开相</color>，会以长按二段蓄力的形式施放。",
        "Icon": "UI_Talent_S_Yunjin_05"
      },
      {
        "GroupId": 6422,
        "Proud": {
          "Descriptions": [],
          "Parameters": [
            {
              "Level": 1,
              "Parameters": [
                0.025,
                0.05,
                0.075,
                0.115
              ]
            }
          ]
        },
        "Id": 642201,
        "Name": "莫从恒蹊",
        "Description": "<color=#FFD780FF>「飞云旗阵」</color>提供的普通攻击伤害提高，当队伍中存在1/2/3/4种元素类型的角色时，数值上进一步追加云堇防御力的2.5%/5%/7.5%/11.5%。",
        "Icon": "UI_Talent_S_Yunjin_06"
      },
      {
        "GroupId": 6423,
        "Proud": {
          "Descriptions": [],
          "Parameters": [
            {
              "Level": 1,
              "Parameters": []
            }
          ]
        },
        "Id": 642301,
        "Name": "清食养性",
        "Description": "完美烹饪冒险类食物时，有12%概率获得2倍产出。",
        "Icon": "UI_Talent_S_Yunjin_07"
      }
    ],
    "Talents": [
      {
        "Id": 641,
        "Name": "飞身趟马",
        "Description": "<color=#FFD780FF>旋云开相</color>的冷却时间减少18%。",
        "Icon": "UI_Talent_S_Yunjin_01"
      },
      {
        "Id": 642,
        "Name": "诸般切末",
        "Description": "施放<color=#FFD780FF>破嶂见旌仪</color>后，附近队伍中所有角色普通攻击造成的伤害提升15%，持续12秒。",
        "Icon": "UI_Talent_S_Yunjin_02"
      },
      {
        "Id": 643,
        "Name": "牙纛探海",
        "Description": "<color=#FFD780FF>破嶂见旌仪</color>的技能等级提高3级。\n至多提升至15级。",
        "Icon": "UI_Talent_U_Yunjin_01",
        "ExtraLevel": {
          "Index": 9,
          "Level": 3
        }
      },
      {
        "Id": 644,
        "Name": "昇堂吊云",
        "Description": "云堇触发结晶反应后，防御力提升20%，持续12秒。",
        "Icon": "UI_Talent_S_Yunjin_03"
      },
      {
        "Id": 645,
        "Name": "翘楚名坤",
        "Description": "<color=#FFD780FF>旋云开相</color>的技能等级提高3级。\n至多提升至15级。",
        "Icon": "UI_Talent_U_Yunjin_02",
        "ExtraLevel": {
          "Index": 2,
          "Level": 3
        }
      },
      {
        "Id": 646,
        "Name": "庄谐并举",
        "Description": "处于<color=#FFD780FF>「飞云旗阵」</color>状态下的角色，普通攻击的攻击速度提升12%。",
        "Icon": "UI_Talent_S_Yunjin_04"
      }
    ]
  },
  "FetterInfo": {
    "Title": "红毹婵娟",
    "Detail": "集剧作与演唱能力于一身的璃月戏曲名角。风格自成一派，雅致柔美，恰如其人。",
    "Association": 2,
    "Native": "云翰社",
    "BirthMonth": 5,
    "BirthDay": 21,
    "VisionBefore": "岩",
    "ConstellationBefore": "虹章座",
    "CvChinese": "贺文潇&杨扬",
    "CvJapanese": "小岩井小鸟&杨扬",
    "CvEnglish": "朱蒂·艾丽丝·李&杨扬",
    "CvKorean": "史文英&杨扬",
    "CookBonus": {
      "OriginItemId": 108120,
      "ItemId": 108373,
      "InputList": [
        100026,
        100062,
        110006
      ]
    },
    "Fetters": [
      {
        "Title": "初次见面…",
        "Context": "有道是闻名不如见面，今天终于有缘与你相会，实属荣幸。我姓云，单名一个堇字，不才正是云翰社当家主事的人。我们戏社最近挂靠在和裕茶馆，日后还请多多赏光，常来听戏。"
      },
      {
        "Title": "闲聊·敏感话题",
        "Context": "这两天总觉得身上腰封有点紧，难道…我胖了？"
      },
      {
        "Title": "闲聊·闲适",
        "Context": "不勒头，不画脸，今天乐得清闲。"
      },
      {
        "Title": "闲聊·清唱",
        "Context": "云婵娟来花婵娟，风流尽在山水间。"
      },
      {
        "Title": "打雷的时候…",
        "Context": "…嘶，你听、听见打雷没有？吓我一跳。"
      },
      {
        "Title": "下雪的时候…",
        "Context": "喂呀，冻煞我了。"
      },
      {
        "Title": "阳光很好…",
        "Context": "暖阳和煦，真是好风光呀。"
      },
      {
        "Title": "早上好…",
        "Context": "早，清晨露水正好煎茶，喝完这杯茶再出发吧。"
      },
      {
        "Title": "中午好…",
        "Context": "午饭吃完之后，想睡一觉…哈…你不困吗？"
      },
      {
        "Title": "晚上好…",
        "Context": "一道去听听晚场说书吧，刘苏先生讲《裁雨声》是一绝。"
      },
      {
        "Title": "晚安…",
        "Context": "夜里寒气重，早点歇息，晚安。"
      },
      {
        "Title": "关于云堇自己·开蒙",
        "Context": "我开蒙早，刚记事的时候父亲就在教我读书了。可惜，他的本事要是有十分，我恐怕只学到了三分。写戏是够用了，但要和饱学之士相比，还差得太远。"
      },
      {
        "Title": "关于云堇自己·坐科",
        "Context": "我母亲早年是璃月港内大有名气的角儿，我学的戏都是她教的。你是不知道她有多严厉，一想起以前学戏的经历…不不不，我还是别想了。"
      },
      {
        "Title": "关于我们·搭班",
        "Context": "最近有几场大戏，正好缺一位擅长舞剑的演员，我觉得你各方面都挺适合。怎么样，有兴趣搭班吗？休息时，还能一起品茶。"
      },
      {
        "Title": "关于我们·摇滚",
        "Context": "欸，你还听摇滚？正好正好，下回我想出去听演唱会的时候，就找你一块去。回来的时候，我就说是拜访你去了，这下戏社里的老人肯定找不到借口唠叨我。"
      },
      {
        "Title": "关于「神之眼」…",
        "Context": "这神之眼嘛…说不定岩王爷也喜欢听戏呢？大概他老人家听得开心，就把神之眼送给我了，哈哈。"
      },
      {
        "Title": "有什么想要分享·饮品",
        "Context": "我最喜欢尝试各种各样的饮品。老一辈发明的那些讲究茶饮，什么松间露呀梅上雪的，都让我试了个遍。现在正愁没有新饮品可以喝呢，欸，你有什么推荐吗？"
      },
      {
        "Title": "有什么想要分享·心愿",
        "Context": "我偶尔也想脱下戏服，远游海外，去更大的世界看看。为了实现这个心愿，得更加努力才行。"
      },
      {
        "Title": "感兴趣的见闻…",
        "Context": "每天天刚破晓就能听见莺雀鸣啭，心情总能变得很好。"
      },
      {
        "Title": "关于辛焱…",
        "Context": "戏社里那几个老人天天念叨，说是听多了摇滚会被带坏，不让我去听辛焱的演唱会。嘴上说着为我好，哼，我看他们只是接受不了新事物而已。我才不会听他们的，辛焱的演唱会我每周都要去，就是这样。"
      },
      {
        "Title": "关于胡桃…",
        "Context": "胡桃她呀，表情丰富，脑筋还转得快，哪怕只是聊些家常都能「妙语连珠」。真让人羡慕。和这样的朋友在一起，无论做什么事情都很有趣。"
      },
      {
        "Title": "关于钟离…",
        "Context": "我们这行的规矩代代相传，讲究多得很。有些事我只知其然，却不知其所以然。但钟离先生讲起这些竟能如数家珍，有这样懂行的观众，谁不开心呢？"
      },
      {
        "Title": "关于凝光…",
        "Context": "天权星出手阔绰，没少资助我们戏社。领了她的情，自然也要回报给她最好的演出。"
      },
      {
        "Title": "关于行秋…",
        "Context": "原来你也认识行秋。哈哈，他聪明得很，鬼主意那么多，怕是一不留神就会捉弄你，可得留个心眼啊。"
      },
      {
        "Title": "关于申鹤…",
        "Context": "《神女劈观》的剧本我早就念得烂熟，但直到今天我才知道「神女」原来真有其人，世上缘分果然奇妙。惟愿她往后都有好友相伴，不再孤寂。"
      },
      {
        "Title": "关于刻晴…",
        "Context": "我倒没见过玉衡星来听戏。印象里，路边偶遇这位时，她也总是一副行色匆匆的样子。"
      },
      {
        "Title": "关于枫原万叶…",
        "Context": "爱听戏的外国人士也有不少，这位枫原万叶就是其中之一。不论台上演的是文场还是武场，他总是安安静静地听，是个规矩的好观众。"
      },
      {
        "Title": "想要了解云堇·其一",
        "Context": "我们戏社现在常唱的几出戏，有不少是我当家之后新写出来的。写也是我，唱也是我，一人多职，大概是因为这一点，我在璃月港有了些名气。"
      },
      {
        "Title": "想要了解云堇·其二",
        "Context": "按照传统，伶人登台之前要勒头、画脸、穿行头，还有其他一些零碎的准备工作。虽然这样「全副武装」之后扮相会更好看，但也累人。所以我能清唱时就清唱，非得彩唱的话，我往往会挑轻便点的行头。\n幸好和我们戏社长期合作的和裕茶馆管得宽松，要不然我真是要累惨了。"
      },
      {
        "Title": "想要了解云堇·其三",
        "Context": "当初我刚登台唱戏，凭着观众抬爱，不免有些心高气傲。戏本不喜欢就不唱，戏台子小了也不唱，观众少了还是不唱。现在想来，那时候可真是…太傲慢了…以后万万不能这样。"
      },
      {
        "Title": "想要了解云堇·其四",
        "Context": "回想起来，云翰社传到我手上也有段时间了。原本我只懂得写戏、唱戏，从来没把心思放在经营交际上。做了戏社的当家之后，才不得不在这些事上多长点心眼，因此体味到不少人情冷暖…\n这时候我才真知道，人生如戏，戏如人生啊。"
      },
      {
        "Title": "想要了解云堇·其五",
        "Context": "璃月多传说，大都是些魔神、仙人故事，所以璃月戏里最多的就是神仙戏。最近新演的《神女劈观》就属此类。虽然老戏迷们最爱听的就是这类故事，但如今是「人」的时代，我想多写些属于人类的故事，把天下人心唱给大家听。\n这些想法，过去我不曾向人提起。多谢你能耐心听我说这些。有一知音，我很幸运。"
      },
      {
        "Title": "云堇的爱好…",
        "Context": "爱好？当然是戏了。我是打定主意要唱一辈子的。"
      },
      {
        "Title": "云堇的烦恼…",
        "Context": "烦恼…唉，为了保持体型，我平时一口都不能多吃。人生在世，连美食都不能奢求，真是遗憾哪。"
      },
      {
        "Title": "喜欢的食物…",
        "Context": "天枢肉、水煮黑背鲈、干锅腊肉…我都想吃。可惜平时基本吃不了，那个…我就随便问一问，你…会做这几道菜吗？"
      },
      {
        "Title": "讨厌的食物…",
        "Context": "天天都是清炒虾仁，天天都是…再怎么做都还是那个味道，我是真的吃腻了。"
      },
      {
        "Title": "收到赠礼·其一",
        "Context": "美食，总会让人倍感幸福…可惜只能点到为止，不能再多吃了。"
      },
      {
        "Title": "收到赠礼·其二",
        "Context": "看着就很丰盛！稍等，我去找些饮品来，配着饭菜一起享用吧。"
      },
      {
        "Title": "收到赠礼·其三",
        "Context": "不好意思…这道菜肴呀，我是吃不了多少的。"
      },
      {
        "Title": "生日…",
        "Context": "原来今天是你的生日吗？我没有置办宴席的本事，只能为你唱一曲了。不过，这一曲只为你一个人唱，要听什么？你来定。"
      },
      {
        "Title": "突破的感受·起",
        "Context": "俗语说：「业精于勤而荒于嬉。」"
      },
      {
        "Title": "突破的感受·承",
        "Context": "勤学苦练至今，总算是有了些成果。"
      },
      {
        "Title": "突破的感受·转",
        "Context": "学枪一事，原先是为了台上舞枪好看，后来是为了掌握傍身武技。如今这两个目标都已达到。"
      },
      {
        "Title": "突破的感受·合",
        "Context": "枪术千变万化，奥妙无比，让我庆幸的是，练枪时一直有你相伴。我已经领悟到其中旨要。往后切磋时，你可得小心了。"
      },
      {
        "Title": "元素战技·其一",
        "Context": "着！"
      },
      {
        "Title": "元素战技·其二",
        "Context": "崩！"
      },
      {
        "Title": "元素战技·其三",
        "Context": "旗来！"
      },
      {
        "Title": "元素战技·其四",
        "Context": "飞云旗！"
      },
      {
        "Title": "元素战技·其五",
        "Context": "看枪！"
      },
      {
        "Title": "元素爆发·其一",
        "Context": "听我号令！"
      },
      {
        "Title": "元素爆发·其二",
        "Context": "勠力同心！"
      },
      {
        "Title": "元素爆发·其三",
        "Context": "一鼓作气！"
      },
      {
        "Title": "打开宝箱·其一",
        "Context": "我来瞧瞧。"
      },
      {
        "Title": "打开宝箱·其二",
        "Context": "是旅行中用得上的物资吗？"
      },
      {
        "Title": "打开宝箱·其三",
        "Context": "别客气，你收着就行。"
      },
      {
        "Title": "生命值低·其一",
        "Context": "别把裙子弄坏了…"
      },
      {
        "Title": "生命值低·其二",
        "Context": "得重整旗鼓才行。"
      },
      {
        "Title": "生命值低·其三",
        "Context": "哼，好戏在后面。"
      },
      {
        "Title": "同伴生命值低·其一",
        "Context": "你先下场。"
      },
      {
        "Title": "同伴生命值低·其二",
        "Context": "我来救场。"
      },
      {
        "Title": "倒下·其一",
        "Context": "曲终…人散…"
      },
      {
        "Title": "倒下·其二",
        "Context": "罢了…"
      },
      {
        "Title": "倒下·其三",
        "Context": "没办法…唱下去了…"
      },
      {
        "Title": "普通受击·其一",
        "Context": "要沉住气…"
      },
      {
        "Title": "重受击·其一",
        "Context": "有点狼狈…"
      },
      {
        "Title": "重受击·其二",
        "Context": "下手好重…"
      },
      {
        "Title": "加入队伍·其一",
        "Context": "走——了——"
      },
      {
        "Title": "加入队伍·其二",
        "Context": "今天该唱哪出呢？"
      },
      {
        "Title": "加入队伍·其三",
        "Context": "你叫我，我当然要来了。"
      }
    ],
    "FetterStories": [
      {
        "Title": "角色详细",
        "Context": "「和裕茶馆」历来是璃月人工作之余的一大好去处。\n和裕茶馆的生意之所以如此兴隆，一是老板范二爷经营得当，请的茶博士说起书来是一绝。\n二是璃月知名的戏社「云翰社」正挂靠在此。云翰社如今的当家兼顶梁柱——名角云堇，有时会来登台开唱。\n美味的小吃也好，说书人的故事也好，只要去对地方，随时都能享受。唯独听云堇唱戏的机会，实在不常有。\n所以，云堇的戏迷们常常守在和裕茶馆，谈论云堇演唱过的戏，交流各自赏戏的体会。\n茶馆里多了不少常客，十个里九个是云堇的戏迷。\n范二爷对此很是满意。"
      },
      {
        "Title": "角色故事1",
        "Context": "璃月人从祖辈处继承的传统艺术有许多种，璃月戏正是其中之一。\n璃月戏历史悠久。传承至今，这一辈曲艺人演唱的璃月戏，已经和它最初的模样大不相同。\n幸运的是，今天的璃月戏依然保有古璃月戏那般纷繁复杂的声乐，和百转千回的曲调。\n今天的璃月曲艺人往往结社演出。众多戏社中，最知名的当属「云翰社」。\n「云翰社」由曲艺世家云家代代传承，如今的当家是璃月港内风头正劲的名角——云堇。\n云堇年少成名，初次登台就以清脆甜美的唱腔及活泼俏丽的扮相征服了观众。\n随着担纲的剧目逐渐增多，她那灵动多变、真实自然的演绎风格也越发成熟。\n无论是娇柔端庄的闺中千金，还是义薄云天的巾帼女杰，她都能拿捏得恰到好处。\n更为难得的是，这位年轻的演员还懂得写戏。除《神女劈观》外，「云翰社」近年来还有不少新剧，皆出自云堇之手。\n也难怪老戏迷们戏瘾上来，第一时间总会想到去和裕茶馆打听云堇何时开演。"
      },
      {
        "Title": "角色故事2",
        "Context": "云堇出身于璃月曲艺世家。\n她母亲继承了祖父的衣钵，曾是蜚声璃月港内的名角。她的父亲则是一名剧作家。\n诞生在如此家庭中的云堇，自幼耳濡目染，总爱跟着母亲一起咿呀哼唱璃月戏。\n通常来说，人童年的喜好总是难成其一生志业。云堇却不在此列。\n小云堇对璃月戏的痴迷绝非儿戏，她还主动要求父母指导自己。\n女儿的坚持让父母欢喜，自然不吝指导。因此，云堇小小年纪就开始学戏。\n璃月戏讲究繁多，一旦决定要认真学戏，那可不是一朝一夕的功夫。\n即便像云堇这样颖悟绝伦的孩子也逃不了学戏的苦功。普通孩子忍受不了压腿的疼痛、背韵书的无趣，然而小小的云堇却咬牙坚持了下来，还学得有模有样。\n待到她出科时，「云翰社」里看着云堇长大的老伶工们纷纷感慨：\n「这下，璃月港要出个不得了的角儿咯。」"
      },
      {
        "Title": "角色故事3",
        "Context": "「云翰社」里有许多老资历的伶工。早在云堇祖父当家时，就已是戏社的一员了。\n云堇从祖父手中接过「云翰社」后，他们依然尽心尽力地协助云堇经营戏社。\n老伶工们衷心热爱着自己的艺术，甚至可能热爱得过了头，在他们眼里，除了璃月戏，包括摇滚在内的其他音乐都是旁门左道。\n云堇倒不这么认为。她非常欣赏摇滚乐中巨大的力量，甚至还和摇滚乐手辛焱成了好友。\n排练剧目时，老伶工们都乐意听从云堇的指挥，但在生活中，年轻的云堇就像是他们的小孙女。\n「乖乖啊，听话，辣的不能吃，对嗓子不好。肉可以吃，但不能吃多了，容易发胖。」\n「实在想吃，就多吃点虾仁吧。那个什么…什么摇滚，不可以听，乱吼乱叫可不是好东西。」\n云堇每每听完摇滚演出，回来都要被他们唠叨半天。\n跟固执的老人讲道理实在太难，为了少受点罪，她只能想办法编借口。\n听辛焱的演唱会或许不行，但去拜访范二爷家的养女「星燕」小姐，一起聊璃月戏，就没问题了。\n老人们不怎么中意唱摇滚的辛焱，对范二爷家这位星燕的印象却好得很。\n「星燕这个姑娘，听说又会绣花又会烹饪，准是个端庄大方的好孩子，我们云堇跟她玩在一起，还能学上几分，非常好啊。」\n云堇早和范二爷商量过这事，统一了口径，所以不用担心，这个小小的谎言绝对不会穿帮！"
      },
      {
        "Title": "角色故事4",
        "Context": "人们对云堇有各种称呼。有喊她云老板的，有称她云先生的。\n称她为云老板，是因为云堇乃「云翰社」当家。虽然杂务琐事有经理支撑，大事仍由云堇定夺。因此，许多商界人士爱称呼云堇为云老板。\n云先生这个称呼，却有个故事。\n云堇祖父管理「云翰社」那会儿，老戏迷都敬称他为云先生。等到云堇掌事，这些老戏迷也常来看她演出。\n有位戏迷看云堇演得不错，散场后与人闲聊时，半开玩笑地说：\n「现今这位『云先生』唱得也不错。」\n人群中立刻出现了反对的声音：「年轻女子，也能称先生？」\n这话被云堇听了去，轻轻笑道：\n「先生于人的，年纪长，见闻自然广，大家当然称呼他为先生。」\n「但见闻广博的人未必都很年长，况且女子怎么就不能有大见识了？」\n「先生您快人快语，称得上先生，年轻女子答得上您的问，自然也配称一声先生才是。」\n在场的戏迷们深感趣味，常挂在嘴边说道。最后，不论见没见过云堇本人的，都习惯性地随别人一起称她为云先生了。"
      },
      {
        "Title": "角色故事5",
        "Context": "传统璃月戏中常见固定主题，讲述的大多是仙人或者岩王帝君本人的故事。\n《神女劈观》之类戏，就属此类。因人们对仙人充满美好的想象，乐于观看舞台上的仙人如何颦笑，这类故事才能在璃月戏里占到大多数。\n童年时，它们还能牵动云堇的心弦，但在演遍了仙人传奇之后，她的想法逐渐改变了。\n为什么不试试其他的主题呢？比如…讲述我们自己的故事？\n书写红尘中的冷暖悲欢，颂扬属于人的爱恨情仇。\n或许这些凡人俗话算不上璃月戏的主流，却也未必不能被传唱。\n爱执、贪嗔、痴念。人在或美好或悲壮的情感中确立心境，品味灵魂。\n云堇不是仙人，不能设身处地体会仙人所思所想，对人的种种情感倒最是熟悉。\n「那么，就来歌咏人本身的故事吧，用我的笔、我的嗓演绎天下人心。」\n这是云堇心中从未对人言说的愿望。"
      },
      {
        "Title": "长命锁",
        "Context": "云家祖上原本不以曲艺为业，而是专心从事武器锻造。\n后来，也不知是哪位祖先腻烦了舞枪弄棍，反对戏曲产生了兴趣。总之传到云堇这一代时，家里再没几个亲自动手打铁的人了。\n不过祖上倒是留下了不少物件，云堇身上这把铜锁就是其中之一。\n她幼年练身段时，经常在大太阳下一站一整天。累到直接晕过去，这类事情也是发生过的。\n父母疼惜云堇，可又明白基本功万万不可懈怠。\n便默默拿出了这把锁配在云堇衣衫上，祈求铜锁锁住运势，护佑云堇平安健康。\n直到长大，这把锁也从未离开过云堇。每次演出前，为了回忆那段辛苦又幸福的时光，她都会把它拿出来仔细擦拭。\n神色温柔，像是在抚摸自己幼年学戏时那颗赤诚的初心。"
      },
      {
        "Title": "神之眼",
        "Context": "云堇初登台不久，经过大大小小几十场戏的磨砺，本就聪颖的她很快掌握了舞台表演的要旨。\n只要云堇亮相，绝对能赢来满堂喝彩。可这样唱得多了，反而觉得，这些不是自己想要的戏。\n台上开演，每到矛盾激烈时就高声开嗓，每到形势陷入低谷时就放低声，慢慢吟出唱词。\n久而久之，对她而言，各类戏中角色都有着相似的面孔。\n起调，摆一套漂亮身段，再亮一亮她的好嗓音，《神女劈观》中的神女和《连心珠》中的渔家小妹似乎也没什么分别。\n观众或许能够接受，云堇却不甘于此。难道仅仅凭借演唱的技巧，仅仅依靠美丽的身姿，就能够讲述动人的故事吗？\n带她走出瓶颈的，恰是《走雪》这出戏。\n那是一出独角戏，演的是雪中的一段艰难跋涉。云堇第一次唱《走雪》时，天空中也飘着细雪。\n戏中人在雪中迷失路途，茫然无措之余不禁哀叹起来。恍惚间，戏中的风雪与现实中的风雪交叠，茫然了许久的云堇也化作了迷途的旅人。\n没错，正是这种感觉。她不仅是她自己，也是她表演过的千千万万个角色。\n她务必像戏中人一样呼吸、生活，她的心情也随戏中人一颦一笑而牵动。\n这千千万万个角色的生命轨迹交织，造就一个有情世界，这才是她想要的戏，她想讲述的故事。\n在今天，云堇已经不记得自己顿悟后是如何回到后台的，她只记得，等到她终于得空脱去戏服时，她的袖中竟多了一枚神之眼。"
      }
    ]
  },
  "Costumes": [
    {
      "Id": 206400,
      "Name": "氍毹烟云",
      "Description": "云堇的装扮款式。由飞云商会的巧手裁缝设计制作的裙装，被云堇一眼相中，成为了她最心爱的常服。",
      "IsDefault": true
    }
  ],
  "CultivationItems": [
    104174,
    113030,
    100030,
    112007,
    104315,
    113027
  ],
  "NameCard": {
    "Name": "云堇·对韵",
    "Description": "名片纹饰。\n云先生有师二种。一种在外，戏台之上时「说我孬者，是我师也」；一种在内，创作戏文，需要对照韵书。",
    "Icon": "UI_NameCardIcon_Yunjin",
    "PicturePrefix": "UI_NameCardPic_Yunjin"
  }
}