{
  "Id": 10000065,
  "PromoteId": 65,
  "Sort": 49,
  "Body": 2,
  "Icon": "UI_AvatarIcon_Shinobu",
  "SideIcon": "UI_AvatarIcon_Side_Shinobu",
  "Name": "久岐忍",
  "Description": "干练可靠的「荒泷派」的副手——特别注明：干练可靠形容的不是「荒泷派」而是副手。",
  "BeginTime": "2022-06-21T18:00:00+08:00",
  "Quality": 4,
  "Weapon": 1,
  "BaseValue": {
    "HpBase": 1030.3239,
    "AttackBase": 17.808,
    "DefenseBase": 62.9475
  },
  "GrowCurves": [
    {
      "Type": 1,
      "Value": 22
    },
    {
      "Type": 4,
      "Value": 32
    },
    {
      "Type": 7,
      "Value": 22
    }
  ],
  "SkillDepot": {
    "Arkhe": 0,
    "Skills": [
      {
        "GroupId": 6531,
        "Proud": {
          "Descriptions": [
            "一段伤害|{param1:F1P}",
            "二段伤害|{param2:F1P}",
            "三段伤害|{param3:F1P}",
            "四段伤害|{param4:F1P}",
            "重击伤害|{param5:F1P}+{param6:F1P}",
            "重击体力消耗|{param7:F1}点",
            "下坠期间伤害|{param8:F1P}",
            "低空/高空坠地冲击伤害|{param9:P}/{param10:P}"
          ],
          "Parameters": [
            {
              "Level": 1,
              "Parameters": [
                0.48762,
                0.44548,
                0.5934,
                0.7611,
                0.556334,
                0.667652,
                20,
                0.639324,
                1.278377,
                1.596762
              ]
            },
            {
              "Level": 2,
              "Parameters": [
                0.52731,
                0.48174,
                0.6417,
                0.82305,
                0.601617,
                0.721996,
                20,
                0.691362,
                1.382431,
                1.726731
              ]
            },
            {
              "Level": 3,
              "Parameters": [
                0.567,
                0.518,
                0.69,
                0.885,
                0.6469,
                0.77634,
                20,
                0.7434,
                1.486485,
                1.8567
              ]
            },
            {
              "Level": 4,
              "Parameters": [
                0.6237,
                0.5698,
                0.759,
                0.9735,
                0.71159,
                0.853974,
                20,
                0.81774,
                1.635134,
                2.04237
              ]
            },
            {
              "Level": 5,
              "Parameters": [
                0.66339,
                0.60606,
                0.8073,
                1.03545,
                0.756873,
                0.908318,
                20,
                0.869778,
                1.739187,
                2.172339
              ]
            },
            {
              "Level": 6,
              "Parameters": [
                0.70875,
                0.6475,
                0.8625,
                1.10625,
                0.808625,
                0.970425,
                20,
                0.92925,
                1.858106,
                2.320875
              ]
            },
            {
              "Level": 7,
              "Parameters": [
                0.77112,
                0.70448,
                0.9384,
                1.2036,
                0.879784,
                1.055822,
                20,
                1.011024,
                2.02162,
                2.525112
              ]
            },
            {
              "Level": 8,
              "Parameters": [
                0.83349,
                0.76146,
                1.0143,
                1.30095,
                0.950943,
                1.14122,
                20,
                1.092798,
                2.185133,
                2.729349
              ]
            },
            {
              "Level": 9,
              "Parameters": [
                0.89586,
                0.81844,
                1.0902,
                1.3983,
                1.022102,
                1.226617,
                20,
                1.174572,
                2.348646,
                2.933586
              ]
            },
            {
              "Level": 10,
              "Parameters": [
                0.9639,
                0.8806,
                1.173,
                1.5045,
                1.09973,
                1.319778,
                20,
                1.26378,
                2.527025,
                3.15639
              ]
            },
            {
              "Level": 11,
              "Parameters": [
                1.03194,
                0.94276,
                1.2558,
                1.6107,
                1.177358,
                1.412939,
                20,
                1.352988,
                2.705403,
                3.379194
              ]
            },
            {
              "Level": 12,
              "Parameters": [
                1.09998,
                1.00492,
                1.3386,
                1.7169,
                1.254986,
                1.5061,
                20,
                1.442196,
                2.883781,
                3.601998
              ]
            },
            {
              "Level": 13,
              "Parameters": [
                1.16802,
                1.06708,
                1.4214,
                1.8231,
                1.332614,
                1.59926,
                20,
                1.531404,
                3.062159,
                3.824802
              ]
            },
            {
              "Level": 14,
              "Parameters": [
                1.23606,
                1.12924,
                1.5042,
                1.9293,
                1.410242,
                1.692421,
                20,
                1.620612,
                3.240537,
                4.047606
              ]
            },
            {
              "Level": 15,
              "Parameters": [
                1.3041,
                1.1914,
                1.587,
                2.0355,
                1.48787,
                1.785582,
                20,
                1.70982,
                3.418915,
                4.27041
              ]
            }
          ]
        },
        "Id": 10651,
        "Name": "普通攻击·忍流飞刃斩",
        "Description": "<color=#FFD780FF>普通攻击</color>\n进行至多四段的连续剑击。\n\n<color=#FFD780FF>重击</color>\n消耗一定体力，瞬间向前方挥出两剑。\n\n<color=#FFD780FF>下落攻击</color>\n从空中下坠冲击地面，攻击下落路径上的敌人，并在落地时造成范围伤害。",
        "Icon": "Skill_A_01"
      },
      {
        "GroupId": 6532,
        "Proud": {
          "Descriptions": [
            "技能伤害|{param1:P}",
            "越祓草轮治疗量|{param2:F1P}生命值上限+{param3:I}",
            "越祓草轮伤害|{param4:F1P}",
            "技能消耗|{param5:P}当前生命值",
            "持续时间|{param6:F1}秒",
            "冷却时间|{param7:F1}秒"
          ],
          "Parameters": [
            {
              "Level": 1,
              "Parameters": [
                0.75712,
                0.03,
                288.8908,
                0.2524,
                0.3,
                12,
                15
              ]
            },
            {
              "Level": 2,
              "Parameters": [
                0.813904,
                0.03225,
                317.7839,
                0.27133,
                0.3,
                12,
                15
              ]
            },
            {
              "Level": 3,
              "Parameters": [
                0.870688,
                0.0345,
                349.08475,
                0.29026,
                0.3,
                12,
                15
              ]
            },
            {
              "Level": 4,
              "Parameters": [
                0.9464,
                0.0375,
                382.79337,
                0.3155,
                0.3,
                12,
                15
              ]
            },
            {
              "Level": 5,
              "Parameters": [
                1.003184,
                0.03975,
                418.90976,
                0.33443,
                0.3,
                12,
                15
              ]
            },
            {
              "Level": 6,
              "Parameters": [
                1.059968,
                0.042,
                457.43387,
                0.35336,
                0.3,
                12,
                15
              ]
            },
            {
              "Level": 7,
              "Parameters": [
                1.13568,
                0.045,
                498.36575,
                0.3786,
                0.3,
                12,
                15
              ]
            },
            {
              "Level": 8,
              "Parameters": [
                1.211392,
                0.048,
                541.7054,
                0.40384,
                0.3,
                12,
                15
              ]
            },
            {
              "Level": 9,
              "Parameters": [
                1.287104,
                0.051,
                587.4528,
                0.42908,
                0.3,
                12,
                15
              ]
            },
            {
              "Level": 10,
              "Parameters": [
                1.362816,
                0.054,
                635.608,
                0.45432,
                0.3,
                12,
                15
              ]
            },
            {
              "Level": 11,
              "Parameters": [
                1.438528,
                0.057,
                686.1709,
                0.47956,
                0.3,
                12,
                15
              ]
            },
            {
              "Level": 12,
              "Parameters": [
                1.51424,
                0.06,
                739.14154,
                0.5048,
                0.3,
                12,
                15
              ]
            },
            {
              "Level": 13,
              "Parameters": [
                1.60888,
                0.06375,
                794.52,
                0.53635,
                0.3,
                12,
                15
              ]
            },
            {
              "Level": 14,
              "Parameters": [
                1.70352,
                0.0675,
                852.3062,
                0.5679,
                0.3,
                12,
                15
              ]
            },
            {
              "Level": 15,
              "Parameters": [
                1.79816,
                0.07125,
                912.5001,
                0.59945,
                0.3,
                12,
                15
              ]
            }
          ]
        },
        "Id": 10652,
        "Name": "越祓雷草之轮",
        "Description": "编结越祓草轮，消耗一部分生命值，对周围的敌人造成<color=#FFACFFFF>雷元素伤害</color>。\n\n<color=#FFD780FF>越祓草轮</color>\n将跟随当前场上角色。每1.5秒，对周围的敌人造成<color=#FFACFFFF>雷元素伤害</color>，并为范围内的当前场上角色恢复生命值，回复量受益于久岐忍的生命值上限。\n\n施放该技能所消耗的生命值，至多使久岐忍的生命值降低至20%。\n\n<i>鸣草结环，系于腰际，以驱邪祟。</i>",
        "Icon": "Skill_S_Shinobu_01"
      }
    ],
    "EnergySkill": {
      "GroupId": 6539,
      "Proud": {
        "Descriptions": [
          "单次伤害|{param1:F1P}生命值上限",
          "总伤害|{param2:F1P}/{param3:F1P}生命值上限",
          "持续时间|{param4:F1}秒/{param5:F1}秒",
          "冷却时间|{param6:F1}秒",
          "元素能量|{param7:I}"
        ],
        "Parameters": [
          {
            "Level": 1,
            "Parameters": [
              0.036048,
              0.252336,
              0.432576,
              2,
              3.5,
              15,
              60
            ]
          },
          {
            "Level": 2,
            "Parameters": [
              0.038752,
              0.271261,
              0.465019,
              2,
              3.5,
              15,
              60
            ]
          },
          {
            "Level": 3,
            "Parameters": [
              0.041455,
              0.290186,
              0.497462,
              2,
              3.5,
              15,
              60
            ]
          },
          {
            "Level": 4,
            "Parameters": [
              0.04506,
              0.31542,
              0.54072,
              2,
              3.5,
              15,
              60
            ]
          },
          {
            "Level": 5,
            "Parameters": [
              0.047764,
              0.334345,
              0.573163,
              2,
              3.5,
              15,
              60
            ]
          },
          {
            "Level": 6,
            "Parameters": [
              0.050467,
              0.35327,
              0.605606,
              2,
              3.5,
              15,
              60
            ]
          },
          {
            "Level": 7,
            "Parameters": [
              0.054072,
              0.378504,
              0.648864,
              2,
              3.5,
              15,
              60
            ]
          },
          {
            "Level": 8,
            "Parameters": [
              0.057677,
              0.403738,
              0.692122,
              2,
              3.5,
              15,
              60
            ]
          },
          {
            "Level": 9,
            "Parameters": [
              0.061282,
              0.428971,
              0.735379,
              2,
              3.5,
              15,
              60
            ]
          },
          {
            "Level": 10,
            "Parameters": [
              0.064886,
              0.454205,
              0.778637,
              2,
              3.5,
              15,
              60
            ]
          },
          {
            "Level": 11,
            "Parameters": [
              0.068491,
              0.479438,
              0.821894,
              2,
              3.5,
              15,
              60
            ]
          },
          {
            "Level": 12,
            "Parameters": [
              0.072096,
              0.504672,
              0.865152,
              2,
              3.5,
              15,
              60
            ]
          },
          {
            "Level": 13,
            "Parameters": [
              0.076602,
              0.536214,
              0.919224,
              2,
              3.5,
              15,
              60
            ]
          },
          {
            "Level": 14,
            "Parameters": [
              0.081108,
              0.567756,
              0.973296,
              2,
              3.5,
              15,
              60
            ]
          },
          {
            "Level": 15,
            "Parameters": [
              0.085614,
              0.599298,
              1.027368,
              2,
              3.5,
              15,
              60
            ]
          }
        ]
      },
      "Id": 10655,
      "Name": "御咏鸣神刈山祭",
      "Description": "将退邪之刃刺入地面，在前方创造清净邪物的结界，基于久岐忍的生命值上限，对其中的敌人持续造成<color=#FFACFFFF>雷元素伤害</color>。\n施放时，若久岐忍的生命值低于或等于50%，结界的持续时间将会延长。\n\n<i>原本是用于割除杂草，祈祷来年丰收的祭祷之术，忍在结束巫女生涯后，也并未将此忘记。</i>",
      "Icon": "Skill_E_Shinobu_01"
    },
    "Inherents": [
      {
        "GroupId": 6521,
        "Proud": {
          "Descriptions": [],
          "Parameters": [
            {
              "Level": 1,
              "Parameters": [
                0.5,
                0.15
              ]
            }
          ]
        },
        "Id": 652101,
        "Name": "破笼之志",
        "Description": "久岐忍的生命值不高于50%时，治疗加成提升15%。",
        "Icon": "UI_Talent_S_Shinobu_05"
      },
      {
        "GroupId": 6522,
        "Proud": {
          "Descriptions": [],
          "Parameters": [
            {
              "Level": 1,
              "Parameters": [
                0.75,
                0.25
              ]
            }
          ]
        },
        "Id": 652201,
        "Name": "安心之所",
        "Description": "基于久岐忍的元素精通，<color=#FFD780FF>越祓雷草之轮</color>获得以下提升：\n·治疗量提升值：元素精通的75%；\n·伤害提升值：元素精通的25%。",
        "Icon": "UI_Talent_S_Shinobu_06"
      },
      {
        "GroupId": 6523,
        "Proud": {
          "Descriptions": [],
          "Parameters": [
            {
              "Level": 1,
              "Parameters": []
            }
          ]
        },
        "Id": 652301,
        "Name": "久时的祝祷",
        "Description": "在稻妻执行时长为20小时的探索派遣任务时，获得的奖励增加25%。",
        "Icon": "UI_Talent_S_Shinobu_07"
      }
    ],
    "Talents": [
      {
        "Id": 651,
        "Name": "割舍怜悯之心",
        "Description": "<color=#FFD780FF>御咏鸣神刈山祭</color>的影响范围提升50%。",
        "Icon": "UI_Talent_S_Shinobu_01"
      },
      {
        "Id": 652,
        "Name": "割舍侥幸之心",
        "Description": "<color=#FFD780FF>越祓草轮</color>的持续时间延长3秒。",
        "Icon": "UI_Talent_S_Shinobu_02"
      },
      {
        "Id": 653,
        "Name": "割舍痛苦之心",
        "Description": "<color=#FFD780FF>越祓雷草之轮</color>的技能等级提高3级。\n至多提升至15级。",
        "Icon": "UI_Talent_U_Shinobu_01",
        "ExtraLevel": {
          "Index": 2,
          "Level": 3
        }
      },
      {
        "Id": 654,
        "Name": "割舍封闭之心",
        "Description": "处于久岐忍自己的<color=#FFD780FF>越祓草轮</color>状态下的角色，在普通攻击、重击或下落攻击命中敌人时，雷草标将落在敌人所在的位置，基于久岐忍生命值上限的9.7%，造成<color=#FFACFFFF>雷元素范围伤害</color>。\n该效果每5秒至多触发一次。",
        "Icon": "UI_Talent_S_Shinobu_03"
      },
      {
        "Id": 655,
        "Name": "割舍逢迎之心",
        "Description": "<color=#FFD780FF>御咏鸣神刈山祭</color>的技能等级提高3级。\n至多提升至15级。",
        "Icon": "UI_Talent_U_Shinobu_02",
        "ExtraLevel": {
          "Index": 9,
          "Level": 3
        }
      },
      {
        "Id": 656,
        "Name": "割舍软弱之心",
        "Description": "久岐忍承受足以使她倒下的伤害时，此次伤害不会使她倒下，这个效果在久岐忍生命值为1时会自动触发，该效果每60秒只能触发一次。\n久岐忍生命值降至25%以下时，会提升自身150点精通，持续15秒，该效果每60秒只能触发一次。",
        "Icon": "UI_Talent_S_Shinobu_04"
      }
    ]
  },
  "FetterInfo": {
    "Title": "烦恼刈除",
    "Detail": "干练可靠的「荒泷派」的副手——特别注明：干练可靠形容的不是「荒泷派」而是副手。",
    "Association": 5,
    "Native": "荒泷派",
    "BirthMonth": 7,
    "BirthDay": 27,
    "VisionBefore": "雷",
    "ConstellationBefore": "烦恼刈座",
    "CvChinese": "杨凝",
    "CvJapanese": "水桥香织",
    "CvEnglish": "基拉·巴克兰德",
    "CvKorean": "金燏",
    "CookBonus": {
      "OriginItemId": 108328,
      "ItemId": 108388,
      "InputList": [
        100062,
        100092,
        100079,
        110006
      ]
    },
    "Fetters": [
      {
        "Title": "初次见面…",
        "Context": "你好，我是荒泷派的二把手久岐忍。我们承包多种业务，货运物流、安保维持、房屋补漏、表演驻唱等等。需要我们请随时联系，这是我的名片，还请收下。"
      },
      {
        "Title": "闲聊·麻烦事",
        "Context": "有麻烦事要处理的话，直接告诉我就好，我来摆平。"
      },
      {
        "Title": "闲聊·证书",
        "Context": "执业证书考试都有固定评判标准，肯学肯练就能考过，没什么难的。"
      },
      {
        "Title": "闲聊·荒泷派",
        "Context": "要是荒泷派犯了事，我会揪他们去认错的。"
      },
      {
        "Title": "下雨的时候…",
        "Context": "不用打伞了，腿脚快点就行。"
      },
      {
        "Title": "打雷的时候…",
        "Context": "当心点。这种天，应该没人会想引雷上身吧？"
      },
      {
        "Title": "下雪的时候…",
        "Context": "快点把事情办完就撤吧，别浪费时间。"
      },
      {
        "Title": "阳光很好…",
        "Context": "嗯，天气真好，但总有种不祥的预感…希望是我多虑了吧。"
      },
      {
        "Title": "刮大风了…",
        "Context": "唔…这风还算不错。"
      },
      {
        "Title": "早上好…",
        "Context": "早啊，看你的样子是准备去锻炼了？没想到你还挺勤快的。"
      },
      {
        "Title": "中午好…",
        "Context": "想吃什么？最近攒了不少钱，午饭我请你。"
      },
      {
        "Title": "晚上好…",
        "Context": "有些委托，在夜晚才好办。我不放心交给他们，都是我亲自上。"
      },
      {
        "Title": "晚安…",
        "Context": "该休息的时候就去休息吧，不用管我。"
      },
      {
        "Title": "关于久岐忍自己·二把手",
        "Context": "招揽业务、维系成员安定是我的职责，除此之外还有——去奉行所捞人，归还零食和玩具，抓捕接了活却在暗处偷懒的成员…不过，这些额外工作属于荒泷派特色，其他任何组织的二把手，理论上都不需要做这些。当然，也做不到像我这样。"
      },
      {
        "Title": "关于久岐忍自己·退路",
        "Context": "你说帮派解散？首先，那种事应该不会发生。其次，就算发生了，我有什么好担心的呢。饿肚子的人不可能是我。"
      },
      {
        "Title": "关于我们·笔记",
        "Context": "要是你心血来潮想考什么证，不如直接找我吧，我把笔记借你。备注和要点很详细，不愁你学不会。"
      },
      {
        "Title": "关于我们·善后",
        "Context": "不管你是不是荒泷派的人，我都不会把你当外人。你就往前走吧，幕后的工作交给我。放心，这方面我是专业的，多复杂的事都能办妥。嗯？担心我的安危？呵，这方面你也放心吧，这些年的摸爬滚打，不是白经历的。"
      },
      {
        "Title": "关于「神之眼」…",
        "Context": "和证书一样，这是对我能力的肯定和证明。但不同的是，我至今不知道它的考核标准。"
      },
      {
        "Title": "有什么想要分享·面铠",
        "Context": "戴上面铠是不想被熟人认出来。尤其和荒泷派一起出任务时，要是熟人看见了，指指点点，那群家伙肯定会趁机起哄。啧，光是想想，就很烦。不能再有下次了…咳，没什么。"
      },
      {
        "Title": "有什么想要分享·派中法度",
        "Context": "我制定了荒泷派的「派中法度」，他们就应该谨遵法度行事。嗯？你问他们为什么愿意听话？因为我比他们更有说服力。我的语言和拳头，姑且还算是有点分量。"
      },
      {
        "Title": "感兴趣的见闻…",
        "Context": "神社中流传着一种说法，将鸣草织成一个圈缠在身上，就能祛灾祈福，你信吗？我倒觉得，鸣草，还是麻痹效果更实用。"
      },
      {
        "Title": "关于雷电将军…",
        "Context": "解除锁国后，雷电将军陆续颁布了不少法令支持各行各业的发展。我在锁国期间考的证书全都派上了用场，荒泷派也不那么拮据了。祸福相依，没想到到头来还得感谢她。"
      },
      {
        "Title": "关于九条裟罗…",
        "Context": "九条小姐啊，她是我的朋友。嗯？我认识她让你觉得很意外吗？噢，你可能误会了，我加入荒泷派之前就跟她有交情。我们俩的切磋，还难分胜负呢。"
      },
      {
        "Title": "关于八重神子…",
        "Context": "就连堂堂鸣神大社的宫司大人，都要靠副业来解闷，可见当巫女是有多无聊。我是绝对不会回去当巫女的。"
      },
      {
        "Title": "关于荒泷一斗…",
        "Context": "老大有很多不算愉快的过去，却还能保持快乐阳光，挺难得的。他对我们很不错，他的纯粹也感染着荒泷派的大家。当然，这不能成为他横冲直撞影响别人的借口。如果他找你麻烦，尽管告诉我。我会好好收拾他，让他后悔对你无礼。"
      },
      {
        "Title": "关于烟绯…",
        "Context": "那时候跟家里闹翻了，只想着有多远逃多远，就跑去璃月学律法了。得亏这样，有幸认识了烟绯师姐。在律法咨询这块，她简直就是活字典。我？执业证书倒是有的，不过这个职业的约束也不少，并不是最适合我的。"
      },
      {
        "Title": "关于鹿野院平藏…",
        "Context": "他和普通天领奉行同心不一样，从未见他做什么巡逻、抓捕的活。他偶尔会找我买线索，作为交换，我希望他能在我去奉行所捞人时帮我美言几句，他也爽快答应了。这笔交易还算值，毕竟让弟兄们收集点市井见闻是很简单的事。"
      },
      {
        "Title": "想要了解久岐忍·其一",
        "Context": "我做过很多不同的工作，相关的执业证书也有不少。管理方面，带过小型团队，负责人员统筹和资源调配…呃，抱歉，面试多了就说习惯了，别介意。"
      },
      {
        "Title": "想要了解久岐忍·其二",
        "Context": "我家是巫女世家，但我不适合当巫女。刚逃出来那会儿，我觉得要多积累，以免没有傍身之技。什么厨师、裁缝、格斗、律法咨询、出版编辑…我都学了。没想到真正进了社会才发现，学的已经完全够用了。"
      },
      {
        "Title": "想要了解久岐忍·其三",
        "Context": "你说我社交场合很厉害？呵，毕竟在外流浪了那么久，总得学会察言观色。更何况在多数时候，理亏的那一方都是我们。我不讨厌摆出那些表情，但可以的话，我还是选择不笑的好。"
      },
      {
        "Title": "想要了解久岐忍·其四",
        "Context": "刚进荒泷派的时候，老大要我教小弟们怎么打架。所以我上来第一件事，就变成了把他们挨个揍趴下。没想到，一个个鼻青眼肿的，却睁大眼睛，张嘴就叫我「忍姐」，还要我好好带领他们。哼，那时候我就知道这是一群笨蛋。但没关系，笨蛋不会拖我后腿，我会解决一切问题。"
      },
      {
        "Title": "想要了解久岐忍·其五",
        "Context": "留在荒泷派是我自己的选择。收拾烂摊子难免令人火大，但他们也给了我无可替代的真诚。最好的东西都先留给我、从不泼我冷水、在我宣布决定后闹哄哄地鼓掌吹口哨…我知道外面对荒泷派的评价不太好，他们自己也不在乎，但我还是想努努力，改变别人对我们的印象。因为，对待「家人」，自己可以偶尔抱怨，但就是不想其他人说他们的不好。"
      },
      {
        "Title": "久岐忍的爱好…",
        "Context": "平时混帮派，闲着也是闲着，经常不小心读完一本书，不小心就把证考了。不也挺好吗？家里问起来，我也没虚度时光，出去谈工作，也算得上有资本。在这个凡事讲究实力的社会里，我这种有证书的混子，到哪里都能吃得饱饭。"
      },
      {
        "Title": "久岐忍的烦恼…",
        "Context": "以前不想被抓回去当巫女，就决心只靠自己站稳脚跟。至少目前看来，我干得还不错。"
      },
      {
        "Title": "喜欢的食物…",
        "Context": "就算刚吃过拉面或者饺子之类很管饱的食物，最后还是想以一小碗米饭结束。米饭好吃，没什么其他原因，有问题吗？"
      },
      {
        "Title": "讨厌的食物…",
        "Context": "厨师证到手后，我就更加坚定那个从璃月听来的说法：没有难吃的食物，只有不合格的厨师。"
      },
      {
        "Title": "收到赠礼·其一",
        "Context": "真不简单。咳…我就再多吃一口。"
      },
      {
        "Title": "收到赠礼·其二",
        "Context": "你做的？嗯…这种水平去考个厨师证应该绰绰有余。"
      },
      {
        "Title": "收到赠礼·其三",
        "Context": "我直说吧，你是不是放错调料了？"
      },
      {
        "Title": "生日…",
        "Context": "生日快乐，来，这个鸣草特制飞镖送给你。小心点，嗯，对，要像这样拿…投掷前记得计算弧度。呵呵，看你喜欢我就放心了。哦，别把它当玩具，还是有一定危险性的。想多训练一下的话，我来教你。"
      },
      {
        "Title": "突破的感受·起",
        "Context": "基本功不过关，就什么都不用谈了。这就是初级证书的意义。"
      },
      {
        "Title": "突破的感受·承",
        "Context": "中级证书到手，已经可以处理大多数麻烦了。有什么麻烦事需要我帮你解决？"
      },
      {
        "Title": "突破的感受·转",
        "Context": "高级证书绝不是轻易就能得到的，天赋和实战的累积缺一不可。"
      },
      {
        "Title": "突破的感受·合",
        "Context": "证书只能用来评判技能的专业程度，无法对付出或情感的投入进行量化。你我的交情也不能只用一句感谢来表达，还是用我最擅长的行动来说明一切吧。"
      },
      {
        "Title": "元素战技·其一",
        "Context": "鸣草结环！"
      },
      {
        "Title": "元素战技·其二",
        "Context": "解厄！"
      },
      {
        "Title": "元素战技·其三",
        "Context": "好好站稳了。"
      },
      {
        "Title": "元素爆发·其一",
        "Context": "给我…安分点！"
      },
      {
        "Title": "元素爆发·其二",
        "Context": "祈雷…祓除！"
      },
      {
        "Title": "元素爆发·其三",
        "Context": "别来碍事。"
      },
      {
        "Title": "打开宝箱·其一",
        "Context": "嗯，积少成多。"
      },
      {
        "Title": "打开宝箱·其二",
        "Context": "这票也稳了。"
      },
      {
        "Title": "打开宝箱·其三",
        "Context": "你的了。"
      },
      {
        "Title": "生命值低·其一",
        "Context": "给、我、站、住…"
      },
      {
        "Title": "生命值低·其二",
        "Context": "算是惹怒我了…"
      },
      {
        "Title": "生命值低·其三",
        "Context": "哼，该我了吧…"
      },
      {
        "Title": "同伴生命值低·其一",
        "Context": "我来善后。"
      },
      {
        "Title": "同伴生命值低·其二",
        "Context": "行了交给我，别硬撑。"
      },
      {
        "Title": "倒下·其一",
        "Context": "这次…是给人添麻烦了啊…"
      },
      {
        "Title": "倒下·其二",
        "Context": "荒泷派就拜托你了…"
      },
      {
        "Title": "倒下·其三",
        "Context": "这是对我的…侮辱…"
      },
      {
        "Title": "普通受击·其一",
        "Context": "再来。"
      },
      {
        "Title": "重受击·其一",
        "Context": "等着！"
      },
      {
        "Title": "重受击·其二",
        "Context": "找打是吧！"
      },
      {
        "Title": "加入队伍·其一",
        "Context": "看我眼色行动。"
      },
      {
        "Title": "加入队伍·其二",
        "Context": "这次是什么麻烦？"
      },
      {
        "Title": "加入队伍·其三",
        "Context": "希望不是烂摊子。"
      }
    ],
    "FetterStories": [
      {
        "Title": "角色详细",
        "Context": "在以喧哗招摇为美的「荒泷派」中，总是戴着面铠、沉稳低调的二把手久岐忍，反而比吵闹的同伴还引人注目。\n无论其他人折腾出什么样的乱子，这位闻讯赶来的「荒泷派」二把手总能用最专业高效的手段一举处理所有问题。\n为零食被抢的孩子做份点心，为磕碰蹭漆的漆器修补涂装，为不幸被拘的同伴提供辩护…\n种种手腕，令看客无不惊叹：这世上还有没有她搞不定的事？\n「我倒不是什么执业证书都有。有些行业不存在考核标准，就没法考了。」\n不知为何，即使隔着面铠，她神情中的不快依旧溢于言表。\n「话说回来，这世上怎么会有不持证也能上岗的职业？恕我无法理解。」\n也不知为何，即使隔着面铠，她口吻中那股深深的质疑与不解仍极富感染力。"
      },
      {
        "Title": "角色故事1",
        "Context": "世人常说，名片是一个社会人的门面。\n虽然无法完全理解那些给名片镶金镀银描花边的人，但递上小小一方纸片就能留下姓名身份、联系方式，的确是相当高效的做法。\n久岐忍初入社会，曾认真地苦恼过该怎么写名片。\n前鸣神大社巫女？这个念头甫一诞生就被她狠狠扼杀于脑海。\n只写姓名久岐忍？看着又像是黔驴技穷言辞苍白的无职人士。\n不行就去考个证吧。这也是世人常说的。\n证书是好东西，既能证明一段时日来的努力，也很有说服力，便于装点、介绍自己。\n轻松考取几本证书后，久岐忍觉得，自己总算能给一片空白的名片添点东西了。\n不过，也出现了选择难题：出于好奇和自我考验，她一口气考了好几种证，导致名片上的前缀越来越长。\n「初级烹调师、缝纫工、准精算师、健康管理师、人力资源管理师…」\n技多不压身，却也不能太多。否则就会像久岐忍这样，为甄选头衔费神。\n时至今日，久岐忍已经记不清自己到底做过多少版名片。\n但自从加入「荒泷派」，名片上排在最前的名号，就一直是「荒泷派副手」了。"
      },
      {
        "Title": "角色故事2",
        "Context": "尝过久岐忍亲手烤制的堇瓜后，「荒泷派」众人纷纷落泪感叹：这堇瓜，竟然也能烤出如此美味！\n而且这味道和之前试过的所有烤法都大相径庭，难不成在高级烹饪师考试里，还有专门教人怎么烤堇瓜的？\n久岐忍放下手里正烤着的堇瓜，缓缓述说起了一段往事。\n当初她远赴璃月，学习律法。而在闲时，常去一间名为「万民堂」的饭馆。\n馆内菜式各异，手法新奇，构思精巧，令当时早已考取高级烹饪师执照的她也颇感惊讶。\n酱炒肉丝，却有鱼香之味。水煮白菜，却有鸡汤之鲜…可见世界之大，无奇不有。\n百行百业，就算考得了高级证书，也不能囿于一地固步自封。须得多做尝试，勇于突破，才能不被前人定下的考评限制。\n「荒泷派」一众听得似懂非懂，但也不妨碍他们连声叫好，更不妨碍这堇瓜的美味。\n看着他们大快朵颐的样子，久岐忍将故事的结尾默默留在了心底。\n当时「万民堂」的后厨听她所言，如获知己，硬是要卯师傅端上一份椒盐史莱姆…\n这种料理，恐怕在全天下的厨师考试里都不会出现。\n至于后来久岐忍将堇瓜裹上史莱姆粘液烤制一事，就更是此刻的「荒泷派」打死也不会想要知道的事实了。"
      },
      {
        "Title": "角色故事3",
        "Context": "久岐家是传承已久的巫女世家，代代以侍奉鸣神为荣。\n传至她这一代，自然没有例外。在姐姐阿幸进入大社之后，年幼的她也被早早地送入鸣神大社见习。\n伴随着家族荣誉一起传下来的，还有连篇累牍的规矩：斋戒几日方显心诚志坚，沐浴几回才不算亵渎神威…\n没人向她解释过这些规矩从何而来，又是怎么定的，只说从来如此，照做便是。\n初到神社的久岐忍，因夜宿山顶而偶染风寒。此时家人远离神社，姐姐也因外勤不在。\n她自小要强，没有向其他巫女求助，而是独自在山上一株一株地采摘带刺草木，织成圈缠在身上。\n按照某种流传的说法，如此壮举必能得到鸣神庇佑，祛除疾患。于是她缠着刺草环，心中默念着鸣神保佑，哆哆嗦嗦地捱到夜里。\n然而一夜过去，除了身上多了一圈酥酥麻麻的红印子，风寒全然不见好转。\n往后的日子里，久岐忍一次又一次地发现，许多规矩并不如前人说得那么颠扑不破，巫女这份工作也没有家里说得那么不可或缺。\n——那么，生在久岐家就得做巫女的规矩，是不是也该重新商榷了？\n数年后，她已离开神社许久。某日闲来无事，翻看了一本药理学书籍。\n其中绘声绘色地描述了山上刺草富有麻痹效果，能使飞禽走兽动弹不得。依其特性，古人曾采草入药用以缓解外伤疼痛。\n…说什么好呢。\n久岐忍想，各色规矩或许有其道理，但把规矩本身当成道理，确实是有些跟不上时代了吧。\n想着想着，难免暗自庆幸：还是现在的生活更快乐。"
      },
      {
        "Title": "角色故事4",
        "Context": "为了找到一份真正自由的工作，久岐忍曾婉拒无数正职邀请，只接兼职外包果腹。\n其中一项委托，来自一名不慎闪了腰的老漆器师傅。工作本身难不倒早已考过高级漆器制作的她，就是客户地址特殊了一些。\n当她拿着保养好的人偶赶到奉行所时，一名毛贼自所内夺路而出，撒腿狂奔，径直撞上了她。人偶自然被撞脱了手，飞得很高。\n眼看几日心血即将涂地，久岐忍出手如电，一把抓住人偶；回身疾转，一脚绊倒了逃犯。\n周围众人齐拥而上，制服了毛贼。随后，九条裟罗——似乎也是本次订单的委托人，特意来向她表示感谢。\n货品完好无损。九条裟罗听说此事，惊讶于一名漆器师傅竟有如此了得的身手。\n得知久岐忍的情况和「寻一份真正自由的工作」这一愿望后，裟罗略一沉吟，向她提出加入天领奉行的邀请。\n「不…公务员还是算了，太不自由。」久岐忍似乎有所顾忌，「不过你说的普法讲座、演武教习，如果能兼职就好了，我一定考虑。」\n这天之后，久岐忍开始了新的兼职。\n有件事出乎她的意料，那就是——每一次她开办普法与演武，天领奉行那位大将竟从不缺席。\n「身为执法之人，自当对律法多加了解。」九条裟罗说得诚恳。\n「能与身手相近的武者切磋，对我来说也是难得的机会。」久岐忍也真诚回应。\n九条裟罗为人正直，行事雷厉风行深受久岐忍认可。加上她常请久岐忍帮忙保养人偶，一来二去，两人很快成了朋友。\n好几次裟罗邀请久岐忍入职，久岐忍始终不愿松口。可这「真正自由的工作」，却也始终没有着落。\n直到某日，久岐忍照例将人偶送到两人常聚的居酒屋，却不见裟罗身影，独自小酌到半夜，才见裟罗姗姗来迟。\n「真少见，裟罗竟然会迟到。」\n「抱歉，这次对上了一个聒噪的帮派…」\n「嗯，什么帮派，能让你觉得麻烦？」\n「麻烦倒也谈不上，他们自称是『荒泷派』…」"
      },
      {
        "Title": "角色故事5",
        "Context": "「荒泷派」来了一位二把手，这件事在花见坂掀起了小范围热议。\n据说这位二把手知礼节，懂律法，还有一副矫健身手，刚来几天就将小弟们治得服服帖帖。\n亲眼见过这位二把手善后现场的人，都是赞不绝口，说这「荒泷派」里啊，总算是多了个有学识讲道理懂礼貌的人。\n但也有人担心万分：「荒泷派」，那可不是什么正经帮派。\n以前的小打小闹不值一提，可如今有了头脑好的成员，那就是有了组织纪律性，天知道将来会不会闹出大事？\n尤其是「荒泷派」那些日常营生，除去物流运输、房屋补漏、表演驻唱…又多了税务代理、律法咨询、活动承办等等涉及巨额资金运作，充满危险气息的业务。\n搞这么多名堂，可别是无证营业吧？\n——无证倒也罢了，万一为了开办新业务特地造假，那可是要被天领奉行抓走的呀！\n种种猜忌谣言，很快遭到破除。「荒泷派」后续各色行动，足以证明他们还是那个堂堂正正、说一不二的「荒泷派」。\n有好事之辈斗胆试过新的理财业务，说来厉害，此人经济状况真就大幅改观。过程之透明，行为之磊落，无不令人惊奇。\n但坏也坏在，「荒泷派」还是那个「荒泷派」。花见坂的小孩子们至今仍处在晚饭时分被荒泷一斗赢走零食，愤而归家的处境之中。\n看来，哪怕是这位传说中的二把手，想要改变「荒泷派」放纵不羁的作风，恐怕还有很长的路要走。"
      },
      {
        "Title": "鬼面铠",
        "Context": "初入「荒泷派」那会儿，久岐忍还不戴面铠。\n某次在外发展业务，久岐忍正严肃地进行商谈。「荒泷派」其他成员在她身后一字排开，负手而立，不苟言笑。\n「你们就保持这个姿势，其他什么话都不要说。」临行前久岐忍是这么叮嘱的，「这是最有效率的交涉…对你们而言。」\n谈判一如久岐忍所料的顺利，可好巧不巧，此时有个路过的小孩，指着久岐忍高兴地说：\n「妈妈妈妈，快看！是以前神社里的那个不爱笑的巫女姐姐！你看，她现在好酷喔！」\n孩子很快被惊恐万状的母亲抱起带走，但久岐忍的表情，混合了尴尬和无奈，像是马上就要离开本地逃去深山老林生活。\n而一斗那张脸，活像是嘴里有两只鬼兜虫在打架。元太等人更是全力压抑，但苦于无法绷住，最终爆发出山洪般的大笑。\n下次演武，他们的脸会被揍得比此刻的久岐忍还要红。要是能意识到那种下场，不知道他们还敢不敢笑得那么疯狂。\n这天起，久岐忍脸上多了一副面铠。黑面獠牙，状若鬼神。\n而「鬼之副手」的名号，也在后一次演武中确立下来。"
      },
      {
        "Title": "神之眼",
        "Context": "离开神社那天，久岐忍将担任「巫女」时的所有物事都留在屋里，一切从简，只带了极少的行李。\n所以，在她背起行囊的刹那就已察觉到重量有异——这个包里，不是应该只有毛巾吗？\n伸手掏了一会儿，竟从包里摸出来一枚熠熠生辉的「神之眼」。光彩之美，看得一旁的姐姐久岐幸赞叹不已。\n说来讽刺，本应侍奉神明的巫女，却因逃离神社而获得神之眼的垂青。\n这正是久岐忍拿到的第一份「证明」，来自于神，证予自由。\n本打算阻止她的姐姐阿幸，也在见识这一场面之后改变了心意，甚至答应帮她摆平父母那边。\n…因此，「眼狩令」期间，久岐忍主动上缴了自己的神之眼。\n一来是不想让天领奉行里的熟人难做，二来对久岐忍而言，神之眼不过是自己那大堆证书、证明中的一个普通成员。\n人活一世，遇到的大部分事情无需「神之眼」也能处理。至于那些真正棘手的难题，可不是能靠「神之眼」轻易打发的。\n比如，怎么消除世代累积的成见，怎么追寻真正无羁的自由。\n又比如，怎么劝阻满地打滚吵闹不停说要去把她的神之眼一并赢回来的「荒泷派」一众。"
      }
    ]
  },
  "Costumes": [
    {
      "Id": 206500,
      "Name": "荒泷鬼副手",
      "Description": "久岐忍的装扮款式。标志性的鬼面铠象征着荒泷派中最为威严的那位「鬼副手」。",
      "IsDefault": true
    }
  ],
  "CultivationItems": [
    104144,
    113035,
    101205,
    112055,
    104325,
    113033
  ],
  "NameCard": {
    "Name": "久岐忍·络",
    "Description": "名片纹饰。\n「稻妻不是有那种鸣草轮吗？穿过去可以驱邪落秽那种。小忍就想到既然邪物不愿意主动钻圈，把草轮做成主动卷人的样子就好了。妹妹她做巫女的才能，真是可怕啊。」",
    "Icon": "UI_NameCardIcon_Shinobu",
    "PicturePrefix": "UI_NameCardPic_Shinobu"
  }
}