{
  "Id": 10000056,
  "PromoteId": 56,
  "Sort": 38,
  "Body": 3,
  "Icon": "UI_AvatarIcon_Sara",
  "SideIcon": "UI_AvatarIcon_Side_Sara",
  "Name": "九条裟罗",
  "Description": "「天领奉行」的大将，杀伐果断，骁勇善战。",
  "BeginTime": "2021-09-01T00:00:00+08:00",
  "Quality": 4,
  "Weapon": 12,
  "BaseValue": {
    "HpBase": 802.3761,
    "AttackBase": 16.38336,
    "DefenseBase": 52.647
  },
  "GrowCurves": [
    {
      "Type": 1,
      "Value": 22
    },
    {
      "Type": 4,
      "Value": 32
    },
    {
      "Type": 7,
      "Value": 22
    }
  ],
  "SkillDepot": {
    "Arkhe": 0,
    "Skills": [
      {
        "GroupId": 5631,
        "Proud": {
          "Descriptions": [
            "一段伤害|{param1:F1P}",
            "二段伤害|{param2:F1P}",
            "三段伤害|{param3:F1P}",
            "四段伤害|{param4:F1P}",
            "五段伤害|{param5:F1P}",
            "瞄准射击|{param6:F1P}",
            "满蓄力瞄准射击|{param7:P}",
            "下坠期间伤害|{param8:F1P}",
            "低空/高空坠地冲击伤害|{param9:P}/{param10:P}"
          ],
          "Parameters": [
            {
              "Level": 1,
              "Parameters": [
                0.36894,
                0.387,
                0.48504,
                0.50396,
                0.5805,
                0.4386,
                1.24,
                0.568288,
                1.136335,
                1.419344
              ]
            },
            {
              "Level": 2,
              "Parameters": [
                0.39897,
                0.4185,
                0.52452,
                0.54498,
                0.62775,
                0.4743,
                1.333,
                0.614544,
                1.228828,
                1.534872
              ]
            },
            {
              "Level": 3,
              "Parameters": [
                0.429,
                0.45,
                0.564,
                0.586,
                0.675,
                0.51,
                1.426,
                0.6608,
                1.32132,
                1.6504
              ]
            },
            {
              "Level": 4,
              "Parameters": [
                0.4719,
                0.495,
                0.6204,
                0.6446,
                0.7425,
                0.561,
                1.55,
                0.72688,
                1.453452,
                1.81544
              ]
            },
            {
              "Level": 5,
              "Parameters": [
                0.50193,
                0.5265,
                0.65988,
                0.68562,
                0.78975,
                0.5967,
                1.643,
                0.773136,
                1.545944,
                1.930968
              ]
            },
            {
              "Level": 6,
              "Parameters": [
                0.53625,
                0.5625,
                0.705,
                0.7325,
                0.84375,
                0.6375,
                1.736,
                0.826,
                1.65165,
                2.063
              ]
            },
            {
              "Level": 7,
              "Parameters": [
                0.58344,
                0.612,
                0.76704,
                0.79696,
                0.918,
                0.6936,
                1.86,
                0.898688,
                1.796995,
                2.244544
              ]
            },
            {
              "Level": 8,
              "Parameters": [
                0.63063,
                0.6615,
                0.82908,
                0.86142,
                0.99225,
                0.7497,
                1.984,
                0.971376,
                1.94234,
                2.426088
              ]
            },
            {
              "Level": 9,
              "Parameters": [
                0.67782,
                0.711,
                0.89112,
                0.92588,
                1.0665,
                0.8058,
                2.108,
                1.044064,
                2.087686,
                2.607632
              ]
            },
            {
              "Level": 10,
              "Parameters": [
                0.7293,
                0.765,
                0.9588,
                0.9962,
                1.1475,
                0.867,
                2.232,
                1.12336,
                2.246244,
                2.80568
              ]
            },
            {
              "Level": 11,
              "Parameters": [
                0.78078,
                0.819,
                1.02648,
                1.06652,
                1.2285,
                0.9282,
                2.356,
                1.202656,
                2.404802,
                3.003728
              ]
            },
            {
              "Level": 12,
              "Parameters": [
                0.83226,
                0.873,
                1.09416,
                1.13684,
                1.3095,
                0.9894,
                2.48,
                1.281952,
                2.563361,
                3.201776
              ]
            },
            {
              "Level": 13,
              "Parameters": [
                0.88374,
                0.927,
                1.16184,
                1.20716,
                1.3905,
                1.0506,
                2.635,
                1.361248,
                2.721919,
                3.399824
              ]
            },
            {
              "Level": 14,
              "Parameters": [
                0.93522,
                0.981,
                1.22952,
                1.27748,
                1.4715,
                1.1118,
                2.79,
                1.440544,
                2.880478,
                3.597872
              ]
            },
            {
              "Level": 15,
              "Parameters": [
                0.9867,
                1.035,
                1.2972,
                1.3478,
                1.5525,
                1.173,
                2.945,
                1.51984,
                3.039036,
                3.79592
              ]
            }
          ]
        },
        "Id": 10561,
        "Name": "普通攻击·天狗传弓术",
        "Description": "<color=#FFD780FF>普通攻击</color>\n进行至多五段的连续弓箭射击。\n\n<color=#FFD780FF>重击</color>\n进行伤害更高、更为精准的<color=#FFD780FF>瞄准射击</color>。\n瞄准时，雷霆的力量会汇聚到她的箭矢上。聚满了雷霆之力的箭矢在命中敌人时造成<color=#FFACFFFF>雷元素伤害</color>。\n处于「乌羽护持」状态下时，蓄力完成的箭矢会在命中时留下「乌羽」。\n\n<color=#FFD780FF>下落攻击</color>\n从空中射出箭雨，并迅速下坠冲击地面，在落地时造成范围伤害。",
        "Icon": "Skill_A_02"
      },
      {
        "GroupId": 5632,
        "Proud": {
          "Descriptions": [
            "天狗咒雷·伏 伤害|{param1:F1P}",
            "攻击力加成比例|{param2:P}",
            "攻击力加成持续时间|{param3:F1}秒",
            "冷却时间|{param4:F1}秒"
          ],
          "Parameters": [
            {
              "Level": 1,
              "Parameters": [
                1.2576,
                0.4296,
                6,
                10
              ]
            },
            {
              "Level": 2,
              "Parameters": [
                1.35192,
                0.46182,
                6,
                10
              ]
            },
            {
              "Level": 3,
              "Parameters": [
                1.44624,
                0.49404,
                6,
                10
              ]
            },
            {
              "Level": 4,
              "Parameters": [
                1.572,
                0.537,
                6,
                10
              ]
            },
            {
              "Level": 5,
              "Parameters": [
                1.66632,
                0.56922,
                6,
                10
              ]
            },
            {
              "Level": 6,
              "Parameters": [
                1.76064,
                0.60144,
                6,
                10
              ]
            },
            {
              "Level": 7,
              "Parameters": [
                1.8864,
                0.6444,
                6,
                10
              ]
            },
            {
              "Level": 8,
              "Parameters": [
                2.01216,
                0.68736,
                6,
                10
              ]
            },
            {
              "Level": 9,
              "Parameters": [
                2.13792,
                0.73032,
                6,
                10
              ]
            },
            {
              "Level": 10,
              "Parameters": [
                2.26368,
                0.77328,
                6,
                10
              ]
            },
            {
              "Level": 11,
              "Parameters": [
                2.38944,
                0.81624,
                6,
                10
              ]
            },
            {
              "Level": 12,
              "Parameters": [
                2.5152,
                0.8592,
                6,
                10
              ]
            },
            {
              "Level": 13,
              "Parameters": [
                2.6724,
                0.9129,
                6,
                10
              ]
            },
            {
              "Level": 14,
              "Parameters": [
                2.8296,
                0.9666,
                6,
                10
              ]
            },
            {
              "Level": 15,
              "Parameters": [
                2.9868,
                1.0203,
                6,
                10
              ]
            }
          ]
        },
        "Id": 10562,
        "Name": "鸦羽天狗霆雷召咒",
        "Description": "以天狗之神速向后转移，并唤来乌羽的加护。\n获得持续18秒的「乌羽护持」，当九条裟罗发射完成蓄力的箭矢时，会消耗「乌羽护持」，并在命中的位置留下「乌羽」。\n「乌羽」会在短时间后引发天狗咒雷·伏，对范围内敌人造成<color=#FFACFFFF>雷元素伤害</color>，并使其范围内的当前场上角色基于九条裟罗的基础攻击力，以一定比例获得攻击力加成。\n\n各种天狗咒雷提供的攻击力提升不能叠加，效果与持续时间由后生效的为准。\n\n<i>天狗一族不乏获取雷元素神之眼的异士。只不过他们操作雷元素时，仍会习惯性诵咒，礼赞雷神。咒曰：</i>\n<i>「礼赞鸣神大权现，善信某甲，请祈黄雷。娑婆诃！」</i>",
        "Icon": "Skill_S_Sara_01"
      }
    ],
    "EnergySkill": {
      "GroupId": 5639,
      "Proud": {
        "Descriptions": [
          "天狗咒雷·金刚坏 伤害|{param1:F1P}",
          "天狗咒雷·雷砾 伤害|{param2:F1P}",
          "冷却时间|{param3:F1}秒",
          "元素能量|{param4:I}"
        ],
        "Parameters": [
          {
            "Level": 1,
            "Parameters": [
              4.096,
              0.3412,
              20,
              80
            ]
          },
          {
            "Level": 2,
            "Parameters": [
              4.4032,
              0.36679,
              20,
              80
            ]
          },
          {
            "Level": 3,
            "Parameters": [
              4.7104,
              0.39238,
              20,
              80
            ]
          },
          {
            "Level": 4,
            "Parameters": [
              5.12,
              0.4265,
              20,
              80
            ]
          },
          {
            "Level": 5,
            "Parameters": [
              5.4272,
              0.45209,
              20,
              80
            ]
          },
          {
            "Level": 6,
            "Parameters": [
              5.7344,
              0.47768,
              20,
              80
            ]
          },
          {
            "Level": 7,
            "Parameters": [
              6.144,
              0.5118,
              20,
              80
            ]
          },
          {
            "Level": 8,
            "Parameters": [
              6.5536,
              0.54592,
              20,
              80
            ]
          },
          {
            "Level": 9,
            "Parameters": [
              6.9632,
              0.58004,
              20,
              80
            ]
          },
          {
            "Level": 10,
            "Parameters": [
              7.3728,
              0.61416,
              20,
              80
            ]
          },
          {
            "Level": 11,
            "Parameters": [
              7.7824,
              0.64828,
              20,
              80
            ]
          },
          {
            "Level": 12,
            "Parameters": [
              8.192,
              0.6824,
              20,
              80
            ]
          },
          {
            "Level": 13,
            "Parameters": [
              8.704,
              0.72505,
              20,
              80
            ]
          },
          {
            "Level": 14,
            "Parameters": [
              9.216,
              0.7677,
              20,
              80
            ]
          },
          {
            "Level": 15,
            "Parameters": [
              9.728,
              0.81035,
              20,
              80
            ]
          }
        ]
      },
      "Id": 10565,
      "Name": "煌煌千道镇式",
      "Description": "在目标的位置降下天狗咒雷·金刚坏，造成<color=#FFACFFFF>雷元素范围伤害</color>。此后，天狗咒雷·金刚坏将扩散转为4道连续的天狗咒雷·雷砾，造成<color=#FFACFFFF>雷元素范围伤害</color>。\n天狗咒雷·金刚坏与天狗咒雷·雷砾会使其范围内的当前场上角色获得与元素战技「鸦羽天狗霆雷召咒」相同的攻击力加成。\n\n各种天狗咒雷提供的攻击力提升不能叠加，效果与持续时间由后生效的为准。\n\n<i>裟罗背离天狗之众，又短暂对天领奉行失去了信仰。在打破迷惘之后，这是她重新所找到的，属于自己的雷光。</i>",
      "Icon": "Skill_E_Sara_01"
    },
    "Inherents": [
      {
        "GroupId": 5621,
        "Proud": {
          "Descriptions": [],
          "Parameters": [
            {
              "Level": 1,
              "Parameters": [
                0.6
              ]
            }
          ]
        },
        "Id": 562101,
        "Name": "不动心",
        "Description": "处于<color=#FFD780FF>鸦羽天狗霆雷召咒</color>的「乌羽护持」状态下时，瞄准射击的所需的蓄力时间减少60%。",
        "Icon": "UI_Talent_S_Sara_01"
      },
      {
        "GroupId": 5622,
        "Proud": {
          "Descriptions": [],
          "Parameters": [
            {
              "Level": 1,
              "Parameters": [
                1.2,
                3
              ]
            }
          ]
        },
        "Id": 562201,
        "Name": "御公仪",
        "Description": "天狗咒雷·伏命中敌人后，将基于九条裟罗的元素充能效率，每100%为队伍中所有角色恢复1.2点元素能量。该效果每3秒至多触发一次。",
        "Icon": "UI_Talent_S_Sara_06"
      },
      {
        "GroupId": 5623,
        "Proud": {
          "Descriptions": [],
          "Parameters": [
            {
              "Level": 1,
              "Parameters": []
            }
          ]
        },
        "Id": 562301,
        "Name": "检地",
        "Description": "在稻妻执行探索派遣任务时，消耗的时间缩短25%。",
        "Icon": "UI_Talent_S_Sara_07"
      }
    ],
    "Talents": [
      {
        "Id": 561,
        "Name": "乌眼",
        "Description": "天狗咒雷为角色施加攻击力提升效果或命中敌人后，<color=#FFD780FF>鸦羽天狗霆雷召咒</color>的冷却时间减少1秒。\n该效果每3秒至多触发一次。",
        "Icon": "UI_Talent_S_Sara_05"
      },
      {
        "Id": 562,
        "Name": "鸦羽",
        "Description": "施放<color=#FFD780FF>鸦羽天狗霆雷召咒</color>时，会在九条裟罗原本的位置留下能引发一次较弱的天狗咒雷·伏的「乌羽」，造成原本30%的伤害。",
        "Icon": "UI_Talent_S_Sara_02"
      },
      {
        "Id": 563,
        "Name": "心魔",
        "Description": "<color=#FFD780FF>煌煌千道镇式</color>的技能等级提高3级。\n至多提升至15级。",
        "Icon": "UI_Talent_U_Sara_02",
        "ExtraLevel": {
          "Index": 9,
          "Level": 3
        }
      },
      {
        "Id": 564,
        "Name": "彻证",
        "Description": "<color=#FFD780FF>煌煌千道镇式</color>释放的天狗咒雷·雷砾增加至6道。",
        "Icon": "UI_Talent_S_Sara_03"
      },
      {
        "Id": 565,
        "Name": "咒咏",
        "Description": "<color=#FFD780FF>鸦羽天狗霆雷召咒</color>的技能等级提高3级。\n至多提升至15级。",
        "Icon": "UI_Talent_U_Sara_01",
        "ExtraLevel": {
          "Index": 2,
          "Level": 3
        }
      },
      {
        "Id": 566,
        "Name": "我界",
        "Description": "处于天狗咒雷带来的攻击力提升效果状态下的角色，其<color=#FFACFFFF>雷元素伤害</color>的暴击伤害提高60%。",
        "Icon": "UI_Talent_S_Sara_04"
      }
    ]
  },
  "FetterInfo": {
    "Title": "黑羽鸣镝",
    "Detail": "「天领奉行」的大将，杀伐果断，骁勇善战。",
    "Association": 5,
    "Native": "天领奉行",
    "BirthMonth": 7,
    "BirthDay": 14,
    "VisionBefore": "雷",
    "ConstellationBefore": "羽团扇座",
    "CvChinese": "杨梦露",
    "CvJapanese": "濑户麻沙美",
    "CvEnglish": "珍妮·迪拉多",
    "CvKorean": "文支映",
    "CookBonus": {
      "OriginItemId": 108265,
      "ItemId": 108341,
      "InputList": [
        100062,
        110006
      ]
    },
    "Fetters": [
      {
        "Title": "初次见面…",
        "Context": "我的名字是九条裟罗，你记不住也无妨，只需知道：我将永远护卫稻妻、践行鸣神的意志，不论神鬼，遇敌必除！呼…别紧张，既然答应与你并肩，我自当尽心尽职。大义外的事情，我不会计较的。"
      },
      {
        "Title": "闲聊·正鹄",
        "Context": "只有保持心、弓、箭三位一体，才能命中正鹄。"
      },
      {
        "Title": "闲聊·永恒",
        "Context": "为将军大人实现「永恒」，这就是我的「愿望」。"
      },
      {
        "Title": "闲聊·使命",
        "Context": "天狗的职责是护佑山林，九条家的使命是守卫稻妻，两者并无二致。"
      },
      {
        "Title": "下雨的时候…",
        "Context": "雨滴的声音会掩盖脚步声，多加注意吧。"
      },
      {
        "Title": "打雷的时候…",
        "Context": "听见了吗？鸣雷正是将军大人的意志。"
      },
      {
        "Title": "下雪的时候…",
        "Context": "想要留住雪花。但在手心里，它只会融化得更快。"
      },
      {
        "Title": "阳光很好…",
        "Context": "天清气朗，适合演武。"
      },
      {
        "Title": "早上好…",
        "Context": "早上吗？对于我而言，这已经不早了。通常我睁开眼时，天还没亮。"
      },
      {
        "Title": "中午好…",
        "Context": "我没有午休的习惯，但如果你想，我可以等你。"
      },
      {
        "Title": "晚上好…",
        "Context": "晚上好。随口一提，花见坂的夜樱，是不可多得的景致。"
      },
      {
        "Title": "晚安…",
        "Context": "去休息吧，这里有我看着就行。"
      },
      {
        "Title": "关于裟罗自己·天领奉行",
        "Context": "家主于我有恩，「天领奉行」是我唯一的依靠，我会倾尽一切来捍卫家族的荣誉。嗯？你问「天领奉行」的行事准则？那自然是忠于雷电将军大人，这也是我九条裟罗此生唯一的信条。"
      },
      {
        "Title": "关于裟罗自己·备战",
        "Context": "「准备好了吗？」如果在出发前，你有这样确认的习惯。十次中，恐怕只有一次，你能听到我的答复。其余九次，我已经化身利刃，身处前线。这并非蛮勇或不忠，而是战场从来不会留给人喘息的时间。"
      },
      {
        "Title": "关于裟罗自己·愿望",
        "Context": "我的愿望？我原以为你早已知道，辅佐将军大人实现「永恒」就是我的愿望。嗯？为自己所想的愿望？这种东西，我没有想过…"
      },
      {
        "Title": "关于我们·观察",
        "Context": "虽然你对于将军大人的「永恒」而言是个「不安定」的因素，但「不安定」也未必代表「阻碍」。我不会与你为敌，但，我会一直盯着你。"
      },
      {
        "Title": "关于我们·体会",
        "Context": "收缴神之眼时，我漠视了人们的愿望。在眼狩令已然结束的当下，我有责任作出弥补。听说你能听见千手百眼神像上那些神之眼蕴含的愿望？请跟我好好讲讲吧。还有…也跟我说说你的愿望吧，我想知道。"
      },
      {
        "Title": "关于「神之眼」…",
        "Context": "得到神明的注视，才能获得「神之眼」。既然我的「神之眼」是由将军大人所赐，最后，我也会将它还给将军大人，不怨不悔。"
      },
      {
        "Title": "有什么想要分享·陀螺",
        "Context": "上次执行任务时，花见坂的商户送给我一个名为「独乐」的陀螺，那是种「一个人也能玩」的玩具，我觉得挺有意思，就留在了身边。你说…一起玩？那岂不是违背了「独乐」的原则，请容我拒绝。"
      },
      {
        "Title": "有什么想要分享·特产",
        "Context": "知道稻妻最具代表性的特产是什么吗？不对，并非刀具。是「御建鸣神主尊大御所大人像」造型的漆器，由老练的漆器师傅手工打造，城内几乎每家每户都供奉着一座。我的屋里？有五座。"
      },
      {
        "Title": "感兴趣的见闻…",
        "Context": "当我心中有难解之事时，我会伫立在神樱树下闭目养神，再次睁开眼时，飘落的花瓣就会为我指引方向。"
      },
      {
        "Title": "关于托马…",
        "Context": "「天领奉行」的宅邸很大，如果有像托马一样优秀的家政官就好了，一定能将家中纷繁事务打理妥当。要是什么时候，他不再想侍奉神里家了，我很希望他能过来帮忙。不过大概不会有这一天吧。"
      },
      {
        "Title": "关于神里绫华…",
        "Context": "平时在九条家，只有士兵们在道场训练的声响，而每次路过神里家，总会听见舞乐声、打闹声和笑声。听闻神里家的大小姐棋技了得，我一直等候时机，想要登门拜访，却又担心…像我这般严肃的人，是否会与那般氛围格格不入呢。"
      },
      {
        "Title": "关于宵宫…",
        "Context": "只要她不在我的军营里乱放烟花，我是不会找她麻烦的。哼，我知道，抛开别的不谈，她做的烟花的确流光溢彩，值得称赞。只不过烟花易逝，刹那光辉结束后，夜空上留下的依旧是黑暗。所以我时常提醒自己，想要贯彻护佑稻妻的使命，就不能沉沦在这些虚幻的光景中。"
      },
      {
        "Title": "关于鹿野院平藏…",
        "Context": "鹿野院…虽说这位是我的同僚，但我对他没什么好感。总感觉他有很多自己的盘算，没有把组织的事放在第一位。要不是看在他探案有功的份上，早该对他多加管束。\n唉，真是头疼。"
      },
      {
        "Title": "关于雷电将军·相信",
        "Context": "你肯定从不少地方听说过吧？将军大人追求的是无念无执的永恒，舍弃尘世的执念，执着不变的永恒。将军大人的言行决断，我并非每一处都能参透。但既然这是她的决定，我便相信她。"
      },
      {
        "Title": "关于雷电将军·追随",
        "Context": "「眼狩令」废除…嗯，看来你才是对的。咳…但这并不说明将军大人是错的。只是追求「永恒」之路的方式将要改变罢了。不知那位千百年来守护着稻妻的将军大人，如今心中是否平静呢。我只知道，不管道路上有多少险阻，我都会一如既往追随她。"
      },
      {
        "Title": "关于八重神子…",
        "Context": "八重宫司大人的所作所为，经常会让我产生误会…但她既然贵为鸣神大社的大巫女，不难得见将军大人对她的信任与默许，我自然也会敬重她。不过，如果哪天她做了忤逆将军意志的事情，那就恕我冒犯了。"
      },
      {
        "Title": "关于珊瑚宫心海…",
        "Context": "比起「巫女」，她作为「军师」的才能更高。用锦囊打仗，此前实属闻所未闻。我是否也该学习着用这种方法来指挥幕府军呢？嗯…但这样恐怕会演变成双方把锦囊摆上台面，像卡牌一样逐张对战…想想还是不妥。"
      },
      {
        "Title": "关于五郎…",
        "Context": "他之于珊瑚宫心海，正如我之于将军大人。同为坚守忠义之人，我很欣赏他。只可惜立场不同，注定没办法同行。但有这样值得敬佩的对手，还不赖。而且，「五郎」…可是个好名字。"
      },
      {
        "Title": "关于荒泷一斗…",
        "Context": "…说起这位，难免有些头疼。收缴他的神之眼时闹了不少动静，是我见过最聒噪的人…不，最聒噪的鬼。能堂堂正正认输算是有点男子气概，只不过他的复仇之约实在是…到此为止，我不想说了。你如果实在想知道，还是自己去问他吧。"
      },
      {
        "Title": "关于久岐忍…",
        "Context": "以她的才华和资质，留在那个名为「荒泷派」的组织实在有点可惜。但不得不说，有她在，至少有效地阻止了闲散人士滋事扰民，减轻了天领奉行的负担。"
      },
      {
        "Title": "关于绮良良…",
        "Context": "近来总觉得暗处有奇怪的视线，待我确认时又消失无踪。真是不明所以的恶作剧。你说…是只猫又？嗯…既然有事找我，堂堂正正报上名来就行。"
      },
      {
        "Title": "想要了解裟罗·其一",
        "Context": "了解我…请问是指什么？天领奉行的各项事务均为机密，将军大人的事情更是无可奉告，我不明白你有什么意图。嗯？了解我本身？倒也并非不可，只是…从未遇过这种情况。"
      },
      {
        "Title": "想要了解裟罗·其二",
        "Context": "我的生活还算简单，不用领队战斗时，我会准时在凌晨五点零五分起床，在庭院做五组深呼吸后走五圈，早饭习惯吃五口米饭…「五」是能为我带来幸运与胜利的数字，所以我会一直坚持「五」，请问你有什么异议吗？"
      },
      {
        "Title": "想要了解裟罗·其三",
        "Context": "执行眼狩令的过程中，最令我感到棘手的，是那些顶着幕府军头衔动用私刑的官兵。将军大人的任务固然要坚定执行，但我决不允许他们滥伤无辜！我已经三申五令禁止这种行为，就结果而言…依然难以杜绝。你若是有什么好办法，还望赐教。"
      },
      {
        "Title": "想要了解裟罗·其四",
        "Context": "虽然名义上是九条家的养子，但孝行大人看我的眼神，与看镰治时的不同。即使木讷如我，也会偶感寂寞，尤其…在看到部下与亲人相见的温暖场面后。\n抱歉，家主于我有恩，原是不该说这种大不敬的话的…"
      },
      {
        "Title": "想要了解裟罗·其五",
        "Context": "现在回想起来，你我也算「不打不相识」。我们一度处于对立面，说势不两立也不为过，真没想到现在竟然能这样并肩而行，促膝长谈。这样想来，我还真是得到了命运的眷顾…不，没什么。"
      },
      {
        "Title": "裟罗的爱好…",
        "Context": "即使到了现在，素引练习和草靶练习依然是我每天必不可少的训练项目。从身法到瞄准再到听弦，绝不是枯燥的重复，而是对昨日的突破。与其说是爱好，不如说是一生的修行。"
      },
      {
        "Title": "裟罗的烦恼…",
        "Context": "天狗的翅膀是固有的客观存在，并排站的话肯定会占据一定的空间，我不明白你说的「拉近距离」究竟要怎么实现。"
      },
      {
        "Title": "喜欢的食物…",
        "Context": "长久以来，我已经习惯吃饭团之类方便携带、能够迅速饱腹的食物了，这也是战场上恢复体力的首选。不过，这只是个人习惯，我不会要求部下跟我一样。"
      },
      {
        "Title": "讨厌的食物…",
        "Context": "没有厌恶一说，只是我平日会避免吃甜食。问我原因吗？甜食会使人身心放松，一旦吃了就容易…呃，总之，我不能懈怠，话题到此结束，不要再追问了！"
      },
      {
        "Title": "收到赠礼·其一",
        "Context": "比饭团更美味的食物…值得记下它的名字。"
      },
      {
        "Title": "收到赠礼·其二",
        "Context": "我吃饱了。多谢款待。"
      },
      {
        "Title": "收到赠礼·其三",
        "Context": "甜点还是不必了…"
      },
      {
        "Title": "生日…",
        "Context": "来得正好，那我就免去礼节，直接问了。有什么生日愿望吗？只要不与将军大人的大义相悖，我都会竭尽全力帮你完成。为表诚意，今天你可以许五个生日愿望。"
      },
      {
        "Title": "突破的感受·起",
        "Context": "满意的弦音，看我一击即中。"
      },
      {
        "Title": "突破的感受·承",
        "Context": "力量已经融入我体内，随时听命。"
      },
      {
        "Title": "突破的感受·转",
        "Context": "我一个人，就是一支幕府军！"
      },
      {
        "Title": "突破的感受·合",
        "Context": "磨炼自身，突破武艺，本是我的职责所在，但你却倾尽心力相助…我不会辜负这份力量，定将其用于大义！还有，天狗的情谊，与你同在！"
      },
      {
        "Title": "元素战技·其一",
        "Context": "羽移！"
      },
      {
        "Title": "元素战技·其二",
        "Context": "散！"
      },
      {
        "Title": "元素战技·其三",
        "Context": "雷闪！"
      },
      {
        "Title": "元素爆发·其一",
        "Context": "常道恢弘，鸣神永恒！"
      },
      {
        "Title": "元素爆发·其二",
        "Context": "落雷…不悔！"
      },
      {
        "Title": "元素爆发·其三",
        "Context": "雷光千道！"
      },
      {
        "Title": "打开宝箱·其一",
        "Context": "不错的宝物，能够提振士气！"
      },
      {
        "Title": "打开宝箱·其二",
        "Context": "很好，没有放过任何角落。"
      },
      {
        "Title": "打开宝箱·其三",
        "Context": "补充完就上路吧！"
      },
      {
        "Title": "生命值低·其一",
        "Context": "我会坚持到底…"
      },
      {
        "Title": "生命值低·其二",
        "Context": "必须寻找突破点！"
      },
      {
        "Title": "生命值低·其三",
        "Context": "快到极限了…"
      },
      {
        "Title": "同伴生命值低·其一",
        "Context": "不要勉强！"
      },
      {
        "Title": "同伴生命值低·其二",
        "Context": "退下！"
      },
      {
        "Title": "倒下·其一",
        "Context": "生命终非永恒。"
      },
      {
        "Title": "倒下·其二",
        "Context": "我绝无怨言…"
      },
      {
        "Title": "倒下·其三",
        "Context": "哼，是我败了。"
      },
      {
        "Title": "普通受击·其一",
        "Context": "再来！"
      },
      {
        "Title": "普通受击·其二",
        "Context": "不错的对手…"
      },
      {
        "Title": "重受击·其一",
        "Context": "怎么会！"
      },
      {
        "Title": "重受击·其二",
        "Context": "战况不顺…"
      },
      {
        "Title": "加入队伍·其一",
        "Context": "我会带领你获得胜利。"
      },
      {
        "Title": "加入队伍·其二",
        "Context": "哼，来吧。"
      },
      {
        "Title": "加入队伍·其三",
        "Context": "与你并肩！"
      }
    ],
    "FetterStories": [
      {
        "Title": "角色详细",
        "Context": "九条裟罗有着天狗血统，却不像一般天狗那样栖居于山林间。她自幼被九条家收养，归入天领奉行麾下。\n天领奉行是「三奉行」之一，负责稻妻的一切治安事务。如今裟罗身为天领奉行的大将，肩负着维护稻妻城安定的重任。\n她治理有方又能坚持以身作则，为手下树立了良好榜样。天领奉行辖区内，再棘手的问题也都能及时处理妥当。\n但由于裟罗平日不苟言笑，执行任务时又雷厉风行，不少稻妻民众都因此断定她是位难以接近的冷面军官。\n而这对外冷内热的裟罗来说，是个过于片面的评价。"
      },
      {
        "Title": "角色故事1",
        "Context": "在稻妻，「眼狩令」正是雷电将军追逐永恒的意志体现。而裟罗，便是执行「眼狩令」的主力。\n裟罗认为，若是让心术不正之人掌握「神之眼」的力量，稻妻的根基便会受到动摇。基于此点来看，「眼狩令」是必要的。\n然而这并不意味着裟罗会不择手段地推行法令。\n对于那些因执法需要而被无可避免地殃及的人民，她都投以最大的耐心与诚意，通过劝说来尝试让对方理解将军大人的长远布局。\n此外，她也明令禁止借执法之名伤害或戏弄平民的行为。堕落的恶行只会败坏神明的威望。\n但很可惜，神明的意志宏远，凡人轻易无法参透，难免生出憎恨，甚至会联合起来反抗执法者。\n遇到这种不得不动手的场合，裟罗便会带着一丝无奈、一声叹息，迎向敌人。"
      },
      {
        "Title": "角色故事2",
        "Context": "幕府军能像如今这般悍不畏死、团结一心，还得归功于九条裟罗的领导力。\n勘察作战线路、制定训练计划、甄选兵器甲胄…与许多将领不同，相比隐在幕后运筹帷幄，裟罗更习惯事事亲力亲为。\n平日演武，她对自己的要求近乎苛刻，训练强度远超普通士兵十数倍。直至夜深人静，道场中仍回荡着她张弓拉弦的声响。\n战场上，她从来都是冲锋陷阵第一人，以绝对的英姿与凛然的战意带领众人。\n风波平定后，她也会亲自安顿伤兵，再对手下人论功行赏、惩前毖后。经她手的每个环节都处理得当，鲜有纰漏。\n裟罗的一言一行都被士兵们看在眼里。与她一同战斗过的人，无不对她敬佩有加。\n将，乃是军队的灵魂，而好将难求。如裟罗这般可贵的将领，一直是幕府军的骄傲。"
      },
      {
        "Title": "角色故事3",
        "Context": "即便是训练外的时间，裟罗也会把严谨乃至苛刻的作风带进日常生活。\n她的生活似乎遵循着某种永恒不变的规律，总是定时起床、定点训练、定量饮食…\n大到演练内容，小到进食步骤，裟罗都有一套属于自己的观点，并严格按照自己制定的标准来执行。\n「杂物务必分类收纳，摆件须按直线排齐。角落不可有尘垢，地面需保持一尘不染。」\n这是裟罗对自己起居室的要求。\n她将这些杂事视作修行，从来都是亲自动手，不需要家仆随时侍奉在侧。\n话虽如此，家仆们又怎会袖手旁观呢？每每遇见，都会请求裟罗大人放下布帕，这些事交给他们便好。\n屡次婉拒未果，裟罗干脆闭门打扫，并在门口贴上一张字条——\n「正在修行，请勿打扰。」"
      },
      {
        "Title": "角色故事4",
        "Context": "虽说自幼在人类族群中长大，裟罗仍保持着天狗的习性。偶尔见到她离开奉行所，便多半是去了山中。\n她熟知山势，走遍各地，也曾亲眼见过不少人类口中的鬼怪。\n其中的确不乏凶残的邪物，却也有纯良的小妖。裟罗认为，这些不过是形态上的差别。\n曾有段时间，奉行所频繁接到凶手不明的抢劫案。裟罗在林间散步时多留了个心眼，果然，很快就见到一只背着赃物匆匆赶路的妖狸。\n妖狸生性并不很恶，只是贪吃嘴馋，才会做出偷抢食物的举动。\n裟罗逮住它取回赃物，并不多说，只是嘱咐：\n「躲在山里也难逃制裁。听好了，这是最后一次。以后不准滋扰平民，否则…」\n妖狸们噤若寒蝉，瑟缩在一旁不断点头。自那之后便好好地遵守约定，再未做出不义之举。\n而口头凶恶的裟罗，从那以后每次外出修行都会带上些可长期存放的瓜果。途径山林，便将食物放到妖狸群居之处。\n没有解释，也算不上什么礼物。要说的话…就算是给知错能改之辈的慰问品吧。"
      },
      {
        "Title": "角色故事5",
        "Context": "自从被收养，裟罗就与幕府军人们一同训练。将士们一度以为裟罗是个男孩，年纪轻轻便来军中锻炼，对她照顾有加。\n本有些畏惧人群的裟罗在周遭人们悉心照料下，变得胆子大了许多，敢和人往来，甚至会跟大家一起摸爬滚打玩耍。\n然而，与她嬉闹的士兵却遭到了家主大人重罚。裟罗自己也只得到了一句冷冷的训斥。\n「不守规矩，不学无术…收养你，可不是为了让你做这些无聊事情。」\n自那之后，裟罗便谨慎保持与他人的距离，比起融入人群，她首先得练出一身过人武艺，时刻以将领继位者的认知要求自己。\n「做雷电将军的帮手、做天领奉行的榜样、做家主大人的骄傲。」\n三个身份，全都不以自己为优先。但对裟罗来说，这就是她，一个务必保持冷静与严肃的军人。\n似乎从来没人说过她应当为自己多考虑些。裟罗也并不缺乏那样的关怀。\n与使命和身份相伴而来的，是身为养子的拘束与身为异类的孤独。\n但因之停留是弱者的困境，既然身为九条裟罗，便不会止步于此。她是雷神最坚定的追随者，也是最为清醒的将领。"
      },
      {
        "Title": "御建鸣神主尊大御所大人像",
        "Context": "出于对雷电将军的供奉与爱戴，不少商铺都制作并推出了与雷电将军有关的工艺品。\n其中，以雷电将军本尊形象为模板制作的漆器人偶——「御建鸣神主尊大御所大人像」，是最受欢迎的高人气商品。\n发售当天，九条裟罗起了个大早，顺利排在了购买队伍的第一位。这件事一度成为热议话题。\n裟罗并未反驳。从她的角度来说，她确实是带着崇敬之心买下那些物品的。\n在将军的问题上，她从没有任何一丝敷衍与怠慢，特意亲身前往、亲自选购，买回神像后更是备了神龛妥善保存。\n她将五座「御建鸣神主尊大御所大人像」存放在定制的展柜中，在家时总要亲自擦拭，即便自己忙碌，也会安排匠人上门保养…\n对公务繁忙无暇度过私人时光以至于密友并不很多的裟罗而言，雷电将军不止是一位神明，更是一种寄托。\n将军是意志、人望、力量…乃至命运的预兆，是一切崇高之志的交汇点。裟罗的追随，是源自认可与信任。\n精美的神像会让她感觉将军大人并非远在高不可攀的天守阁中，而是如智慧、意志以及顽强的心一般，支撑着自己走过每一段时光。\n她享受这种难以言传的平静时刻。"
      },
      {
        "Title": "神之眼",
        "Context": "获得神之眼时，她还未被赐予名与姓。\n她原本栖居于一片平静的山林之中。不知从何时起，邪祟作乱，周遭安宁不再。\n虽有天狗之力，年幼的她却仍无力单独对抗魔物，更曾在战斗中被击落山崖，羽翼受损。\n她从高处坠落，受伤的翅膀无法张开，眼看就要绝望地摔落地面。\n「不应该是这样的！我本以为，凭我的能力，可以永远守护这片山林…」\n翌日清晨，路过山脚的居民发觉一个小女孩昏倒在路边。女孩模样有些狼狈，但周身毫发无损，竟不知为何躺倒在此。\n众人觉得惊奇，便带着她返回城中，即刻上报给天领奉行。\n九条家主九条孝行一见此女，便察觉到她手中那枚发光的物件是可遇而不可求的「神之眼」。\n如此年幼就已获得神明的注视，九条孝行认为，这个女孩便是上天赐予天领奉行的「命运」。\n他收养了女孩，赐名「裟罗」，培养她成为全能的战士，并要求她服从将军，为稻妻而战。\n九条孝行认为：若能培育出名将，九条家的地位与民望也将愈发稳固。一切也如他所想，稳步发展着。\n拥有「神之眼」力量的裟罗迅速崭露头角，年纪轻轻便不负众望成为天领奉行的大将。\n然而，正因为拥有神之眼，裟罗才比任何人都清楚，她之所以从高山上坠落还能毫发无伤，正是由于神在那一瞬间望见了她。\n一眼的注视，赐予她一生的力量。她所享有的一切，都可说是将军大人的垂怜。\n如果是为将军而战…\n裟罗认为，那不是命令，不是养父的计谋，而是她真心所向。"
      }
    ]
  },
  "Costumes": [
    {
      "Id": 205600,
      "Name": "严正净衣",
      "Description": "九条裟罗的装扮款式。洁净端正，足以面神的虔信者装束。",
      "IsDefault": true
    }
  ],
  "CultivationItems": [
    104144,
    113029,
    101204,
    112007,
    104325,
    113027
  ],
  "NameCard": {
    "Name": "九条裟罗·天狗",
    "Description": "名片纹饰。\n裟罗摒弃了天狗一众傲慢的生存方式，但是对于磨炼剑技和神通却并没有怠慢。",
    "Icon": "UI_NameCardIcon_Sara",
    "PicturePrefix": "UI_NameCardPic_Sara"
  }
}