{
  "Id": 10000077,
  "PromoteId": 77,
  "Sort": 61,
  "Body": 5,
  "Icon": "UI_AvatarIcon_Yaoyao",
  "SideIcon": "UI_AvatarIcon_Side_Yaoyao",
  "Name": "瑶瑶",
  "Description": "歌尘浪市真君膝下最年幼的弟子，温柔体贴的「小大人」。",
  "BeginTime": "2023-01-17T00:00:00+08:00",
  "Quality": 4,
  "Weapon": 13,
  "BaseValue": {
    "HpBase": 1030.3239,
    "AttackBase": 17.808,
    "DefenseBase": 62.9475
  },
  "GrowCurves": [
    {
      "Type": 1,
      "Value": 22
    },
    {
      "Type": 4,
      "Value": 32
    },
    {
      "Type": 7,
      "Value": 22
    }
  ],
  "SkillDepot": {
    "Arkhe": 0,
    "Skills": [
      {
        "GroupId": 7731,
        "Proud": {
          "Descriptions": [
            "一段伤害|{param1:F1P}",
            "二段伤害|{param2:F1P}",
            "三段伤害|{param3:F1P}+{param4:F1P}",
            "四段伤害|{param5:F1P}",
            "重击伤害|{param6:F1P}",
            "重击体力消耗|{param7:F1}点",
            "下坠期间伤害|{param8:F1P}",
            "低空/高空坠地冲击伤害|{param9:P}/{param10:P}"
          ],
          "Parameters": [
            {
              "Level": 1,
              "Parameters": [
                0.510014,
                0.474428,
                0.313771,
                0.329457,
                0.779315,
                1.1266,
                25,
                0.639324,
                1.278377,
                1.596762
              ]
            },
            {
              "Level": 2,
              "Parameters": [
                0.551527,
                0.513044,
                0.339311,
                0.356274,
                0.842747,
                1.2183,
                25,
                0.691362,
                1.382431,
                1.726731
              ]
            },
            {
              "Level": 3,
              "Parameters": [
                0.59304,
                0.55166,
                0.36485,
                0.38309,
                0.90618,
                1.31,
                25,
                0.7434,
                1.486485,
                1.8567
              ]
            },
            {
              "Level": 4,
              "Parameters": [
                0.652344,
                0.606826,
                0.401335,
                0.421399,
                0.996798,
                1.441,
                25,
                0.81774,
                1.635134,
                2.04237
              ]
            },
            {
              "Level": 5,
              "Parameters": [
                0.693857,
                0.645442,
                0.426874,
                0.448215,
                1.060231,
                1.5327,
                25,
                0.869778,
                1.739187,
                2.172339
              ]
            },
            {
              "Level": 6,
              "Parameters": [
                0.7413,
                0.689575,
                0.456063,
                0.478862,
                1.132725,
                1.6375,
                25,
                0.92925,
                1.858106,
                2.320875
              ]
            },
            {
              "Level": 7,
              "Parameters": [
                0.806534,
                0.750258,
                0.496196,
                0.521002,
                1.232405,
                1.7816,
                25,
                1.011024,
                2.02162,
                2.525112
              ]
            },
            {
              "Level": 8,
              "Parameters": [
                0.871769,
                0.81094,
                0.53633,
                0.563142,
                1.332085,
                1.9257,
                25,
                1.092798,
                2.185133,
                2.729349
              ]
            },
            {
              "Level": 9,
              "Parameters": [
                0.937003,
                0.871623,
                0.576463,
                0.605282,
                1.431764,
                2.0698,
                25,
                1.174572,
                2.348646,
                2.933586
              ]
            },
            {
              "Level": 10,
              "Parameters": [
                1.008168,
                0.937822,
                0.620245,
                0.651253,
                1.540506,
                2.227,
                25,
                1.26378,
                2.527025,
                3.15639
              ]
            },
            {
              "Level": 11,
              "Parameters": [
                1.079333,
                1.004021,
                0.664027,
                0.697224,
                1.649248,
                2.3842,
                25,
                1.352988,
                2.705403,
                3.379194
              ]
            },
            {
              "Level": 12,
              "Parameters": [
                1.150498,
                1.07022,
                0.707809,
                0.743195,
                1.757989,
                2.5414,
                25,
                1.442196,
                2.883781,
                3.601998
              ]
            },
            {
              "Level": 13,
              "Parameters": [
                1.221662,
                1.13642,
                0.751591,
                0.789165,
                1.866731,
                2.6986,
                25,
                1.531404,
                3.062159,
                3.824802
              ]
            },
            {
              "Level": 14,
              "Parameters": [
                1.292827,
                1.202619,
                0.795373,
                0.835136,
                1.975472,
                2.8558,
                25,
                1.620612,
                3.240537,
                4.047606
              ]
            },
            {
              "Level": 15,
              "Parameters": [
                1.363992,
                1.268818,
                0.839155,
                0.881107,
                2.084214,
                3.013,
                25,
                1.70982,
                3.418915,
                4.27041
              ]
            }
          ]
        },
        "Id": 10771,
        "Name": "普通攻击·颠扑连环枪",
        "Description": "<color=#FFD780FF>普通攻击</color>\n进行至多四段的连续枪击。\n\n<color=#FFD780FF>重击</color>\n消耗一定体力，向前方突进，对路径上的敌人造成伤害。\n\n<color=#FFD780FF>下落攻击</color>\n从空中下坠冲击地面，攻击下落路径上的敌人，并在落地时造成范围伤害。",
        "Icon": "Skill_A_03"
      },
      {
        "GroupId": 7732,
        "Proud": {
          "Descriptions": [
            "白玉萝卜伤害|{param1:F1P}",
            "白玉萝卜治疗量|{param2:F2P}生命值上限+{param3:I}",
            "月桂·抛掷型持续时间|{param4:F1}秒",
            "白玉萝卜持续时间|{param5:F1}秒",
            "冷却时间|{param6:F1}秒"
          ],
          "Parameters": [
            {
              "Level": 1,
              "Parameters": [
                0.2992,
                0.017143,
                165.07991,
                10,
                5,
                15
              ]
            },
            {
              "Level": 2,
              "Parameters": [
                0.32164,
                0.018429,
                181.5902,
                10,
                5,
                15
              ]
            },
            {
              "Level": 3,
              "Parameters": [
                0.34408,
                0.019714,
                199.47635,
                10,
                5,
                15
              ]
            },
            {
              "Level": 4,
              "Parameters": [
                0.374,
                0.021428,
                218.73834,
                10,
                5,
                15
              ]
            },
            {
              "Level": 5,
              "Parameters": [
                0.39644,
                0.022714,
                239.3762,
                10,
                5,
                15
              ]
            },
            {
              "Level": 6,
              "Parameters": [
                0.41888,
                0.024,
                261.38992,
                10,
                5,
                15
              ]
            },
            {
              "Level": 7,
              "Parameters": [
                0.4488,
                0.025714,
                284.77948,
                10,
                5,
                15
              ]
            },
            {
              "Level": 8,
              "Parameters": [
                0.47872,
                0.027428,
                309.54492,
                10,
                5,
                15
              ]
            },
            {
              "Level": 9,
              "Parameters": [
                0.50864,
                0.029143,
                335.6862,
                10,
                5,
                15
              ]
            },
            {
              "Level": 10,
              "Parameters": [
                0.53856,
                0.030857,
                363.20334,
                10,
                5,
                15
              ]
            },
            {
              "Level": 11,
              "Parameters": [
                0.56848,
                0.032571,
                392.09634,
                10,
                5,
                15
              ]
            },
            {
              "Level": 12,
              "Parameters": [
                0.5984,
                0.034286,
                422.3652,
                10,
                5,
                15
              ]
            },
            {
              "Level": 13,
              "Parameters": [
                0.6358,
                0.036428,
                454.00992,
                10,
                5,
                15
              ]
            },
            {
              "Level": 14,
              "Parameters": [
                0.6732,
                0.038571,
                487.0305,
                10,
                5,
                15
              ]
            },
            {
              "Level": 15,
              "Parameters": [
                0.7106,
                0.040714,
                521.42694,
                10,
                5,
                15
              ]
            }
          ]
        },
        "Id": 10772,
        "Name": "云台团团降芦菔",
        "Description": "请某位仙人特制的机关「月桂·抛掷型」上阵，帮助瑶瑶解决烦恼。\n长按时将以不同的方式施放。\n\n<color=#FFD780FF>长按</color>\n进入瞄准状态，调整投掷方向。\n\n<color=#FFD780FF>月桂·抛掷型</color>\n会投掷白玉萝卜，白玉萝卜会在命中角色或敌人时炸裂，对一定范围内的敌人造成<color=#99FF88FF>草元素伤害</color>，并为其中的角色恢复生命值，回复量受益于瑶瑶的生命值上限；若未命中敌人或角色，白玉萝卜将会留在命中的位置，并在触及角色或敌人时，或持续时间结束时炸裂。\n月桂·抛掷型会依据附近的情况，选择投掷白玉萝卜的目标：\n·附近的角色如果生命值均高于70%，会向附近的一名敌人投掷；\n·附近如果存在生命值低于或等于70%的角色，则会向附近场上生命值百分比最低的角色投掷。若附近不存在敌人，在角色的生命值均高于70%、低于100%时，也会向角色投掷；否则会向周围随意投掷。\n\n同时至多存在2个月桂·抛掷型。\n\n<i>「萝卜上市，郎中无事！啊，这不是说萝卜治百病的意思，不过，多吃萝卜确实有好处！」</i>",
        "Icon": "Skill_S_Yaoyao_01"
      }
    ],
    "EnergySkill": {
      "GroupId": 7739,
      "Proud": {
        "Descriptions": [
          "技能伤害|{param4:F1P}",
          "桂子仙机白玉萝卜伤害|{param1:F1P}",
          "桂子仙机白玉萝卜治疗量|{param2:F2P}生命值上限+{param3:I}",
          "草元素抗性提升|{param5:P}",
          "桂子仙机持续时间|{param6:F1}秒",
          "冷却时间|{param7:F1}秒",
          "元素能量|{param8:I}"
        ],
        "Parameters": [
          {
            "Level": 1,
            "Parameters": [
              0.7216,
              0.020168,
              194.21231,
              1.1456,
              0.5,
              5,
              20,
              80
            ]
          },
          {
            "Level": 2,
            "Parameters": [
              0.77572,
              0.021681,
              213.63625,
              1.23152,
              0.5,
              5,
              20,
              80
            ]
          },
          {
            "Level": 3,
            "Parameters": [
              0.82984,
              0.023193,
              234.67883,
              1.31744,
              0.5,
              5,
              20,
              80
            ]
          },
          {
            "Level": 4,
            "Parameters": [
              0.902,
              0.02521,
              257.3401,
              1.432,
              0.5,
              5,
              20,
              80
            ]
          },
          {
            "Level": 5,
            "Parameters": [
              0.95612,
              0.026723,
              281.62,
              1.51792,
              0.5,
              5,
              20,
              80
            ]
          },
          {
            "Level": 6,
            "Parameters": [
              1.01024,
              0.028235,
              307.5186,
              1.60384,
              0.5,
              5,
              20,
              80
            ]
          },
          {
            "Level": 7,
            "Parameters": [
              1.0824,
              0.030252,
              335.0358,
              1.7184,
              0.5,
              5,
              20,
              80
            ]
          },
          {
            "Level": 8,
            "Parameters": [
              1.15456,
              0.032269,
              364.1717,
              1.83296,
              0.5,
              5,
              20,
              80
            ]
          },
          {
            "Level": 9,
            "Parameters": [
              1.22672,
              0.034286,
              394.92627,
              1.94752,
              0.5,
              5,
              20,
              80
            ]
          },
          {
            "Level": 10,
            "Parameters": [
              1.29888,
              0.036303,
              427.29947,
              2.06208,
              0.5,
              5,
              20,
              80
            ]
          },
          {
            "Level": 11,
            "Parameters": [
              1.37104,
              0.038319,
              461.29135,
              2.17664,
              0.5,
              5,
              20,
              80
            ]
          },
          {
            "Level": 12,
            "Parameters": [
              1.4432,
              0.040336,
              496.9019,
              2.2912,
              0.5,
              5,
              20,
              80
            ]
          },
          {
            "Level": 13,
            "Parameters": [
              1.5334,
              0.042857,
              534.1311,
              2.4344,
              0.5,
              5,
              20,
              80
            ]
          },
          {
            "Level": 14,
            "Parameters": [
              1.6236,
              0.045378,
              572.97894,
              2.5776,
              0.5,
              5,
              20,
              80
            ]
          },
          {
            "Level": 15,
            "Parameters": [
              1.7138,
              0.047899,
              613.4455,
              2.7208,
              0.5,
              5,
              20,
              80
            ]
          }
        ]
      },
      "Id": 10775,
      "Name": "玉颗珊珊月中落",
      "Description": "依照某位仙人的嘱咐，在紧急情况下，解放月桂的全部潜能，对周围的敌人造成<color=#99FF88FF>草元素伤害</color>，并进入（某种意义上）所向披靡的「桂子仙机」状态。\n\n<color=#FFD780FF>桂子仙机</color>\n·产生的白玉萝卜将转为依据本技能详细属性造成伤害与治疗，炸裂时将为队伍中附近的所有角色恢复生命值，造成的<color=#99FF88FF>草元素伤害</color>转而视为元素爆发伤害；\n·周期性召唤「月桂·弹跳型」，直到数量达到上限。月桂·弹跳型与元素战技「云台团团降芦菔」召唤的月桂·抛掷型行为方式相同。同时至多存在3个月桂·弹跳型；\n·瑶瑶的移动速度提升15%；\n·瑶瑶获得<color=#99FF88FF>草元素抗性</color>提升。\n\n桂子仙机状态将在退场时结束。桂子仙机状态结束时，将移除剩余的月桂·弹跳型。\n\n<i>「咦，你问我这一个和那一个里哪个是月桂？奇怪，这里的每一个都是月桂呀！」</i>",
      "Icon": "Skill_E_Yaoyao_01"
    },
    "Inherents": [
      {
        "GroupId": 7721,
        "Proud": {
          "Descriptions": [],
          "Parameters": [
            {
              "Level": 1,
              "Parameters": [
                0.6
              ]
            }
          ]
        },
        "Id": 772101,
        "Name": "天星漫散",
        "Description": "处于<color=#FFD780FF>玉颗珊珊月中落</color>的桂子仙机状态下时，当瑶瑶进行冲刺、跳跃或处于奔跑状态下时，将不断向附近的敌人投掷白玉萝卜。每0.6秒至多通过这种方式投掷1枚白玉萝卜。",
        "Icon": "UI_Talent_S_Yaoyao_05"
      },
      {
        "GroupId": 7722,
        "Proud": {
          "Descriptions": [],
          "Parameters": [
            {
              "Level": 1,
              "Parameters": [
                1,
                0.008,
                5
              ]
            }
          ]
        },
        "Id": 772201,
        "Name": "推己及人",
        "Description": "<color=#FFD780FF>白玉萝卜</color>炸裂时，处在其影响范围内的当前场上角色将每1秒恢复一次生命值，回复量基于瑶瑶生命值上限的0.8%，持续5秒。",
        "Icon": "UI_Talent_S_Yaoyao_06"
      },
      {
        "GroupId": 7723,
        "Proud": {
          "Descriptions": [],
          "Parameters": [
            {
              "Level": 1,
              "Parameters": []
            }
          ]
        },
        "Id": 772301,
        "Name": "踮脚·蹑影轻踪",
        "Description": "瑶瑶在队伍中时，队伍中自己的角色接近晶蝶等部分生物时，不会惊动它们。\n有效对象可参考图鉴中「生物志 / 野生动物」的「其他」分类。",
        "Icon": "UI_Talent_S_Yaoyao_07"
      }
    ],
    "Talents": [
      {
        "Id": 771,
        "Name": "妙受琼阁",
        "Description": "<color=#FFD780FF>白玉萝卜</color>炸裂时，处在其影响范围内的当前场上角色获得15%<color=#99FF88FF>草元素伤害加成</color>，持续8秒，并恢复15点体力。每5秒只能通过这种方式恢复1次体力。",
        "Icon": "UI_Talent_S_Yaoyao_01"
      },
      {
        "Id": 772,
        "Name": "正思无邪",
        "Description": "处于<color=#FFD780FF>玉颗珊珊月中落</color>的桂子仙机状态下时，若白玉萝卜的炸裂伤害命中敌人，瑶瑶将恢复3点元素能量。每0.8秒至多通过这种方式恢复一次元素能量。",
        "Icon": "UI_Talent_S_Yaoyao_02"
      },
      {
        "Id": 773,
        "Name": "墩墩善道",
        "Description": "<color=#FFD780FF>云台团团降芦菔</color>的技能等级提高3级。\n至多提升至15级。",
        "Icon": "UI_Talent_U_Yaoyao_01",
        "ExtraLevel": {
          "Index": 2,
          "Level": 3
        }
      },
      {
        "Id": 774,
        "Name": "爰爰可亲",
        "Description": "施放<color=#FFD780FF>云台团团降芦菔</color>或<color=#FFD780FF>玉颗珊珊月中落</color>后，基于瑶瑶生命值上限的0.3%，提升瑶瑶的元素精通，持续8秒。通过这种方式，至多提升120点元素精通。",
        "Icon": "UI_Talent_S_Yaoyao_03"
      },
      {
        "Id": 775,
        "Name": "恻隐本义",
        "Description": "<color=#FFD780FF>玉颗珊珊月中落</color>的技能等级提高3级。\n至多提升至15级。",
        "Icon": "UI_Talent_U_Yaoyao_02",
        "ExtraLevel": {
          "Index": 9,
          "Level": 3
        }
      },
      {
        "Id": 776,
        "Name": "慈惠仁心",
        "Description": "<color=#FFD780FF>月桂·抛掷型</color>每投掷2次白玉萝卜，就会在下次投掷时额外投掷1枚超厉害·大萝卜。相比白玉萝卜，超厉害·大萝卜炸裂时的影响范围更大，炸裂时产生如下效果：\n·基于瑶瑶攻击力的75%，造成<color=#99FF88FF>草元素范围伤害</color>；\n·基于瑶瑶生命值上限的7.5%，为其中的当前场上角色恢复生命值。\n\n每个月桂·抛掷型至多投掷2次超厉害·大萝卜。",
        "Icon": "UI_Talent_S_Yaoyao_04"
      }
    ]
  },
  "FetterInfo": {
    "Title": "仙蕊玲珑",
    "Detail": "歌尘浪市真君膝下最年幼的弟子，温柔体贴的「小大人」。",
    "Association": 2,
    "Native": "歌尘浪市真君洞天",
    "BirthMonth": 3,
    "BirthDay": 6,
    "VisionBefore": "草",
    "ConstellationBefore": "木樨座",
    "CvChinese": "刘颐诺",
    "CvJapanese": "门胁舞以",
    "CvEnglish": "凯尔西·加法尔",
    "CvKorean": "柳惠知",
    "CookBonus": {
      "OriginItemId": 108129,
      "ItemId": 108487,
      "InputList": [
        100011,
        100026,
        100027,
        100018
      ]
    },
    "Fetters": [
      {
        "Title": "初次见面…",
        "Context": "初次见面，我是瑶瑶，忝列门墙，师从歌尘浪市真君。出门在外，若有不便…请叫上我！瑶瑶有礼了。对了，我这里有炸萝卜丸子，吃一点吧！但是不可以多吃哦，油腻的东西吃多了对身体的负担会增加的。如果没吃饱，我还带了洗干净的萝卜和醋，可以给你凉拌萝卜丝吃。"
      },
      {
        "Title": "闲聊·大道理",
        "Context": "「明日复明日，明日何其多…」总之，快快行动起来吧。"
      },
      {
        "Title": "闲聊·凑热闹",
        "Context": "那边好像有什么动静，偷偷看一眼的话，应该没事吧！"
      },
      {
        "Title": "闲聊·寻仙问道",
        "Context": "真奇怪，为什么总有人想寻仙问道呢？仙人不是到处都是吗？"
      },
      {
        "Title": "下雨的时候…",
        "Context": "你听，青蛙的叫声，像不像在给雨声伴奏？呱呱呱。"
      },
      {
        "Title": "打雷的时候…",
        "Context": "呜、呜哇！我、我帮你捂住耳朵，害怕的话就抓紧我的手。"
      },
      {
        "Title": "下雪的时候…",
        "Context": "下——雪——啦——！你先穿上毛茸茸的外套，戴上厚厚的帽子和围巾，喏，别忘了还有手套，我们再去堆雪人吧。"
      },
      {
        "Title": "阳光很好…",
        "Context": "天气很好呢，我们去璃月港的码头逛逛吧。"
      },
      {
        "Title": "刮大风了…",
        "Context": "小心哦，别被风吹走啦。"
      },
      {
        "Title": "早上好…",
        "Context": "该起床啦，我已经准备好早饭了，你动作快些…欸、欸？回笼觉吗？那好吧，只能再多睡五分钟哦！五分钟后我再来叫你~哎，早知道就该提醒你早点睡…"
      },
      {
        "Title": "中午好…",
        "Context": "你要记住哦~吃完午饭后，不要立刻躺下午睡，也不能马上动身冒险，这些都对消化不好。"
      },
      {
        "Title": "晚上好…",
        "Context": "欸？晚上还要出门吗？唔…什么时候才能回来呀？天色已晚，小心为上哦~"
      },
      {
        "Title": "晚安…",
        "Context": "睡前故事…上回和你…说、说到哪里来着…璃月自古时起…便有三眼五显仙人守护，其、其中…呼呼…"
      },
      {
        "Title": "关于瑶瑶自己·璃月码头",
        "Context": "你知道吗？璃月港的码头，总是人声鼎沸，可热闹了！和我家那种静到叶子掉在地上都能听见的感觉完全不一样呢！所以，我一有空就爱跑去码头看看。新来的船，新鲜的见闻…还有新玩具！"
      },
      {
        "Title": "关于瑶瑶自己·吃饱穿暖",
        "Context": "所谓「仓廪实则知礼节，衣食足则知荣辱」，所以说，出门在外，要好好吃饭，衣裳穿暖…呃、欸？这句话不是这样的意思吗？那是什么意思呢？"
      },
      {
        "Title": "关于我们·练枪",
        "Context": "不是我偷懒，是枪太长，又很重，练枪真的挺辛苦的…好在师父对我的要求不高，嘿嘿。"
      },
      {
        "Title": "关于我们·牵肠挂肚",
        "Context": "最近有按时吃饭吗？天冷了，有好好添衣裳吗？冒险的时候有没有遇到危险？有没有受伤？哎呀算了，要不你还是带上我吧，草行露宿，我实在有点放心不下你。"
      },
      {
        "Title": "关于「神之眼」…",
        "Context": "师父是三眼五显仙人！但她告诉过我，神之眼代表着神明的认可。可我也没有做什么特别的呀？真想和神明大人聊聊天，听听她的想法呢！"
      },
      {
        "Title": "有什么想要分享…",
        "Context": "奥赛尔？说的是海里的那个超级大的云来大章鱼吗？啊！我不是想吃，只是…如果想吃的话一定记得要烤熟了再吃…呀！不一定非要烤，只是…只是我觉得烤着会很好吃…"
      },
      {
        "Title": "感兴趣的见闻…",
        "Context": "我喜欢小团雀哦，去找七七玩的时候，经常能在路上见到。我还会和它们打招呼呢！啾啾啾♪～哎呀，被你猜对了，真聪明！确实是早早早的意思哦。"
      },
      {
        "Title": "关于香菱…",
        "Context": "师姐她最近…没有去找什么奇怪的食材吧？上次她说要生吃云来大章鱼，可让我担心坏了，要是吃坏了肚子可怎么办呀？她又不喜欢吃白先生的苦药。我求了师父一起劝住了她，可不要又看上另一种危险的食材了…哎…"
      },
      {
        "Title": "关于七七·好朋友",
        "Context": "七七是我最好的朋友！她有时候会忘记我，但我知道她不是故意的，只要提醒她看一下笔记，她马上就能想起来。"
      },
      {
        "Title": "关于七七·一辈子",
        "Context": "其实我也悄悄问过白先生，有没有办法治好她…嗯…没关系的，就算要提醒她一辈子，我也没关系的。"
      },
      {
        "Title": "关于白术…",
        "Context": "白先生开的方子可有效啦。虽然苦是有点苦，但这就是所谓的「良药苦口」吧！我理解的！哎呀，你怕苦吗？别担心，我这边有蜜枣，喝完药吃一颗就好了。"
      },
      {
        "Title": "关于甘雨…",
        "Context": "甘雨姐姐的工作一直很多，听说上次她还因为劳累，不小心趴在草地上睡着了，哎，让人担心！要不…我们进行一个「突击检查」！过去看看她有没有好好照顾自己吧？啊…稍等我一下，我去准备些甘雨姐姐喜欢吃的花花草草…"
      },
      {
        "Title": "关于刻晴…",
        "Context": "刻晴姐姐为人细心，做事周全。逢年过节总会来问候师父，这就是所谓的「尊师重道」吧？还是说「知文达礼」比较合适？…总之，我也要向刻晴姐姐学习！"
      },
      {
        "Title": "关于云堇…",
        "Context": "云堇姐姐呀，她舞枪舞得可好啦，她表演的璃月戏也非常受欢迎，师父偶尔也会带我去看哦。只要有云堇姐姐登台，场面必是座无虚席，门不停宾…但、但…她唱的是什么意思呀？"
      },
      {
        "Title": "关于北斗…",
        "Context": "北斗姐姐的船，好气派~要不是我和甘雨姐姐约好了不往船上跑，我连要在哪里搭个小小的床铺都想好了。"
      },
      {
        "Title": "关于申鹤…",
        "Context": "申鹤姐姐远离世俗多年，这次好不容易回到了璃月港，难免有很多不适应的地方。我也想帮着甘雨姐姐一起照顾她…可我要怎么开口，才不会让她觉得不自在呢？"
      },
      {
        "Title": "关于烟绯…",
        "Context": "烟绯姐姐有一本厚厚的法典，就连休假来探望师父的时候，都随身带着呢，真厉害呀~能一直拿着这么重的东西，还要读这么难懂的东西…"
      },
      {
        "Title": "关于闲云…",
        "Context": "那天我去找师父的时候，见到师父在和一位很有气质的姐姐聊天。她自称「闲云」，还想逗逗我呢，但我一眼就看出来她是留云阿姨啦！毕竟，看师父那高兴的样子，没有半点生分，分明是见到了一位老友嘛！"
      },
      {
        "Title": "想要了解瑶瑶·其一",
        "Context": "瑶瑶的出身吗？我父母隐居于山郊，唔，按道理来说，我应该算是轻策庄人吧。"
      },
      {
        "Title": "想要了解瑶瑶·其二",
        "Context": "我家靠种植珍贵药草为生，家父家母忙碌的时候经常会忘记做家务，甚至连吃饭都会忘记…哎，这样怎么行呀！我得照顾好他们。"
      },
      {
        "Title": "想要了解瑶瑶·其三",
        "Context": "我从小在山间长大，花草树木，还有小动物们都是我的朋友哦！对了，你想和小团雀聊聊天吗？我可以带你去，也可以帮你传话。来吧，很有趣的~我们先去准备点米粒给它们当做礼物！"
      },
      {
        "Title": "想要了解瑶瑶·其四",
        "Context": "璃月到处都是仙人，我遇到过好多位呢！留云阿姨，理水叔叔…我最喜欢的就是留云阿姨啦！她送了我好多好玩的仙家物什，还细致地教我用法，让瑶瑶受益匪浅呢！"
      },
      {
        "Title": "想要了解瑶瑶·其五",
        "Context": "遇见师父之后，她说我有仙缘，收我做了弟子。其实我至今还不懂仙缘到底是什么呀？但能在大家身边热热闹闹的，听师父讲故事，和师姐一起偷懒…还有帮上璃月港大家的忙，我非常知足！"
      },
      {
        "Title": "瑶瑶的爱好…",
        "Context": "常言道，良宵苦短，胜事难逢！如果有什么好玩的事情，一定要过去看看才行呀…说不定还能遇上瑶瑶能帮上忙的事，你说对吧？"
      },
      {
        "Title": "瑶瑶的烦恼…",
        "Context": "哎、哎呀，练枪真的有点枯燥…我就和月桂玩一小会儿，休息一会儿就接着再练…"
      },
      {
        "Title": "喜欢的食物…",
        "Context": "轻策农家菜、来来菜、水煮鱼…这些璃月地道的味道不仅好吃，还能让人感到热闹。嗯？你也喜欢吗？太好了，那下次来我家吃饭吧，我来露一手！别担心，我帮师姐打过下手，在烹饪上也算「师出名门」呢！"
      },
      {
        "Title": "讨厌的食物…",
        "Context": "有次申鹤姐姐一顿清心吃多了，身体虚了好几天呢！瑶瑶要爱惜身体，不生吃清心。唔？你问我怎么知道的？是留云阿姨跟我说起的哦！"
      },
      {
        "Title": "收到赠礼·其一",
        "Context": "太好吃啦！这厨艺简直和师姐「难舍难分」？不对，好像是「不相上下」！嘿嘿，瑶瑶一时激动，「口不择言」了。"
      },
      {
        "Title": "收到赠礼·其二",
        "Context": "好吃！下次做饭记得喊上我哦，让我帮你打下手吧。"
      },
      {
        "Title": "收到赠礼·其三",
        "Context": "…哎，你平时吃的都是这些吗？要不然还是让我来给你做饭吧！吃得不好怎么能出门冒险呢，要是累到了自己、身体垮了怎么办呀…"
      },
      {
        "Title": "生日…",
        "Context": "今日是你的生辰，按照习俗，这样的日子要来一碗长寿面，我找师姐学了一手，一整条面都没有断哦！还打了个很圆很圆的鸡蛋进去，嘿嘿。快跟我来吧，要趁热吃才好。新的一岁，愿你身体健健康康，生活圆圆满满。"
      },
      {
        "Title": "突破的感受·起",
        "Context": "咦？枪怎么变轻了？要是能再变短点就更好了…"
      },
      {
        "Title": "突破的感受·承",
        "Context": "哇哇，我现在说不定都能拿起师姐的枪了！真想现在就把这个好消息告诉师父~"
      },
      {
        "Title": "突破的感受·转",
        "Context": "平时听大家说的「勤以立身」，就是这种感觉吧？欸？这个「勤」…不是勤奋的意思吗？"
      },
      {
        "Title": "突破的感受·合",
        "Context": "原来被人挂念的感觉是这样的，嗯…我能有这样的成长与变化，都是你的功劳哦！所谓投之以桃，报之以李，你放心吧，我会护你安然无虞的！"
      },
      {
        "Title": "元素战技·其一",
        "Context": "月桂！该上咯。"
      },
      {
        "Title": "元素战技·其二",
        "Context": "不要乱动哦！"
      },
      {
        "Title": "元素战技·其三",
        "Context": "不怕不怕。"
      },
      {
        "Title": "元素爆发·其一",
        "Context": "预备…跑！"
      },
      {
        "Title": "元素爆发·其二",
        "Context": "痛痛飞。"
      },
      {
        "Title": "元素爆发·其三",
        "Context": "要冲喽，月桂！"
      },
      {
        "Title": "打开宝箱·其一",
        "Context": "都收好，不要落下哦！"
      },
      {
        "Title": "打开宝箱·其二",
        "Context": "都整理好啦，请拿好。"
      },
      {
        "Title": "打开宝箱·其三",
        "Context": "哇！这些够用好几天了吧。"
      },
      {
        "Title": "生命值低·其一",
        "Context": "不行不行…"
      },
      {
        "Title": "生命值低·其二",
        "Context": "我要撑下去…"
      },
      {
        "Title": "生命值低·其三",
        "Context": "没事，我可以的…"
      },
      {
        "Title": "同伴生命值低·其一",
        "Context": "让瑶瑶保护你！"
      },
      {
        "Title": "同伴生命值低·其二",
        "Context": "人命关天，不要勉强！"
      },
      {
        "Title": "倒下·其一",
        "Context": "没办法再照顾大家了…"
      },
      {
        "Title": "倒下·其二",
        "Context": "有辱…师门…"
      },
      {
        "Title": "倒下·其三",
        "Context": "枪好重…头也好重…"
      },
      {
        "Title": "普通受击·其一",
        "Context": "痛痛。"
      },
      {
        "Title": "重受击·其一",
        "Context": "好痛好痛…"
      },
      {
        "Title": "加入队伍·其一",
        "Context": "我会照顾好大家的。"
      },
      {
        "Title": "加入队伍·其二",
        "Context": "我来领路，跟我走吧！"
      },
      {
        "Title": "加入队伍·其三",
        "Context": "我在，不用担心。"
      }
    ],
    "FetterStories": [
      {
        "Title": "角色详细",
        "Context": "仙人们谨遵与岩王帝君的契约，护佑璃月数千年。\n璃月一旦有难，仙人们定会现身，若逢太平之世，他们偶尔也会露面。\n有时是为了训诫心怀不轨之徒，有时是为了挽救身陷囹圄之人。要是遇见命中有仙缘的璃月人，仙人们便会收徒传艺。\n诸仙之中，歌尘浪市真君称得上是与凡人结缘较多的。\n她座下弟子众多，其中最年幼的名叫瑶瑶。\n瑶瑶天资聪颖，积极好学。虽说年齿尚幼，所学知识还不能融汇贯通，时常闹出些无伤大雅的小笑话，但只要假以时日，定会成长为学识渊博的女子。\n加之性格温柔体贴，待人真诚慷慨，不仅真君本人对她青睐有加，师姐与其他各位长辈也十分爱护她。\n常人无缘得入的绝云间仙众洞府，瑶瑶时常来去其中。小小年纪便获得仙人如此厚爱，真是令人艳羡。"
      },
      {
        "Title": "角色故事1",
        "Context": "在璃月港居民眼中，萍姥姥总将乖巧爱笑的瑶瑶带在身边，两人俨然一对亲密的祖孙。\n但其实这一老一少毫无血缘关系，瑶瑶是萍姥姥——或者说歌尘浪市真君的弟子。\n瑶瑶入门时年纪太小，连字都还没认全，真君便从日常应对，诗书礼仪开始教导。\n随着瑶瑶一天天长大，真君逐渐将仙家典仪、修身养性的法门，还有自己这一身枪术加入日课中。\n内容有些多，瑶瑶记不住，听不懂是常事，真君也并不着急，因为她看得出，瑶瑶的确将她劝学的话听了进去。\n枪杆沉重，这孩子不太拿得动，可还是坚持日日练习。\n诗书难背，她也每日努力诵读，梦话里都能蹦出一句「仓廪实而知礼节」。\n真君本想做个严师，既然瑶瑶如此令人省心，她便也稍稍放松了些要求。\n更令她心热的是，瑶瑶似乎真把她当作「姥姥」看待。\n才半人高的孩子，竟自作主张管起了她的饮食，寒暑交替时忧心她的身体，好像完全忘记了头疼脑热这种事对仙人来说并不常有。\n看那份亲热劲，她感觉自己仿佛真添了个孙女，意识到这一点之后，严厉的话就更说不出口了。\n当初结下师徒之缘时未作他想，如今真君是打心眼里放不下这个孩子，那就让她在自己身边再多陪伴些时日吧，自己想传授给她的还有许多。"
      },
      {
        "Title": "角色故事2",
        "Context": "那是瑶瑶出生之前的事了。向往山野生活的父母选择搬离璃月港，在轻策庄附近寻了一处僻静地方，自建屋舍过起了隐居的日子。\n他们的新家依山傍水，独门独户。屋后略有薄田，种着瓜果蔬菜。\n离家最近的村落是轻策庄，日常用度不足时，他们会走些山路，拿自家种出的瓜果去轻策庄换取所需。\n瑶瑶正是在这样的家庭中出生的。\n还在咿呀学语时，她就已经习惯了与鸟兽鱼虫为伴。在屋后的萝卜田里，她学会了走路。\n瑶瑶心灵中那抹纯真温柔的底色正源于这样恬静温馨的田园生活。\n后来，她被仙人看中，收入门下。\n起先父母不愿让女儿跟随仙人长居璃月港，他们担忧习惯了山野生活的单纯女儿，会被璃月港的五光十色迷了双眼。\n但歌尘浪市真君的劝诫让他们改变了想法：\n「终生隐居于山中，或许不会被俗世尘埃沾染，但孤独一生也未必是瑶瑶想要的未来。给孩子一个机会，让她去大千世界中历练吧。」\n父母这才放手，将女儿托付给仙人。事实证明，成为歌尘浪市真君的弟子的确是件好事。\n在璃月港，瑶瑶有师父与一众善良的朋友相伴，性格开朗不少。逢年过节，她也会向师父告假，归家看望父母。\n若是想为自己的孩子择一位良师，还有谁能比这位仙人更符合理想呢？"
      },
      {
        "Title": "角色故事3",
        "Context": "萍姥姥的旧识偶尔会前来拜访，每到这时候，瑶瑶总会陪伴师父和客人去城中四处逛逛。\n客人远道而来，除了商铺与食肆之外，也会去和裕茶馆听听说书与璃月戏。\n偌大的璃月港中，爱去和裕茶馆消遣的当然不止瑶瑶一行人，外国人士中也有懂得欣赏异国文化的人。\n某次他们在和裕茶馆听戏时，邻桌就坐了三位初来璃月的外国人士。听完了戏曲中的仙人故事，这三人就着茶水与点心聊起了璃月的仙人。\n师父与客人的谈话瑶瑶插不上嘴，百无聊赖的她边吃糕点边听周围人闲聊。\n稻妻来的那位女士似乎以为璃月的仙人与稻妻鸣神大社的宫司没什么区别，既需统领神事也得管理璃月的书舍。\n枫丹来的客商固执地认为仙人都会在国家机关中担任职务，不知是因他曾与七星秘书甘雨打过交道，还是因为他们的国家有类似制度。\n蒙德来的冒险家十分向往仙人的传说，因为他只在吟游诗人的歌中听过神明的故事，从没与神明或其眷属打过交道。\n他忍不住问茶博士是否与仙人说过话，茶博士的回答令他失望不已：\n「都是故事罢了。我们普通人又不会天天泡在绝云间，没有那么多机会见到仙人的。」\n瑶瑶觉得这话不对，忍不住出声反驳：「怎么会呢，仙人就在我们身边呀。刚才削月叔叔还说评书挺有趣呢。」\n不知为何，萍姥姥身边的客人突然停下话头，一语不发了。还是萍姥姥笑着跟茶博士说了几句，扯开了话题。\n瑶瑶想不通：为什么大多数人总觉得仙人离他们的生活很遥远呢？明明仙人就生活在大家身边，只是轻易不现身而已呀。"
      },
      {
        "Title": "角色故事4",
        "Context": "并非所有人都能被仙人接纳，成为仙家弟子。有仙缘者才可入仙众法眼。\n瑶瑶曾经问过师父：「为什么您说与我有仙缘呢？什么叫作仙缘？」\n「因你我有心意相通之处，故能相知遇。」\n师父的回答就像书上的大道理，总是把一大通前因后果放在短短几个字里，瑶瑶轻易是想不明白的。\n瑶瑶记得，第一次与师父相遇时，她不过是同往常一样在山间玩耍。\n当时她还和父母一道居住，出门玩耍时，她总爱向石头和云朵倾诉心情。在瑶瑶眼中，花鸟鱼虫和山石溪水一样是她珍贵的玩伴。\n那天石头和云朵第一次对她的话有了回应，瑶瑶开心极了，絮絮叨叨和它们聊了一整天。\n直到仙人收了法术，幻象中的石头与云朵消失，歌尘浪市真君在她面前显露真容，她也未曾发出一声惊呼。\n仙家之道，护世渡人。璃月仙众不仅保护人类，也珍惜万物。万物生长自有其遵循之理，己方依理依时而动，万物自然会蓬勃生长，不相侵害。\n瑶瑶珍惜玩伴的心情与仙人们怜惜万物的心情有相似之处，正因如此，歌尘浪市真君才会看中她。\n可惜，小小的瑶瑶托腮想了半天也没明白师父方才那句话的复杂含义，只好先把这个问题放到一边去了。"
      },
      {
        "Title": "角色故事5",
        "Context": "跟随师父在璃月港生活后，瑶瑶把每一天都安排得满满当当。早晨念日课，午后要习枪，之后的时间得一心一意好好玩耍。\n不要小瞧了玩耍，师父说了，对瑶瑶这个年纪的孩子来说，玩耍和学习一样，都是正经事。\n她在玩耍时结识了形形色色的人，有「南十字」船队的船长，有「不卜庐」的医师与药童。于是每次有想不明白的事时，她便多了些可请教的人。\n她还喜欢在港口内四处探索，阿山婆的玩具摊，师姐家的万民堂，还有璃港船局，只要是能进得去的地方，她都想去看看。\n因此她得以见识到许多在书本中看不到的事物，船队出航时风帆涌动的场景，玉京台里的璃月全境地图。它们帮助她认识到世界无比宽阔。\n趁着玩耍的功夫，她偶尔会跟随师父前去拜访绝云仙众。听仙人们讲述璃月往事，她发现真实发生过的事其实比话本里说的还要惊险。\n每一天都能学到新知识，每一天身边的事物都会有变化，每一天的生活都不会重复。\n这是她最喜欢璃月港的地方。\n璃月港的生活就像一条长长的大河，永远向前，奔流不停。\n相比起来，从前在父母身边的时光就像平静安宁的小溪。小溪很好，那柔和的慢节奏给了她很多温暖的回忆。\n大河也很好，她会带着那股永不停下的势头努力成长，长成让师父和父母都自豪的大人。\n在这样的向往中，她悄悄期盼着未来，期盼着长大。"
      },
      {
        "Title": "「月桂」",
        "Context": "歌尘浪市真君的相识遍布璃月，她早早向各方打过招呼，称自己这个弟子本事还不到家，要是在外遇见了，还请大家多照应些。\n她本意只是向大家介绍下自己的弟子，顺带请自己的同辈多多教导瑶瑶，期盼她多学多思。\n未想到瑶瑶这个乖巧贴心的孩子太讨人喜欢，留云借风真君甫一听说，便将此事放在了心上。\n在瑶瑶和师父都不知道的时候，她就已经做好了一只精巧的机关兔。\n「喏，瑶瑶，这个小东西就送给你，有什么危险就呼唤它好了。」\n瑶瑶十分喜欢这只可爱的机关兔，并为它起名为「月桂」，去哪里都带着它。\n将「月桂」送给瑶瑶后，留云借风真君找到瑶瑶的师父，不无得意地说：\n「本仙先告诉你，这机关兔还有项额外功能。将来哪天你找不见瑶瑶时，只要呼唤『月桂』，自然就会知道她人在何处。」\n「不过这功能你绝不可滥用，将来孩子大了，总会有点自己的隐私。你总是找她她定会不快。瞧瞧本仙，极有分寸，就从不过分管束申鹤…」\n「好了好了好了，我知道了留云。」\n「你知道就行。总之，要是谁敢瞒着你我欺侮瑶瑶，月桂一定会告警。到时候就叫他们自求多福吧。」"
      },
      {
        "Title": "神之眼",
        "Context": "「为什么能获得神之眼呢？」\n瑶瑶刚得到神之眼的时候，一度十分执着于这个问题。\n是因为自己平日做了不少善事，所以神明大人借此嘉奖自己？而且自己一直尊师重道，因此神明大人觉得瑶瑶是个好孩子？\n说起来，香菱师姐还有留云阿姨门下的申鹤姐姐就都有神之眼。是不是因为神明认可了仙人，我们是仙人的弟子，所以神明自然认可我们？\n仔细想想，这些猜测都没什么道理。\n唉，瑶瑶坐在璃月港后的山坡上，抱着一路跟着自己跑到山上来的小狗叹气。\n自打离开父母身边，她碰到了太多想不明白的事，这已经不是第一件了。她的一贯应对是想不明白也没办法，等自己长大些或许就想明白了。\n不过既然自己获得了代表认可的神之眼，就不可辜负这份期待。\n瑶瑶是师父的得意弟子，以后要学着师父的样子护世度人的。这意味着自己不仅得照顾好师父师姐，身边的所有亲朋，还得拿出博爱之心照应所有人。自己还得努力啊，那么明天练枪的时候再多坚持一会儿，字帖也多写一张吧。"
      }
    ]
  },
  "Costumes": [
    {
      "Id": 207700,
      "Name": "栗蕊木樨花",
      "Description": "瑶瑶的装扮款式。父母为瑶瑶缝制的小小短袄，和师父赠予的仙铃一道，伴随她在轻策庄与璃月港之间安全往返。",
      "IsDefault": true
    }
  ],
  "CultivationItems": [
    104134,
    113040,
    100027,
    112004,
    104315,
    113043
  ],
  "NameCard": {
    "Name": "瑶瑶·月桂",
    "Description": "名片纹饰。\n「猜猜看，这里哪一个是月桂？没错，大家都是月桂喔！」",
    "Icon": "UI_NameCardIcon_Yaoyao",
    "PicturePrefix": "UI_NameCardPic_Yaoyao"
  }
}