{
  "Id": 10000036,
  "PromoteId": 36,
  "Sort": 11,
  "Body": 1,
  "Icon": "UI_AvatarIcon_Chongyun",
  "SideIcon": "UI_AvatarIcon_Side_Chongyun",
  "Name": "重云",
  "Description": "驱邪世家的年轻方士，为压制自身的「纯阳之体」费尽心机。",
  "BeginTime": "2020-09-15T04:00:00+08:00",
  "Quality": 4,
  "Weapon": 11,
  "BaseValue": {
    "HpBase": 920.90894,
    "AttackBase": 18.6984,
    "DefenseBase": 54.36375
  },
  "GrowCurves": [
    {
      "Type": 1,
      "Value": 22
    },
    {
      "Type": 4,
      "Value": 32
    },
    {
      "Type": 7,
      "Value": 22
    }
  ],
  "SkillDepot": {
    "Arkhe": 0,
    "Skills": [
      {
        "GroupId": 3631,
        "Proud": {
          "Descriptions": [
            "一段伤害|{param1:F1P}",
            "二段伤害|{param2:F1P}",
            "三段伤害|{param3:F1P}",
            "四段伤害|{param4:P}",
            "重击循环伤害|{param5:F1P}",
            "重击终结伤害|{param6:P}",
            "重击体力消耗|每秒{param7:F1}点",
            "最大持续时间|{param8:F1}秒",
            "下坠期间伤害|{param9:F1P}",
            "低空/高空坠地冲击伤害|{param10:P}/{param11:P}"
          ],
          "Parameters": [
            {
              "Level": 1,
              "Parameters": [
                0.70004,
                0.63124,
                0.80324,
                1.01222,
                0.562853,
                1.01781,
                40,
                5,
                0.745878,
                1.49144,
                1.862889
              ]
            },
            {
              "Level": 2,
              "Parameters": [
                0.75702,
                0.68262,
                0.86862,
                1.09461,
                0.608666,
                1.100655,
                40,
                5,
                0.806589,
                1.612836,
                2.01452
              ]
            },
            {
              "Level": 3,
              "Parameters": [
                0.814,
                0.734,
                0.934,
                1.177,
                0.65448,
                1.1835,
                40,
                5,
                0.8673,
                1.734233,
                2.16615
              ]
            },
            {
              "Level": 4,
              "Parameters": [
                0.8954,
                0.8074,
                1.0274,
                1.2947,
                0.719928,
                1.30185,
                40,
                5,
                0.95403,
                1.907656,
                2.382765
              ]
            },
            {
              "Level": 5,
              "Parameters": [
                0.95238,
                0.85878,
                1.09278,
                1.37709,
                0.765742,
                1.384695,
                40,
                5,
                1.014741,
                2.029052,
                2.534396
              ]
            },
            {
              "Level": 6,
              "Parameters": [
                1.0175,
                0.9175,
                1.1675,
                1.47125,
                0.8181,
                1.479375,
                40,
                5,
                1.084125,
                2.167791,
                2.707688
              ]
            },
            {
              "Level": 7,
              "Parameters": [
                1.10704,
                0.99824,
                1.27024,
                1.60072,
                0.890093,
                1.60956,
                40,
                5,
                1.179528,
                2.358556,
                2.945964
              ]
            },
            {
              "Level": 8,
              "Parameters": [
                1.19658,
                1.07898,
                1.37298,
                1.73019,
                0.962086,
                1.739745,
                40,
                5,
                1.274931,
                2.549322,
                3.184241
              ]
            },
            {
              "Level": 9,
              "Parameters": [
                1.28612,
                1.15972,
                1.47572,
                1.85966,
                1.034078,
                1.86993,
                40,
                5,
                1.370334,
                2.740087,
                3.422517
              ]
            },
            {
              "Level": 10,
              "Parameters": [
                1.3838,
                1.2478,
                1.5878,
                2.0009,
                1.112616,
                2.01195,
                40,
                5,
                1.47441,
                2.948195,
                3.682455
              ]
            },
            {
              "Level": 11,
              "Parameters": [
                1.48148,
                1.33588,
                1.69988,
                2.14214,
                1.191154,
                2.15397,
                40,
                5,
                1.578486,
                3.156303,
                3.942393
              ]
            },
            {
              "Level": 12,
              "Parameters": [
                1.57916,
                1.42396,
                1.81196,
                2.28338,
                1.269691,
                2.29599,
                40,
                5,
                1.682562,
                3.364411,
                4.202331
              ]
            },
            {
              "Level": 13,
              "Parameters": [
                1.67684,
                1.51204,
                1.92404,
                2.42462,
                1.348229,
                2.43801,
                40,
                5,
                1.786638,
                3.572519,
                4.462269
              ]
            },
            {
              "Level": 14,
              "Parameters": [
                1.77452,
                1.60012,
                2.03612,
                2.56586,
                1.426766,
                2.58003,
                40,
                5,
                1.890714,
                3.780627,
                4.722207
              ]
            },
            {
              "Level": 15,
              "Parameters": [
                1.8722,
                1.6882,
                2.1482,
                2.7071,
                1.505304,
                2.72205,
                40,
                5,
                1.99479,
                3.988735,
                4.982145
              ]
            }
          ]
        },
        "Id": 10401,
        "Name": "普通攻击·灭邪四式",
        "Description": "<color=#FFD780FF>普通攻击</color>\n进行至多四段的连续挥砍。\n\n<color=#FFD780FF>重击</color>\n持续消耗体力，旋转大剑攻击周围的敌人。\n停止旋转时，会进行一次格外有力的挥砍。\n\n<color=#FFD780FF>下落攻击</color>\n从空中下坠冲击地面，攻击下落路径上的敌人，并在落地时造成范围伤害。",
        "Icon": "Skill_A_04"
      },
      {
        "GroupId": 3632,
        "Proud": {
          "Descriptions": [
            "技能伤害|{param1:P}",
            "附魔持续时间|{param2:F1}秒",
            "领域持续时间|{param4:F1}秒",
            "冷却时间|{param3:F1}秒"
          ],
          "Parameters": [
            {
              "Level": 1,
              "Parameters": [
                1.7204,
                2,
                15,
                10
              ]
            },
            {
              "Level": 2,
              "Parameters": [
                1.84943,
                2.1,
                15,
                10
              ]
            },
            {
              "Level": 3,
              "Parameters": [
                1.97846,
                2.2,
                15,
                10
              ]
            },
            {
              "Level": 4,
              "Parameters": [
                2.1505,
                2.3,
                15,
                10
              ]
            },
            {
              "Level": 5,
              "Parameters": [
                2.27953,
                2.4,
                15,
                10
              ]
            },
            {
              "Level": 6,
              "Parameters": [
                2.40856,
                2.5,
                15,
                10
              ]
            },
            {
              "Level": 7,
              "Parameters": [
                2.5806,
                2.6,
                15,
                10
              ]
            },
            {
              "Level": 8,
              "Parameters": [
                2.75264,
                2.7,
                15,
                10
              ]
            },
            {
              "Level": 9,
              "Parameters": [
                2.92468,
                2.8,
                15,
                10
              ]
            },
            {
              "Level": 10,
              "Parameters": [
                3.09672,
                2.9,
                15,
                10
              ]
            },
            {
              "Level": 11,
              "Parameters": [
                3.26876,
                3,
                15,
                10
              ]
            },
            {
              "Level": 12,
              "Parameters": [
                3.4408,
                3,
                15,
                10
              ]
            },
            {
              "Level": 13,
              "Parameters": [
                3.65585,
                3,
                15,
                10
              ]
            },
            {
              "Level": 14,
              "Parameters": [
                3.8709,
                3,
                15,
                10
              ]
            },
            {
              "Level": 15,
              "Parameters": [
                4.08595,
                3,
                15,
                10
              ]
            }
          ]
        },
        "Id": 10402,
        "Name": "灵刃·重华叠霜",
        "Description": "重云挥动巨剑猛击地面，在前方圆形范围内引发冰爆，并对敌人造成<color=#99FFFFFF>冰元素伤害</color>。\n短暂延迟后，冰爆引发的寒气汇聚成重华叠霜领域，其中的单手剑、大剑、长柄武器角色获得<color=#99FFFFFF>冰元素附魔</color>。\n\n<i>「琳琅振响，十方静默。江河不动，重云凝霜。如法开坛，诸邪退散。」</i>",
        "Icon": "Skill_S_Chongyun_01"
      }
    ],
    "EnergySkill": {
      "GroupId": 3639,
      "Proud": {
        "Descriptions": [
          "技能伤害|{param1:P}",
          "冷却时间|{param2:F1}秒",
          "元素能量|{param3:I}"
        ],
        "Parameters": [
          {
            "Level": 1,
            "Parameters": [
              1.424,
              12,
              40
            ]
          },
          {
            "Level": 2,
            "Parameters": [
              1.5308,
              12,
              40
            ]
          },
          {
            "Level": 3,
            "Parameters": [
              1.6376,
              12,
              40
            ]
          },
          {
            "Level": 4,
            "Parameters": [
              1.78,
              12,
              40
            ]
          },
          {
            "Level": 5,
            "Parameters": [
              1.8868,
              12,
              40
            ]
          },
          {
            "Level": 6,
            "Parameters": [
              1.9936,
              12,
              40
            ]
          },
          {
            "Level": 7,
            "Parameters": [
              2.136,
              12,
              40
            ]
          },
          {
            "Level": 8,
            "Parameters": [
              2.2784,
              12,
              40
            ]
          },
          {
            "Level": 9,
            "Parameters": [
              2.4208,
              12,
              40
            ]
          },
          {
            "Level": 10,
            "Parameters": [
              2.5632,
              12,
              40
            ]
          },
          {
            "Level": 11,
            "Parameters": [
              2.7056,
              12,
              40
            ]
          },
          {
            "Level": 12,
            "Parameters": [
              2.848,
              12,
              40
            ]
          },
          {
            "Level": 13,
            "Parameters": [
              3.026,
              12,
              40
            ]
          },
          {
            "Level": 14,
            "Parameters": [
              3.204,
              12,
              40
            ]
          },
          {
            "Level": 15,
            "Parameters": [
              3.382,
              12,
              40
            ]
          }
        ]
      },
      "Id": 10403,
      "Name": "灵刃·云开星落",
      "Description": "重云结印，在前方半空中连续召唤出三柄巨大灵刃，短时间内依次落向地面并爆裂。\n灵刃爆裂时，会造成<color=#99FFFFFF>冰元素范围伤害</color>，并击飞敌人。\n\n<i>「卓剑天地动，冰凌霜寒生。如律令！」</i>",
      "Icon": "Skill_E_Chongyun_01"
    },
    "Inherents": [
      {
        "GroupId": 3621,
        "Proud": {
          "Descriptions": [],
          "Parameters": [
            {
              "Level": 1,
              "Parameters": [
                0.08
              ]
            }
          ]
        },
        "Id": 362101,
        "Name": "吐纳真定",
        "Description": "处在<color=#FFD780FF>灵刃·重华叠霜</color>领域内的单手剑、双手剑、长柄武器角色，普通攻击的攻击速度提升8%。",
        "Icon": "UI_Talent_S_Chongyun_05"
      },
      {
        "GroupId": 3622,
        "Proud": {
          "Descriptions": [],
          "Parameters": [
            {
              "Level": 1,
              "Parameters": [
                1,
                -0.1,
                8
              ]
            }
          ]
        },
        "Id": 362201,
        "Name": "追冰剑诀",
        "Description": "<color=#FFD780FF>灵刃·重华叠霜</color>领域消失时，会唤出一柄灵刃自动攻击附近的敌人，造成相当于灵刃·重华叠霜技能伤害100%的<color=#99FFFFFF>冰元素范围伤害</color>。被击中的敌人<color=#99FFFFFF>冰元素抗性</color>降低10%，持续8秒。",
        "Icon": "UI_Talent_S_Chongyun_06"
      },
      {
        "GroupId": 3623,
        "Proud": {
          "Descriptions": [],
          "Parameters": [
            {
              "Level": 1,
              "Parameters": []
            }
          ]
        },
        "Id": 362301,
        "Name": "云游山海",
        "Description": "在璃月执行探索派遣任务时，消耗的时间缩短25%。",
        "Icon": "UI_Talent_Expedition_Liyue"
      }
    ],
    "Talents": [
      {
        "Id": 361,
        "Name": "释凌咏冰",
        "Description": "普通攻击的最后一击会向前方释放三道冰之刃，每道冰之刃对沿途的敌人造成重云50%攻击力的<color=#99FFFFFF>冰元素伤害</color>。",
        "Icon": "UI_Talent_S_Chongyun_01"
      },
      {
        "Id": 362,
        "Name": "周天运转",
        "Description": "在<color=#FFD780FF>灵刃·重华叠霜</color>领域内施放的元素战技与元素爆发的冷却时间减少15%。",
        "Icon": "UI_Talent_S_Chongyun_02"
      },
      {
        "Id": 363,
        "Name": "云尽光生",
        "Description": "<color=#FFD780FF>灵刃·云开星落</color>的技能等级提高3级。\n至多提升至15级。",
        "Icon": "UI_Talent_U_Chongyun_01",
        "ExtraLevel": {
          "Index": 9,
          "Level": 3
        }
      },
      {
        "Id": 364,
        "Name": "浮云霜天",
        "Description": "重云的所有攻击命中受到<color=#99FFFFFF>冰元素</color>影响的敌人时，自身将恢复1点元素能量。\n该效果每2秒最多触发一次。",
        "Icon": "UI_Talent_S_Chongyun_03"
      },
      {
        "Id": 365,
        "Name": "真道正理",
        "Description": "<color=#FFD780FF>灵刃·重华叠霜</color>的技能等级提高3级。\n至多提升至15级。",
        "Icon": "UI_Talent_U_Chongyun_02",
        "ExtraLevel": {
          "Index": 2,
          "Level": 3
        }
      },
      {
        "Id": 366,
        "Name": "四灵捧圣",
        "Description": "<color=#FFD780FF>灵刃·云开星落</color>对生命值百分比低于重云的敌人造成伤害时，伤害提升15%；\n此外，施放时，会召唤一柄额外的灵刃。",
        "Icon": "UI_Talent_S_Chongyun_04"
      }
    ]
  },
  "FetterInfo": {
    "Title": "雪融有踪",
    "Detail": "驱邪世家出身的年轻方士，为压制自身的「纯阳之体」费尽心思。",
    "Association": 2,
    "Native": "天衡方士",
    "BirthMonth": 9,
    "BirthDay": 7,
    "VisionBefore": "冰",
    "ConstellationBefore": "乾坤锋座",
    "CvChinese": "kinsen",
    "CvJapanese": "齐藤壮马",
    "CvEnglish": "博·布里奇兰德",
    "CvKorean": "梁静花",
    "CookBonus": {
      "OriginItemId": 108142,
      "ItemId": 108144,
      "InputList": [
        100011,
        100061,
        110001
      ]
    },
    "Fetters": [
      {
        "Title": "初次见面…",
        "Context": "我名重云，家族久居璃月，世代以驱邪除魔为业。今日萍水相逢，看来我与阁下有些缘分。唔…不收钱的，不收钱！"
      },
      {
        "Title": "闲聊·驱邪之法",
        "Context": "方士驱邪一靠咒术，二赖武艺。另辟蹊径亦可，但终非正道。"
      },
      {
        "Title": "闲聊·饮食",
        "Context": "寒食饮冰利于平神静气…清心泡水辅以冰块饮下，对身体最好。"
      },
      {
        "Title": "闲聊·口诀",
        "Context": "驱邪缚魅，内外澄清，啊，呃…糟了，后半句口诀忘了。"
      },
      {
        "Title": "下雨的时候…",
        "Context": "雨是无根水，是最澄净的水，对驱邪除魔大有帮助。"
      },
      {
        "Title": "打雷的时候…",
        "Context": "这落雷好大阵仗，妖邪也会惧怕的吧。"
      },
      {
        "Title": "下雪的时候…",
        "Context": "啊…好天气，真是舒服。"
      },
      {
        "Title": "早上好…",
        "Context": "早晨的好时光可不能辜负，抓紧练功。"
      },
      {
        "Title": "中午好…",
        "Context": "正午灵气极盛，可得抓紧练功。"
      },
      {
        "Title": "晚上好…",
        "Context": "晚间最适静息凝神，更要抓紧练功。"
      },
      {
        "Title": "晚安…",
        "Context": "呼，累了一整天，你也休息去吧。明天再去传闻中鬼怪出没的老宅看看，说好了。"
      },
      {
        "Title": "关于重云自己·方士",
        "Context": "我们方士一派自古守护璃月，传承久远，剿杀邪魔自然是手到擒来。"
      },
      {
        "Title": "关于重云自己·委托",
        "Context": "明明什么都没做，只是进了凶宅的门就解决了问题。这个委托的报酬，你觉得是拿还是不拿呢？"
      },
      {
        "Title": "关于我们·旅伴",
        "Context": "你的本事不错，对丘丘…咳…邪魔从不手软，我们结伴而行如何。"
      },
      {
        "Title": "关于我们·怪谈",
        "Context": "璃月的奇闻异事你已经见了不少吧，你说的那些方外的鬼怪，我…我也想看看。"
      },
      {
        "Title": "关于「神之眼」…",
        "Context": "「神之眼」虽然厉害，却不可盲目依赖。我还是更加信任方术和武技。本事要精进，还是得勤学苦练。"
      },
      {
        "Title": "有什么想要分享…",
        "Context": "璃月的土地上妖邪传闻虽然众多，但真假掺杂，有些奇奇怪怪的委托…其实跟鬼怪一点关系也没有。"
      },
      {
        "Title": "感兴趣的见闻…",
        "Context": "听说琥牢山的琥珀中封存了不少稀奇古怪的东西，会不会也有一些历史传说中的妖邪呢？真想见识见识。"
      },
      {
        "Title": "关于钟离…",
        "Context": "「往生堂」的钟离先生啊，隐约觉得是个厉害角色，凡夫恶党杀人，我们方士除妖，他居然能葬仙人。"
      },
      {
        "Title": "关于行秋…",
        "Context": "我虽然敬佩行秋的武艺和侠心。但是我一定要事先提醒你，他坏心思也不少。如果真的发生了什么事情，记得回来和我结成受害者同盟啊。"
      },
      {
        "Title": "关于魈…",
        "Context": "降魔大圣和我们方士一派，一暗一明，共守璃月，历史已久，我非常尊敬魈上仙。但是，那位大人居然说…居然说什么驱邪方士量小力微不值一提，我，我绝对不能苟同！"
      },
      {
        "Title": "关于胡桃…",
        "Context": "「往生堂」的手段还是信得过的。但是那副「不用你们方士操心」的嘻嘻笑脸却看着让人火大…呼，冷静冷静。"
      },
      {
        "Title": "关于七七…",
        "Context": "看起来是个僵尸小姑娘，但作为方士我能察觉到…她可不一般。嗯…名字也不见宝诰之中，究竟是哪尊呢…"
      },
      {
        "Title": "关于辛焱…",
        "Context": "我会尽可能避开辛焱演出的区域。那般热烈的气氛，即使无意融入，也难免受其影响…我是说，会让人不自在。"
      },
      {
        "Title": "关于香菱…",
        "Context": "香菱做菜的手艺有口皆碑，但是她那些辛辣烫口的菜品我是绝对不会碰的…没有，没有什么…你看，史莱姆滑蘑菇？这能吃吗？"
      },
      {
        "Title": "关于申鹤…",
        "Context": "我曾听家中长辈聊起过她。她家的遭遇…很让人同情。原以为这次能够让分家的远亲重回家中，长辈们听说她还活着也都高兴坏了，说是要备上礼物，择个吉日好好聚聚。却没想到，平日根本见不到她的人影…等等，按辈分来算的话，我、我该不会…要叫她「小姨」吧…"
      },
      {
        "Title": "关于夜兰…",
        "Context": "我初任方士那会儿，受邀到委托人家中驱邪，离开时，曾撞见过这位女性。她把我的名字记在某个小册子里，或许是想确认我有没有做值得怀疑的事吧。不过就那一次，后来再没遇见过她。\n现在想想，大概是因为我平日打坐总是一动不动，谁看着都会觉得无趣吧。"
      },
      {
        "Title": "想要了解重云·其一",
        "Context": "本事很重要，不然空有热血，只会坏事。对于这点，我深有体会。啊，倒不是我自己的体会，呃…是近年行走璃月，观看人间百态的感悟。"
      },
      {
        "Title": "想要了解重云·其二",
        "Context": "我天生是「纯阳之体」，据说千年难遇，所有鬼怪对我退避三舍。唉…这其实一点都不好，哪有见不着鬼怪的驱邪方士。"
      },
      {
        "Title": "想要了解重云·其三",
        "Context": "「纯阳之体」常常导致热血太盛，没少害我出糗。我不食辛辣高温、出门撑伞、回避激荡的音律，就是为了克制它。唉…什么时候这体质才能不妨碍我呢？"
      },
      {
        "Title": "想要了解重云·其四",
        "Context": "坐等妖邪现身是没用的，得主动寻访。我为璃月人镇邪，于人能免去烦愁，于我也能广开视野。如果你遇到邪祟搅扰，我一定也会立刻来帮你。"
      },
      {
        "Title": "想要了解重云·其五",
        "Context": "剿灭天下妖邪是我身为方士的最终目标，将来这个宏愿实现之后，不管是温泉、绝云椒椒还是别的什么…热血刺激的东西，我其实…都可以考虑。唔…不行。这样想想就会有些激动…不好不好。"
      },
      {
        "Title": "重云的爱好…",
        "Context": "我？嗯…我最喜欢的还是听说书。茶博士总是能把各种奇闻怪谈讲得惊心动魄。有空不妨一道去听听。"
      },
      {
        "Title": "重云的烦恼…",
        "Context": "经我多方打听，费了好大功夫，才找到一处破庙有妖邪出没！于是，我守了四天，却完全不见妖邪的影子。唉…这种事经常发生。"
      },
      {
        "Title": "喜欢的食物…",
        "Context": "每日修行完毕后，要是能吃上稻妻运来的生鲜还有冷餐就好了，那种冰凉清爽的口感能缓解所有疲劳。"
      },
      {
        "Title": "讨厌的食物…",
        "Context": "所有又烫又辣的食物我都不能入口。如果是有绝云椒椒的菜，啊，想想就吓人。"
      },
      {
        "Title": "收到赠礼·其一",
        "Context": "口感凉爽，正合我意！我要多留一些，等到修行完毕后再来享用。"
      },
      {
        "Title": "收到赠礼·其二",
        "Context": "不好意思啊。明明是你的一片心意，我却只能放凉再吃…"
      },
      {
        "Title": "收到赠礼·其三",
        "Context": "糟糕！这味道是…绝云椒椒？"
      },
      {
        "Title": "生日…",
        "Context": "今天是你的生辰，这朵冰晶结成的小花送你，是我自己雕的。如果遇到妖邪，掷出冰花，我封入的咒术自会生效，助你脱险。啊…还有，生日快乐。"
      },
      {
        "Title": "突破的感受·起",
        "Context": "驱邪的术法也常常用到这些材料，没想到还能用于提升自己的灵气。"
      },
      {
        "Title": "突破的感受·承",
        "Context": "习武与术法一样，都有境界。受你指导，我又有进益了。"
      },
      {
        "Title": "突破的感受·转",
        "Context": "原来习武之道还有这样一种境界，手眼相通，人与剑合…嗯，我悟到了！"
      },
      {
        "Title": "突破的感受·合",
        "Context": "领悟了这些武技，「剿灭天下妖邪」的愿望或许就能达成了。你一路相助，我当然铭感在心，今后赴汤蹈火在所不辞。"
      },
      {
        "Title": "元素战技·其一",
        "Context": "剑印染冰！"
      },
      {
        "Title": "元素战技·其二",
        "Context": "剑，出！"
      },
      {
        "Title": "元素战技·其三",
        "Context": "急如敕令。"
      },
      {
        "Title": "元素战技·其四",
        "Context": "听我法旨。"
      },
      {
        "Title": "元素爆发·其一",
        "Context": "邪魔退去！"
      },
      {
        "Title": "元素爆发·其二",
        "Context": "宝印幻剑！"
      },
      {
        "Title": "元素爆发·其三",
        "Context": "束手伏诛吧。"
      },
      {
        "Title": "打开风之翼·其一",
        "Context": "且看踏风纵云的本领。"
      },
      {
        "Title": "打开宝箱·其一",
        "Context": "这等器物，有助于驱邪除魔。"
      },
      {
        "Title": "打开宝箱·其二",
        "Context": "不枉你我一番劳苦！"
      },
      {
        "Title": "打开宝箱·其三",
        "Context": "意外之喜。"
      },
      {
        "Title": "生命值低·其一",
        "Context": "小伤不足挂齿。"
      },
      {
        "Title": "生命值低·其二",
        "Context": "不能再轻敌了。"
      },
      {
        "Title": "生命值低·其三",
        "Context": "你莫猖狂！"
      },
      {
        "Title": "同伴生命值低·其一",
        "Context": "我来助你。"
      },
      {
        "Title": "同伴生命值低·其二",
        "Context": "务必撑住！"
      },
      {
        "Title": "倒下·其一",
        "Context": "还是技不如人吗…"
      },
      {
        "Title": "倒下·其二",
        "Context": "妖邪…未除…"
      },
      {
        "Title": "倒下·其三",
        "Context": "辱没了…方士一门…"
      },
      {
        "Title": "重受击·其一",
        "Context": "居然！"
      },
      {
        "Title": "加入队伍·其一",
        "Context": "得令。"
      },
      {
        "Title": "加入队伍·其二",
        "Context": "我有咒毒杀鬼方。"
      },
      {
        "Title": "加入队伍·其三",
        "Context": "是去练功么？"
      }
    ],
    "FetterStories": [
      {
        "Title": "角色详细",
        "Context": "璃月港悠长的历史中，各种妖邪异闻从未断绝。无论真相如何，总要有人出面解决。\n重云出生于知名驱邪世家，自幼便拥有能够慑退鬼怪的「纯阳之体」。他的驱邪之法异于常人，只需在异闻之地静坐一番，妖邪当即四散。\n但这对重云来说，是个很大的困扰——单论驱邪之事，他已身经百战。可迄今为止，他连半张妖邪的正脸都没见过。\n重云心中自知：依赖「纯阳之体」终归是取巧，咒法与剑术才是正道。\n因此，他苦心研习方术与武技，四处寻访传闻中妖邪出没之地，以证明自己驱邪的本事与特殊体质无关。\n但…这体质究竟要到什么时候，才能不妨碍重云的自我证明之路呢？"
      },
      {
        "Title": "角色故事1",
        "Context": "重云初出茅庐时，璃月港内恰好流传着一桩怪谈。\n苦主是一位豪门阔太，身份高到与七星都能说上一两句话。\n不知从何时起，她的睡眠都饱受怪声骚扰。每到夜晚，声音便不请自来。若她想偷偷接近，怪声便一下窜到背后，紧贴着耳廓响起。\n个中惊恐，实在难以言说。阔太深受其害，茶饭不思，日渐消瘦。\n凭她的地位与财力，早已请遍天下知名驱邪方士。谁知，这些高手纷纷铩羽而归。怪声不但没有断绝，还愈演愈烈。\n眼见驱邪无望，阔太心如死灰。就在这时，重云踏入了她家大门。\n「前几天阳光太烈，没能出门…听说这里有很顽固的妖邪，请交给我吧。」\n重云借了把椅子，到大宅正中央静坐片刻。\n当晚，一切细声低语都消失了。\n阔太睡了一个久违的好觉。翌日清晨，她带上几大箱金银珠宝，亲自登门道谢。\n重云仍是那副不苟言笑的模样。满地珠宝他分文不取，只收了惯例的几百摩拉作为酬谢。\n自此，重云声名鹊起。其「行事风格」为璃月人所喜，更有书生题字赠他——心若冰清、面如霜寒。"
      },
      {
        "Title": "角色故事2",
        "Context": "事实上，重云的行事风格与「冰霜」之类，全然无关。\n生来就是「纯阳之体」的他，总是为自己易热的体质与过头的「热血」而困扰。\n为了压制这一体质，重云试遍各种偏方。\n不喝热水，不吃热食，不沾辛辣，不衣厚裳，不争执，不起怒，暴晒之日不出门，驱邪时必带伞…\n总之就是刻意避免与世间一切的「阳」产生接触。\n即便如此，「纯阳之体」丝毫未见衰弱。\n沮丧的他跟自己较起劲来，听说龙脊雪山上妖邪出没，便身着单衣入山。\n雪山严寒令重云体温骤降。可他觉得，光是这样远远不够，又在结冰的湖面上凿开一个洞，泡在冰水里静候妖邪。\n在这般极寒中等了许久，重云终于察觉到不寻常的气息，认定是这番苦守有了回报，兴奋地追赶上去。\n谁知，从山顶一直追到山腰，才发现那根本不是什么妖邪，只是一只被飞剑和浮空桃符吓到的雪兔。\n…在那之后，他发高烧的时间，也比常人多得多。"
      },
      {
        "Title": "角色故事3",
        "Context": "「纯阳之体」不仅是重云方士之路上的一大障碍，也是日常生活中的大麻烦。\n他对「阳」的存在非常敏感，稍不注意，阳气便会暴走，导致性情大变。\n重云的家族曾在「万民堂」举办祝宴，虽然他已经刻意等到菜凉再吃，却没想到「万民堂」的糯米丸子里包着「绝云椒椒」。\n一口下去，要说发生何事…重云自己都记不清了。\n但当时的受害者，「万民堂」掌厨香菱，至今还记得好多经典片段：\n哪怕身无分文，重云也毅然跳上掌柜长桌，高声大喊所有客人都由他一人买单；\n他与每一桌客人攀谈，勾肩搭背地介绍自家方术如何厉害，走时不忘吃一口别人桌上的菜；\n不知怎么，又说起「万民堂」中有妖邪，遍寻不着，倒是给香菱额头上来了一张符咒，举起长剑追得她四处奔逃。\n事后，为了弥补，重云省吃俭用一整月，才结清「万民堂」的账，还不得不附赠香菱一块亲手刻制的辟邪桃符。\n香菱倒是不在意重云的「冒犯」。在她看来，那场宴会上的重云，才是和大家距离最近的重云。"
      },
      {
        "Title": "角色故事4",
        "Context": "漫长的妖邪寻访之路上，重云喜获一名好友——行秋。\n与信奉勤学苦练的重云相比，行秋天生聪颖，看问题的方式也更机灵。\n听说重云的苦恼之后，行秋想到一个解决办法。\n「如果不是让纯阳之体失效，而是找到不会被纯阳之体吓跑的妖邪呢？」\n这句话点醒了重云。自此，重云每天不再费心削弱「纯阳之体」，转而邀请行秋一道探访不会被吓跑的妖邪。\n「什么？你说在云来海附近看到了传说中的傲因？好的，交给我吧！」\n「绯云坡的那间老宅，居然已经被恶鬼占据了吗？是我疏忽了，我现在就去。」\n「望舒客栈来了个驱邪高人？跟着他就能找到凶恶的妖邪了吧，那…不能空手去拜访，要准备点什么东西才行。」\n这些情报大多是行秋信口胡诌的。托他的福，重云往往败兴而归，苦着脸抱怨自己时运不济。\n「我尽力去找了，还重金购买妖邪情报！结果却是白跑一趟。」重云委屈地说。\n如果此时行秋闲着，便会笑容满面地劝重云打起精神，带他去吃新发现的冰凉小食，再帮他讨回被骗的钱。\n多么可靠又热心的朋友啊！重云感激地想。行秋真好，除了行秋，他还能相信谁呢？"
      },
      {
        "Title": "角色故事5",
        "Context": "重云也希望自己能更合群些。可为了把控「纯阳之体」，他总是被迫拒绝各路邀请。\n其中，他最难理解的行为，叫作「泡温泉」。\n一池热气蒸腾的浑水，居然要泡在那个里面——这可比龙脊雪山的冰湖还要恐怖一百倍。\n但他发现，每个人聊到温泉都是一脸向往，更有人声称水越烫越舒服，泡完温泉一整周都能活力无限。\n重云不明白，这究竟是真话，还是在刻意捉弄他。\n说不想尝试绝对是骗人的，可「纯阳之体」一日不消，他便一日不敢踏入温泉。\n某天，行秋问他：\n「如果有朝一日，你驾驭了纯阳之体，又斩尽天下妖邪，在那之后…你会去干什么呢？」\n看似无心的一句话，让重云再次陷入困扰——\n由于体质特殊，他错失了许多应有的人生体验。\n可他并不觉得遗憾。山重水复，柳暗花明，他已找到属于自己的答案。\n若那一天真的到来，就去泡温泉吧。"
      },
      {
        "Title": "《妖邪奇志家录》",
        "Context": "重云家世代传承的奇书，记载了所有被降伏的妖邪。\n从无名小妖，到活跃在奇谈志异中的大鬼，种类万千，令人眼花缭乱。\n重云正是受到书中一段段惊人逸闻的激励，才立下杀尽天下妖邪的志向。\n但对他来说，继承这本书录…也带来了一丝小小的不便。\n书中记载妖邪，除了文字记述，还配有绘图。历任传承者画技不一，却也尽心描摹出了妖邪的大体特征。\n可重云驱邪，向来见不到妖邪形貌。又不能因此坏了插图配文的规矩，为此绞尽脑汁。\n走投无路的重云只能根据想象，自由编绘一些奇奇怪怪的插图。\n——由此，《妖邪奇志家录》变得越发清奇。要是看到七只鸡翅五条鸡腿的凶兽，或是半鱼半丘丘人模样的妖孽，最好不要过分深究。"
      },
      {
        "Title": "神之眼",
        "Context": "「我看其他方士又是舞剑又是贴符的，你在这儿坐了一会儿就说事毕，还想让我付钱？糊弄谁呢！」\n初任方士时，重云屡受质疑。\n一大难题就此压在他头上：比起屋里「有妖邪」，「没有妖邪」难证明得多。\n与任何一位舞剑驭符的方士相比，他都更像是一个江湖骗子。\n空有一身本领却无处施展，被迫忍受委托人的质疑，由于害怕阳气暴走，还要努力压制热血辩驳的冲动…\n到最后，来向他道歉的人也没有几个。\n可就算如此，重云也不愿随波逐流，用装模作样的法事掩盖真正的驱邪方式。\n哪怕受到体质干扰，重云也从未有过放弃的念头。\n总有一天，他会成为璃月首屈一指的驱邪师，还要驾驭住这纯阳之体，让全天下妖邪消失殆尽。\n或许是这份惊人的斗志受到了神的肯定——重云得到的「神之眼」，竟是与「火」相对的「冰」。\n至于这「神之眼」是回应他哪个想法而降临，就不得而知了。"
      }
    ]
  },
  "Costumes": [
    {
      "Id": 203600,
      "Name": "清正灵台",
      "Description": "重云的装扮款式。方士一族家传的驱邪装束。",
      "IsDefault": true
    }
  ],
  "CultivationItems": [
    104164,
    113010,
    100058,
    112007,
    104315,
    113005
  ],
  "NameCard": {
    "Name": "重云·灵刃",
    "Description": "名片纹饰。\n 本意只是用冰来制作桃木剑。不过做大了之后比起桃木更好驱魔了。",
    "Icon": "UI_NameCardIcon_Chongyun",
    "PicturePrefix": "UI_NameCardPic_Chongyun"
  }
}