{
  "Id": 10000027,
  "PromoteId": 27,
  "Sort": 15,
  "Body": 3,
  "Icon": "UI_AvatarIcon_Ningguang",
  "SideIcon": "UI_AvatarIcon_Side_Ningguang",
  "Name": "凝光",
  "Description": "「璃月七星」中的「天权」，其名下财富之多，全大陆鲜有人能望其项背。",
  "BeginTime": "2020-09-15T04:00:00+08:00",
  "Quality": 4,
  "Weapon": 10,
  "BaseValue": {
    "HpBase": 820.6119,
    "AttackBase": 17.808,
    "DefenseBase": 48.069
  },
  "GrowCurves": [
    {
      "Type": 1,
      "Value": 22
    },
    {
      "Type": 4,
      "Value": 32
    },
    {
      "Type": 7,
      "Value": 22
    }
  ],
  "SkillDepot": {
    "Arkhe": 0,
    "Skills": [
      {
        "GroupId": 2731,
        "Proud": {
          "Descriptions": [
            "普通攻击伤害|{param1:F1P}",
            "重击伤害|{param2:P}",
            "星璇伤害|每个{param3:F1P}",
            "重击体力消耗|{param4:F1}点",
            "下坠期间伤害|{param5:F1P}",
            "低空/高空坠地冲击伤害|{param6:P}/{param7:P}"
          ],
          "Parameters": [
            {
              "Level": 1,
              "Parameters": [
                0.28,
                1.7408,
                0.496,
                50,
                0.568288,
                1.136335,
                1.419344
              ]
            },
            {
              "Level": 2,
              "Parameters": [
                0.301,
                1.87136,
                0.5332,
                50,
                0.614544,
                1.228828,
                1.534872
              ]
            },
            {
              "Level": 3,
              "Parameters": [
                0.322,
                2.00192,
                0.5704,
                50,
                0.6608,
                1.32132,
                1.6504
              ]
            },
            {
              "Level": 4,
              "Parameters": [
                0.35,
                2.176,
                0.62,
                50,
                0.72688,
                1.453452,
                1.81544
              ]
            },
            {
              "Level": 5,
              "Parameters": [
                0.371,
                2.30656,
                0.6572,
                50,
                0.773136,
                1.545944,
                1.930968
              ]
            },
            {
              "Level": 6,
              "Parameters": [
                0.392,
                2.43712,
                0.6944,
                50,
                0.826,
                1.65165,
                2.063
              ]
            },
            {
              "Level": 7,
              "Parameters": [
                0.42,
                2.6112,
                0.744,
                50,
                0.898688,
                1.796995,
                2.244544
              ]
            },
            {
              "Level": 8,
              "Parameters": [
                0.448,
                2.78528,
                0.7936,
                50,
                0.971376,
                1.94234,
                2.426088
              ]
            },
            {
              "Level": 9,
              "Parameters": [
                0.476,
                2.95936,
                0.8432,
                50,
                1.044064,
                2.087686,
                2.607632
              ]
            },
            {
              "Level": 10,
              "Parameters": [
                0.504,
                3.13344,
                0.8928,
                50,
                1.12336,
                2.246244,
                2.80568
              ]
            },
            {
              "Level": 11,
              "Parameters": [
                0.53312,
                3.314483,
                0.944384,
                50,
                1.202656,
                2.404802,
                3.003728
              ]
            },
            {
              "Level": 12,
              "Parameters": [
                0.5712,
                3.551232,
                1.01184,
                50,
                1.281952,
                2.563361,
                3.201776
              ]
            },
            {
              "Level": 13,
              "Parameters": [
                0.60928,
                3.787981,
                1.079296,
                50,
                1.361248,
                2.721919,
                3.399824
              ]
            },
            {
              "Level": 14,
              "Parameters": [
                0.64736,
                4.02473,
                1.146752,
                50,
                1.440544,
                2.880478,
                3.597872
              ]
            },
            {
              "Level": 15,
              "Parameters": [
                0.68544,
                4.261478,
                1.214208,
                50,
                1.51984,
                3.039036,
                3.79592
              ]
            }
          ]
        },
        "Id": 10271,
        "Name": "普通攻击·千金掷",
        "Description": "<color=#FFD780FF>普通攻击</color>\n发射宝石，造成<color=#FFE699FF>岩元素伤害</color>。\n命中时，赋予凝光一枚星璇。\n\n<color=#FFD780FF>重击</color>\n消耗体力，发射一颗巨型宝石，造成<color=#FFE699FF>岩元素伤害</color>。\n若凝光拥有星璇，施放重击时会将所有星璇一同发射，造成额外的伤害。\n\n<color=#FFD780FF>下落攻击</color>\n凝聚晶岩的力量，从空中下坠冲击地面，攻击下落路径上的敌人，并在落地时造成<color=#FFE699FF>岩元素范围伤害</color>。",
        "Icon": "Skill_A_Catalyst_MD"
      },
      {
        "GroupId": 2732,
        "Proud": {
          "Descriptions": [
            "继承生命|{param3:F1P}",
            "技能伤害|{param2:P}",
            "冷却时间|{param4:F1}秒"
          ],
          "Parameters": [
            {
              "Level": 1,
              "Parameters": [
                -0.499,
                2.304,
                0.501,
                12
              ]
            },
            {
              "Level": 2,
              "Parameters": [
                -0.469,
                2.4768,
                0.531,
                12
              ]
            },
            {
              "Level": 3,
              "Parameters": [
                -0.439,
                2.6496,
                0.561,
                12
              ]
            },
            {
              "Level": 4,
              "Parameters": [
                -0.4,
                2.88,
                0.6,
                12
              ]
            },
            {
              "Level": 5,
              "Parameters": [
                -0.37,
                3.0528,
                0.63,
                12
              ]
            },
            {
              "Level": 6,
              "Parameters": [
                -0.34,
                3.2256,
                0.66,
                12
              ]
            },
            {
              "Level": 7,
              "Parameters": [
                -0.301,
                3.456,
                0.699,
                12
              ]
            },
            {
              "Level": 8,
              "Parameters": [
                -0.262,
                3.6864,
                0.738,
                12
              ]
            },
            {
              "Level": 9,
              "Parameters": [
                -0.223,
                3.9168,
                0.777,
                12
              ]
            },
            {
              "Level": 10,
              "Parameters": [
                -0.184,
                4.1472,
                0.816,
                12
              ]
            },
            {
              "Level": 11,
              "Parameters": [
                -0.145,
                4.3776,
                0.855,
                12
              ]
            },
            {
              "Level": 12,
              "Parameters": [
                -0.106,
                4.608,
                0.894,
                12
              ]
            },
            {
              "Level": 13,
              "Parameters": [
                -0.067,
                4.896,
                0.933,
                12
              ]
            },
            {
              "Level": 14,
              "Parameters": [
                -0.028,
                5.184,
                0.972,
                12
              ]
            },
            {
              "Level": 15,
              "Parameters": [
                0.011,
                5.472,
                1.011,
                12
              ]
            }
          ]
        },
        "Id": 10272,
        "Name": "璇玑屏",
        "Description": "借由黄金、黑曜岩与强者的余裕，构建出坚固的璇玑屏，并造成<color=#FFE699FF>岩元素范围伤害</color>。\n\n<color=#FFD780FF>璇玑屏</color>\n·阻挡敌人发射的投射物；\n·耐久度按比例继承凝光的生命值上限。\n\n璇玑屏被视为<color=#FFE699FF>岩元素创造物</color>，可以阻挡部分攻击，不可攀爬。同时只能存在一个。\n\n<i>星罗棋布，璇玑合屏。</i>",
        "Icon": "Skill_S_Ningguang_01"
      }
    ],
    "EnergySkill": {
      "GroupId": 2739,
      "Proud": {
        "Descriptions": [
          "宝石伤害|每个{param1:F1P}",
          "冷却时间|{param2:F1}秒",
          "元素能量|{param3:I}"
        ],
        "Parameters": [
          {
            "Level": 1,
            "Parameters": [
              0.8696,
              12,
              40
            ]
          },
          {
            "Level": 2,
            "Parameters": [
              0.93482,
              12,
              40
            ]
          },
          {
            "Level": 3,
            "Parameters": [
              1.00004,
              12,
              40
            ]
          },
          {
            "Level": 4,
            "Parameters": [
              1.087,
              12,
              40
            ]
          },
          {
            "Level": 5,
            "Parameters": [
              1.15222,
              12,
              40
            ]
          },
          {
            "Level": 6,
            "Parameters": [
              1.21744,
              12,
              40
            ]
          },
          {
            "Level": 7,
            "Parameters": [
              1.3044,
              12,
              40
            ]
          },
          {
            "Level": 8,
            "Parameters": [
              1.39136,
              12,
              40
            ]
          },
          {
            "Level": 9,
            "Parameters": [
              1.47832,
              12,
              40
            ]
          },
          {
            "Level": 10,
            "Parameters": [
              1.56528,
              12,
              40
            ]
          },
          {
            "Level": 11,
            "Parameters": [
              1.65224,
              12,
              40
            ]
          },
          {
            "Level": 12,
            "Parameters": [
              1.7392,
              12,
              40
            ]
          },
          {
            "Level": 13,
            "Parameters": [
              1.8479,
              12,
              40
            ]
          },
          {
            "Level": 14,
            "Parameters": [
              1.9566,
              12,
              40
            ]
          },
          {
            "Level": 15,
            "Parameters": [
              2.0653,
              12,
              40
            ]
          }
        ]
      },
      "Id": 10274,
      "Name": "天权崩玉",
      "Description": "凝光在身边凝聚诸多宝石，散之一瞬，自动索敌打击附近的敌人，造成大量<color=#FFE699FF>岩元素伤害</color>。\n施放天权崩玉时，如果附近有璇玑屏存在，璇玑屏将发射额外的宝石飞弹协同攻击。\n\n<i>星散玉崩，尽灭群丑。</i>",
      "Icon": "Skill_E_Ningguang_01"
    },
    "Inherents": [
      {
        "GroupId": 2721,
        "Proud": {
          "Descriptions": [],
          "Parameters": [
            {
              "Level": 1,
              "Parameters": []
            }
          ]
        },
        "Id": 272101,
        "Name": "星移势转",
        "Description": "拥有星璇时，凝光的重击不会消耗体力。",
        "Icon": "UI_Talent_S_Ningguang_02"
      },
      {
        "GroupId": 2722,
        "Proud": {
          "Descriptions": [],
          "Parameters": [
            {
              "Level": 1,
              "Parameters": [
                0.12,
                10
              ]
            }
          ]
        },
        "Id": 272201,
        "Name": "储之千日，用之一刻",
        "Description": "穿过<color=#FFD780FF>璇玑屏</color>的角色会获得12%<color=#FFE699FF>岩元素伤害加成</color>，持续10秒。",
        "Icon": "UI_Talent_S_Ningguang_06"
      },
      {
        "GroupId": 2723,
        "Proud": {
          "Descriptions": [],
          "Parameters": [
            {
              "Level": 1,
              "Parameters": []
            }
          ]
        },
        "Id": 272301,
        "Name": "奇石珠宝录",
        "Description": "在小地图上显示周围能产出<color=#FFD780FF>锻造用矿石的矿脉</color>位置。",
        "Icon": "UI_Talent_Collect_Ore"
      }
    ],
    "Talents": [
      {
        "Id": 271,
        "Name": "悬星尽散击云碎",
        "Description": "普通攻击命中时，会造成范围伤害。",
        "Icon": "UI_Talent_S_Ningguang_01"
      },
      {
        "Id": 272,
        "Name": "璇玑合璧镇昆仑",
        "Description": "<color=#FFD780FF>璇玑屏</color>碎裂时，会清除冷却时间。\n该效果每6秒只能触发一次。",
        "Icon": "UI_Talent_S_Ningguang_05"
      },
      {
        "Id": 273,
        "Name": "星罗宿列天权临",
        "Description": "<color=#FFD780FF>天权崩玉</color>的技能等级提高3级。\n至多提升至15级。",
        "Icon": "UI_Talent_U_Ningguang_02",
        "ExtraLevel": {
          "Index": 9,
          "Level": 3
        }
      },
      {
        "Id": 274,
        "Name": "攻守易形著神机",
        "Description": "<color=#FFD780FF>璇玑屏</color>会使周围角色的所有元素抗性提升10%。",
        "Icon": "UI_Talent_S_Ningguang_03"
      },
      {
        "Id": 275,
        "Name": "琼屏千扇正天衡",
        "Description": "<color=#FFD780FF>璇玑屏</color>的技能等级提高3级。\n至多提升至15级。",
        "Icon": "UI_Talent_U_Ningguang_01",
        "ExtraLevel": {
          "Index": 2,
          "Level": 3
        }
      },
      {
        "Id": 276,
        "Name": "七星璨璨凝流光",
        "Description": "施放<color=#FFD780FF>天权崩玉</color>时，会为凝光生成七枚星璇。",
        "Icon": "UI_Talent_S_Ningguang_04"
      }
    ]
  },
  "FetterInfo": {
    "Title": "掩月天权",
    "Detail": "「璃月七星」中的「天权」，其名下财富之多，全大陆鲜有人能望其项背。",
    "Association": 2,
    "Native": "璃月七星",
    "BirthMonth": 8,
    "BirthDay": 26,
    "VisionBefore": "岩",
    "ConstellationBefore": "玑衡仪座",
    "CvChinese": "杜冥鸦",
    "CvJapanese": "大原沙耶香",
    "CvEnglish": "伊琳·艾伯丝",
    "CvKorean": "郭奎媄",
    "CookBonus": {
      "OriginItemId": 108093,
      "ItemId": 108139,
      "InputList": [
        100061,
        110001
      ]
    },
    "Fetters": [
      {
        "Title": "初次见面…",
        "Context": "我是七星之「天权」，凝光。要做个交易吗？你来做我的贴身侍卫，而我，会教导你在璃月出人头地的技巧。"
      },
      {
        "Title": "闲聊·古玩",
        "Context": "就算古玩价值连城，给人的快乐也只有刚拥有的一瞬。"
      },
      {
        "Title": "闲聊·商战",
        "Context": "在商战中，完美的猎手不会留下任何痕迹。"
      },
      {
        "Title": "闲聊·投资",
        "Context": "找笔新的投资吧。无论如何，摩拉都不会嫌多。"
      },
      {
        "Title": "下雨的时候…",
        "Context": "哦？下雨了啊。替我打伞吧。"
      },
      {
        "Title": "下雪的时候…",
        "Context": "不过是寻常雪景。我带你见见，真正的「碎雪」。"
      },
      {
        "Title": "阳光很好…",
        "Context": "风平浪静？呵，不要相信你的眼睛，眼睛会说谎。"
      },
      {
        "Title": "刮大风了…",
        "Context": "这样的大风天，会成为捕鱼人的灾难。也会成为…呵，没什么。"
      },
      {
        "Title": "早上好…",
        "Context": "早，按事情的轻重缓急向我禀报吧。"
      },
      {
        "Title": "中午好…",
        "Context": "「琉璃亭」和「新月轩」，你更常去哪一家？"
      },
      {
        "Title": "晚上好…",
        "Context": "茶馆已经客满了？那就来「群玉阁」坐坐吧。只要…你付得起价钱。"
      },
      {
        "Title": "晚安…",
        "Context": "嗯，去休息吧。要是发生了重要的事情，我会派人通知你的。"
      },
      {
        "Title": "关于凝光自己·观点",
        "Context": "无论是价格谈判还是商战博弈，声势和筹码都是次要的。想要取得胜利，就需要先去了解对手的底牌。"
      },
      {
        "Title": "关于凝光自己·印象",
        "Context": "觉得我给你的印象变了？呵…那时我需要借助你的力量，当然要让你觉得我亲切热情。但现在我已将你当作重要的「契约」伙伴，伙伴之间，就不用这些虚情假意了。"
      },
      {
        "Title": "关于我们·传言",
        "Context": "关于我的传言，最近听了不少吧。我究竟是怎样的人？用你自己的双眼分辨吧…当然，你的看法，也会成为传言的一部分。"
      },
      {
        "Title": "关于我们·观察",
        "Context": "跟了我那么久，你学会「观察」了吗。那么，试着来「观察」我吧，直到成为我的心腹为止。"
      },
      {
        "Title": "关于我们·群玉阁",
        "Context": "上前来，和我并肩站着。看到「群玉阁」了吗。它起初只有房间大小，如今却能遮蔽璃月上空。等到它的规模有朝一日笼罩七国，那时候，也这样和我并肩而立吧。"
      },
      {
        "Title": "关于「神之眼」…",
        "Context": "能用摩拉解决的事情，就无需使用「神之眼」。至于用摩拉也解决不了的事情…至今我只遇到过一件。"
      },
      {
        "Title": "有什么想要分享·庄家",
        "Context": "赌徒永远会把希望寄托在下一颗骰子上…但最后赚钱的，当然是从来不碰骰子的庄家。"
      },
      {
        "Title": "有什么想要分享·目标",
        "Context": "帝君的离去，无论对璃月还是七星来说，都是不小的考验。我也很久没有像最近这样辗转反侧了。\n不过，我不会放弃我的目标。总有一日，我会让群玉阁投下的影子笼罩七国——"
      },
      {
        "Title": "感兴趣的见闻…",
        "Context": "璃月古代辞赋中不乏对于「琉璃百合」的溢美，但它现今却近乎灭绝，只在「玉京台」还有保留。名声在外却又不可多得，因此更加价格不菲。"
      },
      {
        "Title": "关于北斗·罚金",
        "Context": "那位…船长。明明也受到不少人推崇，却总是带头漠视规则。她缴纳的罚金，都够买一艘崭新的远洋船了吧。"
      },
      {
        "Title": "关于北斗·态度",
        "Context": "或许你没有遇到过这种糟糕的交流体验。将好话坏话说尽了，对方却依然自行其是。罢了，尽可能不要让我见到那位北斗船长。"
      },
      {
        "Title": "关于钟离…",
        "Context": "钟离…「往生堂」口中的这位先生，精通许多旁人不知的事物。但在掌握他的弱点之前，再优秀的棋子，也还不能为我所用。"
      },
      {
        "Title": "关于行秋…",
        "Context": "飞云商会的二公子，那种性格的人看不惯我，是很自然的，而我也不会去为难他。「道不同不相为谋」，说的就是这个道理。"
      },
      {
        "Title": "关于香菱…",
        "Context": "「万民堂」的小丫头…总是把对我的猜疑写在脸上。呵，要是让她知道了，这些年来我对「万民堂」的资助…她会露出怎样的表情来呢？"
      },
      {
        "Title": "关于甘雨…",
        "Context": "即使是甘雨，也不可过度依赖。璃月俗语说「百密终有一疏」。重要事情当前，只有自己亲手处理，亲眼查证，才可放心。"
      },
      {
        "Title": "关于瑶瑶…",
        "Context": "是在谈论甘雨正帮忙照看着的小姑娘么。呵，不用紧张，此事我并无声张的打算。就当那个船长，总能做一两件聪明事吧。对了，这瑶瑶，近来光顾着吃海产了，你得想办法劝劝甘雨，叫她为瑶瑶多补充些瓜果蔬菜才对。"
      },
      {
        "Title": "关于刻晴…",
        "Context": "「玉衡星」…她最近的变化可真不小。璃月究竟更需要曾经的她，还是更需要现在的她呢？可能要多花一些时间，才能判断吧。"
      },
      {
        "Title": "关于琴…",
        "Context": "蒙德城的代理团长，想必是一位严谨而又细腻的女性吧。且不说她恰如其分的用词，连每张信纸的边缘都折叠得一丝不苟。越是这些容易被人忽视的细节，越能透过它窥见一个人真正的品质。"
      },
      {
        "Title": "关于烟绯…",
        "Context": "烟绯？呵，某种意义上，她是个贴心的对手呢。若不是她「灵巧」地解释律法，为咨询者们提供各种「奇妙」的建议，要让我独自找到律法的缺口，逐步完善法典，怕是要多花数月的时间。"
      },
      {
        "Title": "关于申鹤…",
        "Context": "申鹤小姐近来可好？有劳你多多关照她了。你们帮忙重建群玉阁的事，我一直记在心里，也很是感激。啊，客套话就不多说了，我备了好茶，闲时多来坐坐吧。"
      },
      {
        "Title": "关于云堇…",
        "Context": "云堇啊…怎么样，你听得惯她的戏吗？起初可能是有些难懂，试着耐下性子多品味一下吧。我投资她的戏班不为别的，只是觉得，这般典雅的艺术，值得被一直传承下去。"
      },
      {
        "Title": "关于夜兰…",
        "Context": "她是个很有意思的人，对我而言，也是绝对可信之人。八面玲珑，才能无可挑剔。呵呵，既然同为聪明人，希望你们能相处愉快。"
      },
      {
        "Title": "关于闲云…",
        "Context": "再过些时日，我打算约闲云女士去茶室小坐。我恰巧收集了一些机巧玩物，想听听她的高见，也想趁此机会，听她讲讲仙人在璃月港生活的趣事。至于为我递这份邀请函的人选…你可有意？"
      },
      {
        "Title": "想要了解凝光·其一",
        "Context": "既然是你，就不用恪守那些繁文缛节了，可以随意一些。不过，希望你能珍惜我的时间，言简意赅地进行说明。"
      },
      {
        "Title": "想要了解凝光·其二",
        "Context": "我向来以为，孩子们最为天真纯粹，他们提供的情报也最有价值。那么，你又如何呢？你向我提供的东西，会是些什么呢。"
      },
      {
        "Title": "想要了解凝光·其三",
        "Context": "最近我在思考一个问题。如果能把你留在璃月，假以时日…或许能撬动这座城市的…呵，只是设想而已。这笔投资值不值，我还得再考虑考虑。"
      },
      {
        "Title": "想要了解凝光·其四",
        "Context": "你可以学我的做法，靠摩拉来为自己获取一些便利。但你要记住，摩拉维持的关系只能依仗一时。呵，这也是我从不用摩拉来试探你的理由。"
      },
      {
        "Title": "想要了解凝光·其五",
        "Context": "真是一笔不错的投资。虽然没有收益多少摩拉，但与你度过的这些时光，已是很不错的回报。呵，看来我又赢了——我，赌对了人。"
      },
      {
        "Title": "凝光的爱好…",
        "Context": "想来试试棋戏「璃月千年」么？正好也让我看看，你作为一名棋手的素质，究竟如何呢。"
      },
      {
        "Title": "凝光的烦恼…",
        "Context": "烦恼…哦？「璃月七星」的烦恼告诉了你…你的肩膀，能够承受得住吗？而且，如果你一不小心说出去了的话…"
      },
      {
        "Title": "喜欢的食物…",
        "Context": "用老鸡和猪骨小火久煮熬制高汤，淋在只取菜心的鲜嫩白菜上。我对饮食追求不深。平日里吃点这样的东西，也就够了。"
      },
      {
        "Title": "讨厌的食物…",
        "Context": "我见过有人每次宴会必点「黄金蟹」这种看上去显得大富大贵的食物，但我对此始终不敢恭维。如果你想用这样的料理宴请我，还不如直接给我摩拉。"
      },
      {
        "Title": "收到赠礼·其一",
        "Context": "不错。你总能出乎我的意料。"
      },
      {
        "Title": "收到赠礼·其二",
        "Context": "有时，没有把握关键要素，就等于徒劳无功…能明白么？"
      },
      {
        "Title": "收到赠礼·其三",
        "Context": "心意我领了。"
      },
      {
        "Title": "生日…",
        "Context": "#{M#这是选用上等的霓裳花织出的锦缎。这份是留给你的，这一份…等你找到自己的妹妹之后，拿去做件她喜欢的衣服吧。祝你们，生日快乐。}{F#这是选用上等的霓裳花织出的锦缎。拿去做件自己喜欢的衣服，过个开心点的生日吧。}"
      },
      {
        "Title": "突破的感受·起",
        "Context": "「武斗」缺乏风度，只能作为下策中的下策。"
      },
      {
        "Title": "突破的感受·承",
        "Context": "将时间和摩拉作为筹码，等价交换到「力量」吗…有趣。我认可它的价值。"
      },
      {
        "Title": "突破的感受·转",
        "Context": "你是怀着怎样的心情坚持的呢？嘘…不要说出来。让我多花一点时间来看透你。"
      },
      {
        "Title": "突破的感受·合",
        "Context": "我并不轻易肯定别人，但现在看来，我这赞扬是留不住了。呵…你做得很出色。要是我的手下能多一点像你这样的人…不，或许，有你一个就够了。"
      },
      {
        "Title": "元素战技·其一",
        "Context": "雕虫小技。"
      },
      {
        "Title": "元素战技·其二",
        "Context": "别白费功夫。"
      },
      {
        "Title": "元素战技·其三",
        "Context": "哼，劝你放弃。"
      },
      {
        "Title": "元素爆发·其一",
        "Context": "你的性命，我收下了。"
      },
      {
        "Title": "元素爆发·其二",
        "Context": "向我臣服吧。"
      },
      {
        "Title": "元素爆发·其三",
        "Context": "永别了。"
      },
      {
        "Title": "打开宝箱·其一",
        "Context": "好一双慧眼。"
      },
      {
        "Title": "打开宝箱·其二",
        "Context": "颗粒归仓。"
      },
      {
        "Title": "打开宝箱·其三",
        "Context": "财富，多多益善。"
      },
      {
        "Title": "生命值低·其一",
        "Context": "竟然敢伤我。"
      },
      {
        "Title": "生命值低·其二",
        "Context": "我记下了。"
      },
      {
        "Title": "生命值低·其三",
        "Context": "哼。"
      },
      {
        "Title": "同伴生命值低·其一",
        "Context": "如今的局面，你没有几成胜算。"
      },
      {
        "Title": "同伴生命值低·其二",
        "Context": "既然如此，就帮你一把。"
      },
      {
        "Title": "倒下·其一",
        "Context": "这世上之人，皆为棋子…"
      },
      {
        "Title": "倒下·其二",
        "Context": "胜负已分…真是无可奈何。"
      },
      {
        "Title": "倒下·其三",
        "Context": "这就是，「天权」的终焉？…"
      },
      {
        "Title": "普通受击·其一",
        "Context": "无礼。"
      },
      {
        "Title": "重受击·其一",
        "Context": "等着吧。"
      },
      {
        "Title": "重受击·其二",
        "Context": "血债血还。"
      },
      {
        "Title": "加入队伍·其一",
        "Context": "知道了。"
      },
      {
        "Title": "加入队伍·其二",
        "Context": "抓紧时间吧。"
      },
      {
        "Title": "加入队伍·其三",
        "Context": "不要让我失望。"
      }
    ],
    "FetterStories": [
      {
        "Title": "角色详细",
        "Context": "「璃月七星」掌管整个璃月港的商业运作，身居高位自然引得千万觊觎。小心驶得万年船是他们的共识，抛头露面不是他们喜爱的作风。\n但七星之中的「天权」星，凝光，是唯一的例外。\n敌人眼中厉害的商人、孩子眼中亲切的大姐姐、玉京台宴会上的名媛、甜食界不动如山的鉴赏家…提到凝光，所有人都能侃侃而谈，仿佛对她了如指掌。然而每个人口中的故事都不尽相同，甚至相去甚远。\n「凝光大人是个厉害人物」——所有故事中，只有这样一个共通之处。"
      },
      {
        "Title": "角色故事1",
        "Context": "璃月港上空漂浮着一座以浮石驱动的飞行宫殿。那是属于凝光的产业——「群玉阁」。\n天气晴朗时，站在宫门外的甲板上，便能俯瞰璃月港大半风光。\n如要处理重大商业事务，凝光定会来到这座天上宫阁，禁止旁人出入，只允许三名心腹陪侍在旁。心腹们翻阅资料，整合文书，一旦得出成果，便把摘要贴在墙上。凝光自己则一边欣赏璃月风景，一边倚栏静思。\n墙壁被资料盖满前，凝光一定会得到最佳方案。跟着，她碾碎所有资料，将大量碎屑撒向窗外，营造一场突如其来的碎雪。\n那些纸片上的字迹，在璃月港所有商人眼中，就像雪地里的墨渍一样扎眼。\n每当这阵「碎雪」降临，璃月商界必有天翻地覆。"
      },
      {
        "Title": "角色故事2",
        "Context": "「凝光大人什么都知道。」外来者常常会被璃月人如此告诫。\n想要钻漏子的商会、某位正在囤积货物的奸商、归港船队携带的违禁私货…对于这些或明或暗的信息，「天权」无一不知。\n某位须弥炼金术士到璃月游学，无意中查阅到黑岩厂十年前一笔夜泊石交易的账目。当夜，凝光的近侍便敲响了他的窗户，请他去「群玉阁」一叙。\n有谣言说，空中宫殿「群玉阁」被凝光施加了法术，能将璃月港每个人的悄悄话捕捉进去、复读出来，供凝光一一聆听。\n但凝光真正的「耳目」，却是那些在璃月港街头巷尾玩闹的孩子们。\n每一场机密会面，每一次秘密谈话，每一个陌生访客，都被他们看在眼里。孩子们聚在「凝光大姐姐」身边时，凝光手里的零食总能让他们知无不言，言无不尽。\n凝光会将孩童所说的信息抽丝剥茧。璃月港对她来说，再无秘密可言。\n她比任何人都明白「人情」这件商品的价值，所以才愿意将时间花费在市井之中。\n当然，还有一点点私心——凝光很喜欢孩子对她笑。"
      },
      {
        "Title": "角色故事3",
        "Context": "在赚钱这件事上，凝光与大部分人一样，永远不嫌钱多。\n她所挣得的钱，不仅能作为财富，更能作为一场又一场胜利的标志。\n凝光对民众温柔可亲，对同行则是迥异的态度。\n商场角力是她无可替代的刺激游戏，每位巨商大贾无奈让出的摩拉，都会让凝光脸上笑容更多一分。而商会任她自由调控的场面，则会让她每天都心情愉悦。\n一场又一场胜利后，「璃月七星」财力越发雄厚，整座璃月港也蒸蒸日上，将更多商机与财富带给凝光。利益环环相扣，形成完美闭环，对于这根链条，「璃月七星」都十分满意。\n常有人问，凝光万贯家财，为何还从商不辍？\n「万贯家财？那自然好。」\n面对如此奇怪的问题，凝光深感诧异。\n「可是，再多赚一摩拉，又有什么不好？」"
      },
      {
        "Title": "角色故事4",
        "Context": "生活在璃月，人人都需按规则出牌。规则会保护他们的利益不受侵犯，相应地，违规之人也将受到惩罚。\n这些规则源自璃月守护神「摩拉克斯」制订的古老律法，绝对可靠。璃月数千年历史中，历任「天权」对每条律法逐一修订，使其符合璃月不同阶段的社会需求。这些古老律法被整合成册，附带一本两百七十九页的注释，发放到所有璃月人手中。\n凝光喜欢这样的璃月港。井然的秩序能让商业更具活力，而她又比任何人都更理解秩序的细节。\n唯独一位名为「北斗」的船长，仗着她珍奇的货物与独一无二的商业情报，屡次视律法于不顾，出海私运禁货。在凝光眼中，她是璃月港的「害群之马」。\n身为「天权」，凝光对北斗的违规行为向来予以重罚。可北斗总是坦然接受，让凝光稍感意外。\n规矩之外，她私下也不断旁敲侧击，暗示北斗改变行事方式，为七星留下转圜余地。北斗却一直用「路见不平」、「扶危济困」及「养活船队」等理由敷衍搪塞，永远我行我素，对凝光的提点置若罔闻。\n久而久之，除了一句「油盐不进」，凝光对这位船长再无其他评价。"
      },
      {
        "Title": "角色故事5",
        "Context": "像凝光这样富有魅力又家财万贯的女性，自然不会缺少异性的追求。\n出身玉京台的贵公子、事业有成的年轻富商、周游七国的大船长，都愿费尽心思换取凝光嫣然一笑。甚至传说有一位枫丹廷来的大老板，与凝光聊过几句，便下令签订与璃月港的贸易合约。如此大手笔，只为能更多地见到凝光。\n凝光对每一位追求者都彬彬有礼，保持着优雅体面又令人不失臆想的距离。这也渐渐成为璃月街头巷尾的热门话题：凝光大人究竟爱谁？\n人们并不知道，凝光不会爱「有限」之物，也不愿被「有限」所困。\n「群玉阁」，这座飞行在璃月港上空，只属于凝光的宫殿。起初，它只有房间大小，如今已能遮蔽璃月上空真正的银月了。\n凝光赚来的无尽财富，有相当一部分用在了邀请顶级工匠不断扩建「群玉阁」上，使其变得越发庞大华贵。\n在凝光看来，「群玉阁」象征着她的权威与魄力，是象征她生意运转良好的符号。\n它是凝光最爱的事物，仅次于摩拉。它几乎像是「无限」的。\n终有一日，它的影子会笼罩七国。"
      },
      {
        "Title": "棋戏「璃月千年」",
        "Context": "为打发时间，凝光发明了一种棋。\n棋盘不仅按比例复制了璃月港的地形街道，商贩、茶馆、商肆、酒店、杂铺一应俱全，还配有六面、十面、十二面等各式骰子。玩家用骰子决定棋子步数，落在各个地点，便会触发不同事件。整场游戏以玩家手中的最终筹码数定胜负。\n根据凝光心情变化，棋的规则也随时改变。与人对弈，规则将以凝光手中的最新版本为准。\n在她心情最好的时候，甚至会叫人拿来笔纸，当场更新规则版本——目前还没人能赢下凝光一局，且最新规则已迭代到第三十二版的第六个子版本。\n对外发售的，是凝光眼中最简单易懂的第八版。而在普通民众看来，这规则依然太过繁复冗杂。\n但因棋子极为精美，购买者仍络绎不绝。\n事实上，为了棋子购入这种棋的人，比真正的玩家还多。"
      },
      {
        "Title": "神之眼",
        "Context": "谁也说不清「神之眼」是如何诞生的，它从来都是凭空出现，令无数不被认可的渴求者苦寻无门。\n而无主的「神之眼」的空壳，是使用者死后才会留下的东西。它不含任何元素力，也没有具体的方法能唤醒，只是有很小几率与人共鸣，且不允许多人反复尝试…\n凝光第一次见到这种空壳时，下意识想到：又有新的商机送上门来了。\n若是把这枚空壳拿去拍卖，定能让富人们豪掷千金。即便无法共鸣，拿去装点门楣，也不失为一件优越之事…\n要是有多种获取空壳的渠道，不就能促成一门长期买卖？\n凝光一边把玩「神之眼」的空壳，一边写着拍卖计划书。思及滚滚财源，她笑容愈发灿烂，正是在此刻，空壳之中光芒大作。\n随着「神之眼」觉醒，凝光的笑容也逐渐凝固。\n近侍推门进来，看见凝光手中觉醒的「神之眼」，连忙高声恭贺主人喜得至宝。\n凝光却满脸不悦，没好气地说：\n「有什么好恭喜的？都已经拆封了，这还卖得出去吗？！」"
      }
    ]
  },
  "Costumes": [
    {
      "Id": 202701,
      "Name": "纱中幽兰",
      "Description": "凝光的礼服装扮。绀蓝长裙勾勒出丽人优雅的曲线，脚踝上的蝶翼又为她平添了几分轻盈。",
      "IsDefault": false,
      "FrontIcon": "UI_AvatarIcon_NingguangCostumeFloral",
      "SideIcon": "UI_AvatarIcon_Side_NingguangCostumeFloral"
    },
    {
      "Id": 202700,
      "Name": "玑玉琼金",
      "Description": "凝光的装扮款式。绣工精巧、尽显雍容气度的飘逸裙装。",
      "IsDefault": true
    }
  ],
  "CultivationItems": [
    104174,
    113009,
    100030,
    112034,
    104312,
    113008
  ],
  "NameCard": {
    "Name": "凝光·凤仪",
    "Description": "名片纹饰。\n 常说「麟止凤仪，所患在少」。另一位不论，凝光大人这样的人，一个就够了…",
    "Icon": "UI_NameCardIcon_Ningguang",
    "PicturePrefix": "UI_NameCardPic_Ningguang"
  }
}