{
  "Id": 10000022,
  "PromoteId": 22,
  "Sort": 4,
  "Body": 1,
  "Icon": "UI_AvatarIcon_Venti",
  "SideIcon": "UI_AvatarIcon_Side_Venti",
  "Name": "温迪",
  "Description": "蒙德城诸多吟游诗人中的一位，自由自在地穿行在街头巷尾。",
  "BeginTime": "2020-09-15T04:00:00+08:00",
  "Quality": 5,
  "Weapon": 12,
  "BaseValue": {
    "HpBase": 819.8552,
    "AttackBase": 20.482,
    "DefenseBase": 52.0521
  },
  "GrowCurves": [
    {
      "Type": 1,
      "Value": 21
    },
    {
      "Type": 4,
      "Value": 31
    },
    {
      "Type": 7,
      "Value": 21
    }
  ],
  "SkillDepot": {
    "Arkhe": 0,
    "Skills": [
      {
        "GroupId": 2231,
        "Proud": {
          "Descriptions": [
            "一段伤害|{param1:F1P}+{param1:F1P}",
            "二段伤害|{param2:F1P}",
            "三段伤害|{param3:F1P}",
            "四段伤害|{param4:F1P}+{param4:F1P}",
            "五段伤害|{param5:F1P}",
            "六段伤害|{param6:F1P}",
            "瞄准射击|{param7:F1P}",
            "满蓄力瞄准射击|{param8:P}",
            "下坠期间伤害|{param9:F1P}",
            "低空/高空坠地冲击伤害|{param10:P}/{param11:P}"
          ],
          "Parameters": [
            {
              "Level": 1,
              "Parameters": [
                0.20382,
                0.44376,
                0.52374,
                0.26058,
                0.50654,
                0.7095,
                0.4386,
                1.24,
                0.568288,
                1.136335,
                1.419344
              ]
            },
            {
              "Level": 2,
              "Parameters": [
                0.22041,
                0.47988,
                0.56637,
                0.28179,
                0.54777,
                0.76725,
                0.4743,
                1.333,
                0.614544,
                1.228828,
                1.534872
              ]
            },
            {
              "Level": 3,
              "Parameters": [
                0.237,
                0.516,
                0.609,
                0.303,
                0.589,
                0.825,
                0.51,
                1.426,
                0.6608,
                1.32132,
                1.6504
              ]
            },
            {
              "Level": 4,
              "Parameters": [
                0.2607,
                0.5676,
                0.6699,
                0.3333,
                0.6479,
                0.9075,
                0.561,
                1.55,
                0.72688,
                1.453452,
                1.81544
              ]
            },
            {
              "Level": 5,
              "Parameters": [
                0.27729,
                0.60372,
                0.71253,
                0.35451,
                0.68913,
                0.96525,
                0.5967,
                1.643,
                0.773136,
                1.545944,
                1.930968
              ]
            },
            {
              "Level": 6,
              "Parameters": [
                0.29625,
                0.645,
                0.76125,
                0.37875,
                0.73625,
                1.03125,
                0.6375,
                1.736,
                0.826,
                1.65165,
                2.063
              ]
            },
            {
              "Level": 7,
              "Parameters": [
                0.32232,
                0.70176,
                0.82824,
                0.41208,
                0.80104,
                1.122,
                0.6936,
                1.86,
                0.898688,
                1.796995,
                2.244544
              ]
            },
            {
              "Level": 8,
              "Parameters": [
                0.34839,
                0.75852,
                0.89523,
                0.44541,
                0.86583,
                1.21275,
                0.7497,
                1.984,
                0.971376,
                1.94234,
                2.426088
              ]
            },
            {
              "Level": 9,
              "Parameters": [
                0.37446,
                0.81528,
                0.96222,
                0.47874,
                0.93062,
                1.3035,
                0.8058,
                2.108,
                1.044064,
                2.087686,
                2.607632
              ]
            },
            {
              "Level": 10,
              "Parameters": [
                0.4029,
                0.8772,
                1.0353,
                0.5151,
                1.0013,
                1.4025,
                0.867,
                2.232,
                1.12336,
                2.246244,
                2.80568
              ]
            },
            {
              "Level": 11,
              "Parameters": [
                0.435487,
                0.94815,
                1.119037,
                0.556762,
                1.082288,
                1.515937,
                0.937125,
                2.36096,
                1.202656,
                2.404802,
                3.003728
              ]
            },
            {
              "Level": 12,
              "Parameters": [
                0.47381,
                1.031587,
                1.217513,
                0.605758,
                1.177529,
                1.64934,
                1.019592,
                2.5296,
                1.281952,
                2.563361,
                3.201776
              ]
            },
            {
              "Level": 13,
              "Parameters": [
                0.512133,
                1.115024,
                1.315988,
                0.654753,
                1.27277,
                1.782742,
                1.102059,
                2.69824,
                1.361248,
                2.721919,
                3.399824
              ]
            },
            {
              "Level": 14,
              "Parameters": [
                0.550456,
                1.198462,
                1.414463,
                0.703748,
                1.368011,
                1.916145,
                1.184526,
                2.86688,
                1.440544,
                2.880478,
                3.597872
              ]
            },
            {
              "Level": 15,
              "Parameters": [
                0.592263,
                1.289484,
                1.521891,
                0.757197,
                1.471911,
                2.061675,
                1.27449,
                3.03552,
                1.51984,
                3.039036,
                3.79592
              ]
            }
          ]
        },
        "Id": 10221,
        "Name": "普通攻击·神代射术",
        "Description": "<color=#FFD780FF>普通攻击</color>\n进行至多六段的连续弓箭射击。\n\n<color=#FFD780FF>重击</color>\n进行伤害更高、更为精准的<color=#FFD780FF>瞄准射击</color>。\n瞄准时，眷顾天地的风会在箭矢上持续积聚。聚满了风之力的箭矢会造成<color=#80FFD7FF>风元素伤害</color>。\n\n<color=#FFD780FF>下落攻击</color>\n从空中射出箭雨，并迅速下坠冲击地面，在落地时造成范围伤害。",
        "Icon": "Skill_A_02"
      },
      {
        "GroupId": 2232,
        "Proud": {
          "Descriptions": [
            "点按伤害|{param1:P}",
            "点按冷却时间|{param2:F1}秒",
            "长按伤害|{param3:P}",
            "长按冷却时间|{param4:F1}秒"
          ],
          "Parameters": [
            {
              "Level": 1,
              "Parameters": [
                2.76,
                6,
                3.8,
                15
              ]
            },
            {
              "Level": 2,
              "Parameters": [
                2.967,
                6,
                4.085,
                15
              ]
            },
            {
              "Level": 3,
              "Parameters": [
                3.174,
                6,
                4.37,
                15
              ]
            },
            {
              "Level": 4,
              "Parameters": [
                3.45,
                6,
                4.75,
                15
              ]
            },
            {
              "Level": 5,
              "Parameters": [
                3.657,
                6,
                5.035,
                15
              ]
            },
            {
              "Level": 6,
              "Parameters": [
                3.864,
                6,
                5.32,
                15
              ]
            },
            {
              "Level": 7,
              "Parameters": [
                4.14,
                6,
                5.7,
                15
              ]
            },
            {
              "Level": 8,
              "Parameters": [
                4.416,
                6,
                6.08,
                15
              ]
            },
            {
              "Level": 9,
              "Parameters": [
                4.692,
                6,
                6.46,
                15
              ]
            },
            {
              "Level": 10,
              "Parameters": [
                4.968,
                6,
                6.84,
                15
              ]
            },
            {
              "Level": 11,
              "Parameters": [
                5.244,
                6,
                7.22,
                15
              ]
            },
            {
              "Level": 12,
              "Parameters": [
                5.52,
                6,
                7.6,
                15
              ]
            },
            {
              "Level": 13,
              "Parameters": [
                5.865,
                6,
                8.075,
                15
              ]
            },
            {
              "Level": 14,
              "Parameters": [
                6.21,
                6,
                8.55,
                15
              ]
            },
            {
              "Level": 15,
              "Parameters": [
                6.555,
                6,
                9.025,
                15
              ]
            }
          ]
        },
        "Id": 10224,
        "Name": "高天之歌",
        "Description": "呼唤与诗和乐协鸣的风，将在尘泥中行走的事物送上高空吧。\n\n<color=#FFD780FF>点按</color>\n在敌人所在的位置唤出风域，造成<color=#80FFD7FF>风元素范围伤害</color>，并击飞其中的敌人。\n\n<color=#FFD780FF>长按</color>\n以自身为中心，唤出更大的风域，造成<color=#80FFD7FF>风元素范围伤害</color>，并击飞其中的敌人。\n长按施放后，温迪会乘风飞到空中。\n\n被高天之歌击飞的敌人，在短时间内会缓慢坠落。\n\n<i>在人与神还同行于大地的时代，无数的歌曲传遍四方的天空。这是早已被遗忘的曲调。</i>",
        "Icon": "Skill_S_Venti_01"
      }
    ],
    "EnergySkill": {
      "GroupId": 2239,
      "Proud": {
        "Descriptions": [
          "持续伤害|{param1:F1P}",
          "附加元素伤害|{param2:F1P}",
          "持续时间|{param3:F1}秒",
          "冷却时间|{param4:F1}秒",
          "元素能量|{param5:I}"
        ],
        "Parameters": [
          {
            "Level": 1,
            "Parameters": [
              0.376,
              0.188,
              8,
              15,
              60
            ]
          },
          {
            "Level": 2,
            "Parameters": [
              0.4042,
              0.2021,
              8,
              15,
              60
            ]
          },
          {
            "Level": 3,
            "Parameters": [
              0.4324,
              0.2162,
              8,
              15,
              60
            ]
          },
          {
            "Level": 4,
            "Parameters": [
              0.47,
              0.235,
              8,
              15,
              60
            ]
          },
          {
            "Level": 5,
            "Parameters": [
              0.4982,
              0.2491,
              8,
              15,
              60
            ]
          },
          {
            "Level": 6,
            "Parameters": [
              0.5264,
              0.2632,
              8,
              15,
              60
            ]
          },
          {
            "Level": 7,
            "Parameters": [
              0.564,
              0.282,
              8,
              15,
              60
            ]
          },
          {
            "Level": 8,
            "Parameters": [
              0.6016,
              0.3008,
              8,
              15,
              60
            ]
          },
          {
            "Level": 9,
            "Parameters": [
              0.6392,
              0.3196,
              8,
              15,
              60
            ]
          },
          {
            "Level": 10,
            "Parameters": [
              0.6768,
              0.3384,
              8,
              15,
              60
            ]
          },
          {
            "Level": 11,
            "Parameters": [
              0.7144,
              0.3572,
              8,
              15,
              60
            ]
          },
          {
            "Level": 12,
            "Parameters": [
              0.752,
              0.376,
              8,
              15,
              60
            ]
          },
          {
            "Level": 13,
            "Parameters": [
              0.799,
              0.3995,
              8,
              15,
              60
            ]
          },
          {
            "Level": 14,
            "Parameters": [
              0.846,
              0.423,
              8,
              15,
              60
            ]
          },
          {
            "Level": 15,
            "Parameters": [
              0.893,
              0.4465,
              8,
              15,
              60
            ]
          }
        ]
      },
      "Id": 10225,
      "Name": "风神之诗",
      "Description": "射出千风汇聚而成的箭矢，在前方造出巨大的暴风之眼，将敌人卷入，持续造成<color=#80FFD7FF>风元素伤害</color>。\n\n<color=#FFD780FF>元素转化</color>\n若暴风之眼在技能持续期间接触了<color=#80C0FFFF>水元素</color>/<color=#FF9999FF>火元素</color>/<color=#99FFFFFF>冰元素</color>/<color=#FFACFFFF>雷元素</color>，则会获得对应元素属性，额外造成该元素的附加伤害。\n元素转化在技能持续期间仅会发生一次。\n\n<i>称颂风之神的诗篇有许多已经佚失。其中这一首描述的是他与风的力量。</i>",
      "Icon": "Skill_E_Venti_01"
    },
    "Inherents": [
      {
        "GroupId": 2221,
        "Proud": {
          "Descriptions": [],
          "Parameters": [
            {
              "Level": 1,
              "Parameters": [
                20
              ]
            }
          ]
        },
        "Id": 222101,
        "Name": "绪风之拥",
        "Description": "长按<color=#FFD780FF>高天之歌</color>后，会产生上升气流，持续20秒。",
        "Icon": "UI_Talent_S_Venti_05"
      },
      {
        "GroupId": 2222,
        "Proud": {
          "Descriptions": [],
          "Parameters": [
            {
              "Level": 1,
              "Parameters": [
                15,
                15
              ]
            }
          ]
        },
        "Id": 222201,
        "Name": "暴风之眼",
        "Description": "<color=#FFD780FF>风神之诗</color>效果结束后，会为温迪恢复15点元素能量；\n若产生了元素转化，则同样为队伍中所有对应元素的角色恢复15点元素能量。",
        "Icon": "UI_Talent_S_Venti_06"
      },
      {
        "GroupId": 2223,
        "Proud": {
          "Descriptions": [],
          "Parameters": [
            {
              "Level": 1,
              "Parameters": []
            }
          ]
        },
        "Id": 222301,
        "Name": "恒风随行",
        "Description": "队伍中自己的角色滑翔消耗的体力降低20%。\n无法与效果完全相同的固有天赋叠加。",
        "Icon": "UI_Talent_Explosion_Glide"
      }
    ],
    "Talents": [
      {
        "Id": 221,
        "Name": "弦发的苍风",
        "Description": "<color=#FFD780FF>瞄准射击</color>会额外发射两枚分裂箭，分别造成原本33%的伤害。",
        "Icon": "UI_Talent_S_Venti_01"
      },
      {
        "Id": 222,
        "Name": "眷恋的泠风",
        "Description": "<color=#FFD780FF>高天之歌</color>会使敌人的<color=#80FFD7FF>风元素抗性</color>与物理抗性降低12%，持续10秒。\n被<color=#FFD780FF>高天之歌</color>击飞的敌人在落地前，<color=#80FFD7FF>风元素抗性</color>与物理抗性额外降低12%。",
        "Icon": "UI_Talent_S_Venti_02"
      },
      {
        "Id": 223,
        "Name": "千风的诗篇",
        "Description": "<color=#FFD780FF>风神之诗</color>的技能等级提高3级。\n至多提升至15级。",
        "Icon": "UI_Talent_U_Venti_02",
        "ExtraLevel": {
          "Index": 9,
          "Level": 3
        }
      },
      {
        "Id": 224,
        "Name": "自由的凛风",
        "Description": "温迪获取元素晶球或元素微粒后，获得25%<color=#80FFD7FF>风元素伤害加成</color>，持续10秒。",
        "Icon": "UI_Talent_S_Venti_03"
      },
      {
        "Id": 225,
        "Name": "高天的协奏",
        "Description": "<color=#FFD780FF>高天之歌</color>的技能等级提高3级。\n至多提升至15级。",
        "Icon": "UI_Talent_U_Venti_01",
        "ExtraLevel": {
          "Index": 2,
          "Level": 3
        }
      },
      {
        "Id": 226,
        "Name": "抗争的暴风",
        "Description": "受<color=#FFD780FF>风神之诗</color>伤害的敌人，<color=#80FFD7FF>风元素抗性</color>降低20%；\n若产生了元素转化，则使转换的元素抗性也降低20%。",
        "Icon": "UI_Talent_S_Venti_04"
      }
    ]
  },
  "FetterInfo": {
    "Title": "风色诗人",
    "Detail": "蒙德城诸多吟游诗人中的一位，自由自在地穿行在街头巷尾。",
    "Association": 1,
    "Native": "蒙德城",
    "BirthMonth": 6,
    "BirthDay": 16,
    "VisionBefore": "风",
    "VisionAfter": "风",
    "ConstellationBefore": "歌仙座",
    "ConstellationAfter": "歌仙座",
    "CvChinese": "喵酱",
    "CvJapanese": "村濑步",
    "CvEnglish": "艾丽卡·哈拉彻",
    "CvKorean": "郑侑廷",
    "CookBonus": {
      "OriginItemId": 108111,
      "ItemId": 108113,
      "InputList": [
        100013,
        100080,
        100076
      ]
    },
    "Fetters": [
      {
        "Title": "初次见面…",
        "Context": "哈…睡得好香呀。欸，你好呀，旅行者，我们又见面了。嗯？不记得我了？嘿嘿，那就让我再次加入你的旅程吧。你的诗篇，值得被我这个世上最好的吟游诗人传唱！"
      },
      {
        "Title": "闲聊·弹琴",
        "Context": "嗯…想接着听下去的话，送我一个苹果吧。"
      },
      {
        "Title": "闲聊·苹果酒",
        "Context": "嗯…好想坐在大树上，手边有喝不完的苹果酒。哎。"
      },
      {
        "Title": "闲聊·诗篇",
        "Context": "动身吧，旅行者。佚失的诗篇，还在等着我们呢。"
      },
      {
        "Title": "下雨的时候…",
        "Context": "来踩小水坑吧！看看谁溅出来的水花更大！"
      },
      {
        "Title": "雨过天晴…",
        "Context": "欸~这就天晴了？我还想多玩一会儿呢。"
      },
      {
        "Title": "下雪的时候…",
        "Context": "等雪积起来…我们来打雪仗吧！"
      },
      {
        "Title": "刮大风了…",
        "Context": "难得呀，要不要去飞一飞？"
      },
      {
        "Title": "早上好…",
        "Context": "早，准备开始新的冒险了么？"
      },
      {
        "Title": "中午好…",
        "Context": "咕…肚子饿了，又不敢再去晨曦酒庄蹭饭…啊，是你呀！欸嘿，要出门么？带我一个呗。"
      },
      {
        "Title": "晚上好…",
        "Context": "我还不困哦。要我陪你走走么？"
      },
      {
        "Title": "晚安…",
        "Context": "欸？要休息了吗？嘿嘿，晚安。"
      },
      {
        "Title": "关于温迪自己…",
        "Context": "练习？哼哼，我当然不需要啦，在这提瓦特就没有我不会唱的歌。"
      },
      {
        "Title": "关于我们·新歌",
        "Context": "我想把你写进新歌里！欸，怎么露出这种表情呀，担心付不起稿费吗？哈哈，摩拉就不要了，不如…跟我再讲讲你的故事吧！"
      },
      {
        "Title": "关于我们·勇者",
        "Context": "#唔…嗯！嘿嘿，等到勇者救出了{MATEAVATAR#SEXPRO[INFO_MALE_PRONOUN_BOYD|INFO_FEMALE_PRONOUN_GIRLD]}，我会第一时间让全大陆传唱这首歌谣。"
      },
      {
        "Title": "关于我们·使徒",
        "Context": "夜风凉爽，是适合成为神的使徒的天气！那么事不宜迟，快来向我献上供奉吧？"
      },
      {
        "Title": "关于我们·请求",
        "Context": "欸，要风神我更加努力一点？那你是不是也要展示点诚意呢。比如虔诚、热爱，或者说…"
      },
      {
        "Title": "关于「神之眼」…",
        "Context": "欸？好奇我的「神之眼」？喔…喏，给你。喜欢的话…要我给你做一个一样的么？嘿嘿嘿。"
      },
      {
        "Title": "有什么想要分享…",
        "Context": "Olah！嘿嘿，这是丘丘人打招呼用的话哦。问我学这个干嘛？哎呀，为了创作，知识面当然越广越好啊。唔，好像，我还没尝试过用丘丘语写歌呢…"
      },
      {
        "Title": "感兴趣的见闻…",
        "Context": "旅行者，你见过塞西莉亚花么？那是一种只在安静的山崖顶上默默绽放的白色野花。在我心里，它就是全提瓦特最美的花。"
      },
      {
        "Title": "关于琴…",
        "Context": "骑士团代理团长大人…你觉得她是个怎样的人？嘿嘿，跟我想得一样。认真，勇敢，也不乏温柔。和我一个朋友有点像呢…"
      },
      {
        "Title": "关于迪卢克…",
        "Context": "去跟迪卢克老爷处好关系吧？你想，他家可是有好~多~珍藏的酒啊！嘿嘿嘿，嘿嘿嘿嘿…咦，无论如何不准喝酒么？那…就去闻一闻吧，闻一闻！只是闻的话，你也可以喔。"
      },
      {
        "Title": "关于芭芭拉…",
        "Context": "唱歌很好听的牧师女孩儿，你认识么、你认识么？…唔，偶像？…啊，握手会？…嗯，专场live？…这样啊，音乐还真是深奥呐。"
      },
      {
        "Title": "关于雷泽…",
        "Context": "那个奔狼领的白发少年，哦哦，是吗，是被狼养大的啊…怪不得呢，他身上的气息，令人怀念…"
      },
      {
        "Title": "关于莫娜…",
        "Context": "啊，那位占星术士吗？这么说吧，占卜和我的诗歌一样，都是让人穷到酒钱都凑不齐的没用技术呢！欸？你说占星至少是一项文化传统，所以不是没用的？呜，真失礼啊，那诗歌也一样有用啊！"
      },
      {
        "Title": "关于迪奥娜…",
        "Context": "远近闻名的猫尾酒馆特调酒。可是…呜，会，打，打喷嚏。要不，你帮我讨一杯酒来吧。我肯定会好好感激你的，一言为定。"
      },
      {
        "Title": "关于阿贝多…",
        "Context": "黑土与白垩、宇宙与地层，无垢之土创生原初之人…特征实在太明显了，难以忽视呀。这么危险的古老技术，万一在城里失控——嗨，算了，就让蒙德人自己解决蒙德的问题吧。"
      },
      {
        "Title": "关于摩拉克斯…",
        "Context": "你见过那位老爷子了？他近来还好吗？欸，变成名叫「钟离」的普通人了？对他那个死脑筋而言，这应该是不小的改变啊。啊，陪我去见见他吧，带上这瓶埋在风起地的陈年好酒当作慰问品。啊对了，他现在还强不强，实力还剩几成啊？我这样过去，应该不会被打飞吧？"
      },
      {
        "Title": "关于优菈…",
        "Context": "优菈对酒的品位可是很不错的。无论夏天、冬天都要喝冰的这一点，在现在的蒙德人里也算难得啦。感觉能和她成为不错的酒友。嗯？你说我编排的劳伦斯家的歌…早已经传到了她的耳朵里？哈，那有什么关系嘛？说不定，我们还能一起唱呢。"
      },
      {
        "Title": "关于巴尔…",
        "Context": "听说，你把那位不可一世的雷电将军也击败了？啊…想当年她作为影武者的时候，就在追求极致的武技了。如今，也一定会借用各种各样的理由叫你做陪练吧。嗯嗯，偷偷告诉你她的弱点吧，耳朵凑过来——是「甜点心」哦！"
      },
      {
        "Title": "关于布耶尔…",
        "Context": "你说草神啊，说到草神，就会先想到她那关于「梦境」的权能吧？与我所作的那些诗歌一样，她所创造的梦境也一样充满了浪漫与想象，我们可是很合得来呢。"
      },
      {
        "Title": "关于芙宁娜…",
        "Context": "吟游诗人所擅长的，多是弹奏与演唱，可一位戏剧表演者所需要具备的能力，还远远不止这些…下次风花节把芙宁娜请过来一起表演怎么样？嗯？你想让我聊聊她拯救枫丹的事？有这样艺术才华的人就算拯救了整个世界，也毫不奇怪吧？"
      },
      {
        "Title": "关于赫布里穆…",
        "Context": "需要一个又一个的人类成为柴薪去对抗漆黑的威胁，这个世界还是真是不讲情面。但在玛薇卡的带领下，他们创造了堪比魔神的成就…嘿嘿，从「她」开始，纳塔人似乎一直就是这样呢。对了，我听说玛薇卡很喜欢喝酒对吧？要不然…"
      },
      {
        "Title": "想要了解温迪·其一",
        "Context": "来得正好，旅行者。我想听听，你的愿望是什么？"
      },
      {
        "Title": "想要了解温迪·其二",
        "Context": "跟你一起旅行真是件有趣的事，要说美中不足就是你身边的那只小不点了吧。那么能吃，你们的伙食费很了不得吧？哈哈。"
      },
      {
        "Title": "想要了解温迪·其三",
        "Context": "火之神是个横行霸道的战斗狂，岩之神是个不懂人心的死脑筋。问我怎么会知道这些？欸嘿，叙事诗里都写得一清二楚嘛，他们的故事。那个年代的故事。"
      },
      {
        "Title": "想要了解温迪·其四",
        "Context": "天空岛啊。连我也不一定飞得到那里呢。而且在那里，没有甜的水，也长不出什么好吃的果子。就更不会有好酒咯？嘿嘿，所以请我去我都不想去哦。"
      },
      {
        "Title": "想要了解温迪·其五",
        "Context": "我的愿望？嗯。以前，我想着要游历整个世界。现在也一样，不过嘛，加上了一份限定条件，那就是跟你一起。有你在，才是完整的。记叙者果然要和冒险者在一起才行嘛，嘿嘿！"
      },
      {
        "Title": "温迪的爱好…",
        "Context": "我喜欢酒！还有风！唔，如果能有用风酿的酒就好了。"
      },
      {
        "Title": "温迪的烦恼…",
        "Context": "其实，只要有猫在附近，我就忍不住会打喷嚏…啊-啊-阿嚏！唔…哎呀…就连想一想也不行么…欸，你知不知道该怎么治好这个毛病呀？"
      },
      {
        "Title": "喜欢的食物…",
        "Context": "你也来一个苹果吗，刚摘的。啊呜，啊…又脆又甜，苹果才是神的馈赠吧！"
      },
      {
        "Title": "讨厌的食物…",
        "Context": "哎，你在做什么好吃的吗？欸？热奶酪饼！这个…这个不行，热热的黏糊糊的，唔…对我来说，太腻了…"
      },
      {
        "Title": "收到赠礼·其一",
        "Context": "啊，好满足！明天也会有吧？后天也会有吧？"
      },
      {
        "Title": "收到赠礼·其二",
        "Context": "呼，好饱，连餐后水果都要吃不下了…"
      },
      {
        "Title": "收到赠礼·其三",
        "Context": "竟然是连我都应付不来的食物。唔…这下可难办了。"
      },
      {
        "Title": "生日…",
        "Context": "我以前听朋友说生日是要吃蛋糕的…喏，苹果蛋糕，给，勺子。烤出来的时候有点塌了，所以看上去像是苹果派。欸嘿，甜点还真是复杂呀。"
      },
      {
        "Title": "突破的感受·起",
        "Context": "欸！刚刚发生了什么！"
      },
      {
        "Title": "突破的感受·承",
        "Context": "辛苦啦。想要来点音乐放松一下吗？随想曲，还是小夜曲？"
      },
      {
        "Title": "突破的感受·转",
        "Context": "来，坐这边。我写了一首新诗哦，就叫它「旅行者之风」吧。"
      },
      {
        "Title": "突破的感受·合",
        "Context": "唔…明明这些风景早就看过很多遍了，有你在身边，却像是呈现出了不同的样子。你该不会…还藏着一大堆奇奇怪怪的能力吧？…唔，那倒也不错。说明，我看人的眼光很准呀，欸嘿。"
      },
      {
        "Title": "元素战技·其一",
        "Context": "哟呼——"
      },
      {
        "Title": "元素战技·其二",
        "Context": "在这哟。"
      },
      {
        "Title": "元素战技·其三",
        "Context": "留意脚下。"
      },
      {
        "Title": "元素战技·其四",
        "Context": "一起来玩吧。"
      },
      {
        "Title": "元素爆发·其一",
        "Context": "别想逃开喔？"
      },
      {
        "Title": "元素爆发·其二",
        "Context": "起风咯~"
      },
      {
        "Title": "冲刺开始·其一",
        "Context": "飞，比跑快吧？"
      },
      {
        "Title": "打开风之翼·其一",
        "Context": "呀嘿~"
      },
      {
        "Title": "打开宝箱·其一",
        "Context": "咳咳，请听一首，「宝箱之歌」！"
      },
      {
        "Title": "打开宝箱·其二",
        "Context": "嘿嘿，要不要感谢「风神的眷顾」呀？"
      },
      {
        "Title": "打开宝箱·其三",
        "Context": "收获不少，可以拿去换几瓶好酒啦。"
      },
      {
        "Title": "生命值低·其一",
        "Context": "等等，这可不好玩！"
      },
      {
        "Title": "生命值低·其二",
        "Context": "哎呀，别盯着我打呀。"
      },
      {
        "Title": "生命值低·其三",
        "Context": "好过分呐。"
      },
      {
        "Title": "同伴生命值低·其一",
        "Context": "交给我吧。"
      },
      {
        "Title": "同伴生命值低·其二",
        "Context": "还不能放弃哦。"
      },
      {
        "Title": "倒下·其一",
        "Context": "稍微睡一下吧…"
      },
      {
        "Title": "倒下·其二",
        "Context": "啊呀，弦断了…"
      },
      {
        "Title": "倒下·其三",
        "Context": "扑通。"
      },
      {
        "Title": "普通受击·其一",
        "Context": "哎呀…"
      },
      {
        "Title": "重受击·其一",
        "Context": "好粗鲁哦。"
      },
      {
        "Title": "加入队伍·其一",
        "Context": "调音完成。"
      },
      {
        "Title": "加入队伍·其二",
        "Context": "让你久等了哦？"
      },
      {
        "Title": "加入队伍·其三",
        "Context": "是要做热身运动吗。"
      }
    ],
    "FetterStories": [
      {
        "Title": "角色详细",
        "Context": "来路不明的吟游诗人。有时唱诵一些老掉牙的旧诗，有时又会哼出谁也没听过的新歌。\n喜欢苹果和热闹的气氛，讨厌奶酪和一切黏糊糊的玩意儿。\n引导「风」之元素力时，元素塑形往往外显为羽毛，因为他很中意看上去轻飘飘的东西。"
      },
      {
        "Title": "角色故事1",
        "Context": "刚来蒙德没几个月，吟游诗人温迪的收入水平还比不上驻唱已久的同行。但每当「工作」后放在地上的帽子里堆积了足够多摩拉，他匆匆而去的目的地，永远都是城里某一家酒馆。\n但以温迪的外貌，他总被当作未成年人，基本没法买到酒。\n第一次碰壁，还能嘟囔几句「上回来蒙德可没有这种规矩」。等发现全城酒馆都只对自己提供无酒精饮品时，就该考虑别的办法了…\n很快，温迪就开发出了一边弹琴一边用嘴咬着酒杯喝酒的绝技。在做吟游诗人的「工作」时，他会呼吁观众把投钱改为投喂，如果喜欢他的曲子，就去酒馆里买些好酒来请他一杯。\n凭借一手绝技，温迪终于又在蒙德如鱼得水起来。\n只是一旦有猫咪靠近，他无论如何都忍不住喷嚏。如果此时正咬着酒杯，便会制造出极其惨烈的现场效果。\n所以温迪选「工作」地点的原则是：躲着猫。\n可一般来说，路过的猫都挺喜欢他。"
      },
      {
        "Title": "角色故事2",
        "Context": "风起地中央矗立着一棵巨大的橡树。相传，它在千年前解放蒙德的大英雄温妮莎升入高天时发芽。\n近几个月，在树下休息的人们偶尔会听到隐隐约约的、唱诵风神巴巴托斯事迹的少年歌声。\n不同于其他仍在治理领土的神明，巴巴托斯离开蒙德已久，留下的形象也只有「七天神像」上模糊的面貌。然而，神的事迹存在于史书圣典之中，由吟游诗人们广为传唱。\n不同的是，温迪歌中的「巴巴托斯」总会经历一些光怪陆离的冒险，肆意妄为地做着奇怪举动，例如偷走冰之神的权杖，在原地放一根丘丘人的棍子以作替代。\n信奉风神的圣职者们对此颇有微词。面对诘问，温迪的回复却毫无悔意。\n「你怎么知道那是假的？」\n是啊，哪怕是最虔诚的修女，也不可能知道巴巴托斯大人千百年前的所有事迹。\n唯有露出神秘微笑的温迪本人知道，他所歌唱的一切——\n确实是假的。\n喝多了，随便唱唱而已。"
      },
      {
        "Title": "角色故事3",
        "Context": "大约两千六百年前，魔神战争尚未结束，尘世尚未划归七神所有。\n彼时叫做「蒙德」的城市被飓风团团包围，连飞鸟也不得通行。风无休止，将城中的土地与岩石都磨成细腻如水的尘沙。\n高塔之上的风之君王，乃是「龙卷的魔神」迭卡拉庇安。他睥睨着那些在无尽的吹息中躬下身子的臣民，认为他们顺服，对此十分满意。\n彼时的温迪，原本是北境大地上咆哮的千风中的一缕。\n后来被称作「巴巴托斯」的他，当时并无魔神之格，只是风中细微的元素精灵，是一缕「能够带来细小的转机与希望之风」。\n在旧蒙德，温迪结识了一位少年。少年懂得弹琴，渴望写出最好的诗。\n「我想看见飞鸟翱翔的模样。」\n生在风墙之内，不曾见过蓝天、鹰隼与绿草的少年这样说道。他的声音几乎被呼啸的风声盖过。\n「朋友，不与我同去吗？」"
      },
      {
        "Title": "角色故事4",
        "Context": "为了生在城中，未曾目睹飞鸟的少年，元素精灵温迪搜集来鹰隼的翎羽。\n此后，蒙德爆发了追求「自由」的战争。\n羽毛藏在温迪怀中，随他一同在反抗的硝烟里见识了乖僻的君王之殁。\n君王曾为臣子们提供没有苦寒的城市。直到最后，他都以为众臣爱他，一如他爱他们。\n即便得到胜利，温迪也未能将这片羽毛交给少年。因为少年在抗争中为了诗歌、蓝天、飞鸟，以及与他一样生在风墙内的人们而死。\n旧的神座崩毁，新神诞生。风神巴巴托斯体会到了指尖流淌的力量。\n他用这力量所做的第一件事，便是以少年的模样重塑自身形体。\n——因为只有用人类的形体，才能弹好少年钟爱的竖琴。\n他拂动琴弦，用神风吹散冰雪，劈开山峦。\n让新的蒙德成为自由之地吧，成为无人称王的国度。\n假以时日，应该会是很好、很浪漫的城邦…\n「他也会希望生活在这样的地方吧。」\n如是，「新蒙德」之肇始。"
      },
      {
        "Title": "角色故事5",
        "Context": "蒙德的一切并不是风神的功劳，\n我现在会为你歌颂美好的万物万象——\n可得感谢西风揉了这么久，\n春天的花如此娇滴地开放。\n\n团雀、野鸭、兔子还有小野猪，\n蒙德复苏，万物开始生长。\n夏天的狮子漫步原野，\n我想夸它但是想不到别的词：\n多流些汗，冰酒痛饮更加舒爽？\n天这么热，是因为它鬃毛仿佛太阳？\n\n山门夹道，峡谷又似醉汉蹒跚，\n但是反正东风并不用走路，它用飞的。\n差不多果树的高度飞过，\n翅膀挟带着收获与果香。\n\n北风静静在林中浅睡，\n按道理说，它身边应该围绕着群狼。\n但谁也没见过它们，因它深知谁也不喜欢冬日。\n风神是知道的，它梦里一定有一个温暖的遐想。\n\n——四季轮转，四风从不止息。\n当然啦，功劳也不是它们的，主要是我的。\n要是没有吟游诗人，谁去把这些传唱？"
      },
      {
        "Title": "「背风的密约」",
        "Context": "建城一千六百年后，距今一千年前，蒙德的「自由」陷入了前所未有的恐怖低谷。\n巴巴托斯因不愿成为暴君而离去。他从未想到，受赠自由的人们竟自行造出了属「人」的暴君。\n贵族残暴地统治着蒙德，将奴隶制带入这片土地，全然无视人们受压迫的呼喊。\n一千六百年后，风神再次回到曾经的「自由之都」。神听见了奴隶少女温妮莎的呼喊，与后者一同掀起推翻贵族的革命。\n——以上，是如今每个人都知道的标准蒙德史。\n这片历史中，曾发生过一段有趣的小插曲。\n在斗争中团结了蒙德民众的，是大英雄温妮莎。而令贵族手下诸多士兵倒戈的，则是一份「背风的密约」。\n密约的内容，是一场叛国的交易。高层贵族们背弃风，将蒙德的一切都卖给了邻国岩神。\n这份密约末尾，刻着一道非神明不可为之的神圣符印，其名为「岩王帝君」。\n压迫着奴隶的士兵们一想到自己也将成为异国的奴隶，心中就不寒而栗。\n战事如火，吞噬贵族。又有何人想过，多年后历史学家们将会发现那份密约是伪造品。\n——事实上，为了戏弄岩神，温迪练了一手假签名，却始终无法当面骗过那位财富与交易之神。屠龙之技无处可施的他，终于在几百年后找到了活用的机会。\n可喜可贺。"
      },
      {
        "Title": "神之眼",
        "Context": "「尘世七执政」并不拥有对「神之眼」的期望，他们本就身负伟力。\n但巴巴托斯喜欢人世，自然也希望以「温迪」的身份在蒙德更自在地行走。他仿照着神选者的特征，制作了与「神之眼」非常相像的玻璃珠。\n仿制出的道具并没有什么特殊功能，温迪引导元素力也并不依靠它。\n不过，由于天空之琴不在身边，温迪又懒得把普通的琴挎在腰间，便为它增加了变成木琴「斐林」的能力。"
      }
    ]
  },
  "Costumes": [
    {
      "Id": 202200,
      "Name": "青风结诗",
      "Description": "温迪的装扮款式。自由随性的吟游诗人装束。",
      "IsDefault": true
    }
  ],
  "CultivationItems": [
    104154,
    113001,
    100023,
    112004,
    104309,
    113006
  ],
  "NameCard": {
    "Name": "温迪·天青",
    "Description": "名片纹饰。\n天空的青色和「斐林」的音色应该很般配吧。",
    "Icon": "UI_NameCardIcon_Venti",
    "PicturePrefix": "UI_NameCardPic_Venti"
  }
}