{
  "Id": 10000045,
  "PromoteId": 45,
  "Sort": 30,
  "Body": 3,
  "Icon": "UI_AvatarIcon_Rosaria",
  "SideIcon": "UI_AvatarIcon_Side_Rosaria",
  "Name": "罗莎莉亚",
  "Description": "除了打扮哪里都不像神职人员的修女。冷淡的言行中透着锐利。总是单独行动。",
  "BeginTime": "2021-04-06T18:00:00+08:00",
  "Quality": 4,
  "Weapon": 13,
  "BaseValue": {
    "HpBase": 1030.3239,
    "AttackBase": 20.12304,
    "DefenseBase": 59.514
  },
  "GrowCurves": [
    {
      "Type": 1,
      "Value": 22
    },
    {
      "Type": 4,
      "Value": 32
    },
    {
      "Type": 7,
      "Value": 22
    }
  ],
  "SkillDepot": {
    "Arkhe": 0,
    "Skills": [
      {
        "GroupId": 4531,
        "Proud": {
          "Descriptions": [
            "一段伤害|{param1:F1P}",
            "二段伤害|{param2:F1P}",
            "三段伤害|{param3:F1P}*2",
            "四段伤害|{param4:F1P}",
            "五段伤害|{param5:F1P}+{param6:F1P}",
            "重击伤害|{param7:P}",
            "重击体力消耗|{param8:F1}点",
            "下坠期间伤害|{param9:F1P}",
            "低空/高空坠地冲击伤害|{param10:P}/{param11:P}"
          ],
          "Parameters": [
            {
              "Level": 1,
              "Parameters": [
                0.5246,
                0.516,
                0.3182,
                0.6966,
                0.41624,
                0.43,
                1.3674,
                25,
                0.639324,
                1.278377,
                1.596762
              ]
            },
            {
              "Level": 2,
              "Parameters": [
                0.5673,
                0.558,
                0.3441,
                0.7533,
                0.45012,
                0.465,
                1.4787,
                25,
                0.691362,
                1.382431,
                1.726731
              ]
            },
            {
              "Level": 3,
              "Parameters": [
                0.61,
                0.6,
                0.37,
                0.81,
                0.484,
                0.5,
                1.59,
                25,
                0.7434,
                1.486485,
                1.8567
              ]
            },
            {
              "Level": 4,
              "Parameters": [
                0.671,
                0.66,
                0.407,
                0.891,
                0.5324,
                0.55,
                1.749,
                25,
                0.81774,
                1.635134,
                2.04237
              ]
            },
            {
              "Level": 5,
              "Parameters": [
                0.7137,
                0.702,
                0.4329,
                0.9477,
                0.56628,
                0.585,
                1.8603,
                25,
                0.869778,
                1.739187,
                2.172339
              ]
            },
            {
              "Level": 6,
              "Parameters": [
                0.7625,
                0.75,
                0.4625,
                1.0125,
                0.605,
                0.625,
                1.9875,
                25,
                0.92925,
                1.858106,
                2.320875
              ]
            },
            {
              "Level": 7,
              "Parameters": [
                0.8296,
                0.816,
                0.5032,
                1.1016,
                0.65824,
                0.68,
                2.1624,
                25,
                1.011024,
                2.02162,
                2.525112
              ]
            },
            {
              "Level": 8,
              "Parameters": [
                0.8967,
                0.882,
                0.5439,
                1.1907,
                0.71148,
                0.735,
                2.3373,
                25,
                1.092798,
                2.185133,
                2.729349
              ]
            },
            {
              "Level": 9,
              "Parameters": [
                0.9638,
                0.948,
                0.5846,
                1.2798,
                0.76472,
                0.79,
                2.5122,
                25,
                1.174572,
                2.348646,
                2.933586
              ]
            },
            {
              "Level": 10,
              "Parameters": [
                1.037,
                1.02,
                0.629,
                1.377,
                0.8228,
                0.85,
                2.703,
                25,
                1.26378,
                2.527025,
                3.15639
              ]
            },
            {
              "Level": 11,
              "Parameters": [
                1.1102,
                1.092,
                0.6734,
                1.4742,
                0.88088,
                0.91,
                2.8938,
                25,
                1.352988,
                2.705403,
                3.379194
              ]
            },
            {
              "Level": 12,
              "Parameters": [
                1.1834,
                1.164,
                0.7178,
                1.5714,
                0.93896,
                0.97,
                3.0846,
                25,
                1.442196,
                2.883781,
                3.601998
              ]
            },
            {
              "Level": 13,
              "Parameters": [
                1.2566,
                1.236,
                0.7622,
                1.6686,
                0.99704,
                1.03,
                3.2754,
                25,
                1.531404,
                3.062159,
                3.824802
              ]
            },
            {
              "Level": 14,
              "Parameters": [
                1.3298,
                1.308,
                0.8066,
                1.7658,
                1.05512,
                1.09,
                3.4662,
                25,
                1.620612,
                3.240537,
                4.047606
              ]
            },
            {
              "Level": 15,
              "Parameters": [
                1.403,
                1.38,
                0.851,
                1.863,
                1.1132,
                1.15,
                3.657,
                25,
                1.70982,
                3.418915,
                4.27041
              ]
            }
          ]
        },
        "Id": 10451,
        "Name": "普通攻击·教会枪术",
        "Description": "<color=#FFD780FF>普通攻击</color>\n进行至多五段的连续枪击。\n\n<color=#FFD780FF>重击</color>\n消耗一定体力，向前方突进，对路径上的敌人造成伤害。\n\n<color=#FFD780FF>下落攻击</color>\n从空中下坠冲击地面，攻击下落路径上的敌人，并在落地时造成范围伤害。",
        "Icon": "Skill_A_03"
      },
      {
        "GroupId": 4532,
        "Proud": {
          "Descriptions": [
            "技能伤害|{param1:P}+{param2:P}",
            "冷却时间|{param3:F1}秒"
          ],
          "Parameters": [
            {
              "Level": 1,
              "Parameters": [
                0.584,
                1.36,
                6
              ]
            },
            {
              "Level": 2,
              "Parameters": [
                0.6278,
                1.462,
                6
              ]
            },
            {
              "Level": 3,
              "Parameters": [
                0.6716,
                1.564,
                6
              ]
            },
            {
              "Level": 4,
              "Parameters": [
                0.73,
                1.7,
                6
              ]
            },
            {
              "Level": 5,
              "Parameters": [
                0.7738,
                1.802,
                6
              ]
            },
            {
              "Level": 6,
              "Parameters": [
                0.8176,
                1.904,
                6
              ]
            },
            {
              "Level": 7,
              "Parameters": [
                0.876,
                2.04,
                6
              ]
            },
            {
              "Level": 8,
              "Parameters": [
                0.9344,
                2.176,
                6
              ]
            },
            {
              "Level": 9,
              "Parameters": [
                0.9928,
                2.312,
                6
              ]
            },
            {
              "Level": 10,
              "Parameters": [
                1.0512,
                2.448,
                6
              ]
            },
            {
              "Level": 11,
              "Parameters": [
                1.1096,
                2.584,
                6
              ]
            },
            {
              "Level": 12,
              "Parameters": [
                1.168,
                2.72,
                6
              ]
            },
            {
              "Level": 13,
              "Parameters": [
                1.241,
                2.89,
                6
              ]
            },
            {
              "Level": 14,
              "Parameters": [
                1.314,
                3.06,
                6
              ]
            },
            {
              "Level": 15,
              "Parameters": [
                1.387,
                3.23,
                6
              ]
            }
          ]
        },
        "Id": 10452,
        "Name": "噬罪的告解",
        "Description": "罗莎莉亚快速移动至目标敌人身后，进行长枪穿刺与挥砍，造成<color=#99FFFFFF>冰元素伤害</color>。\n无法通过施放时的快速移动，转移至体型较大的敌人身后。\n\n<i>对着修女罗莎莉亚的告解并不能获得赦罪。相反，罪孽越深，降罚的冰寒就越是刺骨。</i>",
        "Icon": "Skill_S_Rosaria_01"
      }
    ],
    "EnergySkill": {
      "GroupId": 4539,
      "Proud": {
        "Descriptions": [
          "技能伤害|{param1:P}+{param2:P}",
          "冰枪持续伤害|{param3:P}",
          "持续时间|{param4:F1}秒",
          "冷却时间|{param5:F1}秒",
          "元素能量|{param6:I}"
        ],
        "Parameters": [
          {
            "Level": 1,
            "Parameters": [
              1.04,
              1.52,
              1.32,
              8,
              15,
              60
            ]
          },
          {
            "Level": 2,
            "Parameters": [
              1.118,
              1.634,
              1.419,
              8,
              15,
              60
            ]
          },
          {
            "Level": 3,
            "Parameters": [
              1.196,
              1.748,
              1.518,
              8,
              15,
              60
            ]
          },
          {
            "Level": 4,
            "Parameters": [
              1.3,
              1.9,
              1.65,
              8,
              15,
              60
            ]
          },
          {
            "Level": 5,
            "Parameters": [
              1.378,
              2.014,
              1.749,
              8,
              15,
              60
            ]
          },
          {
            "Level": 6,
            "Parameters": [
              1.456,
              2.128,
              1.848,
              8,
              15,
              60
            ]
          },
          {
            "Level": 7,
            "Parameters": [
              1.56,
              2.28,
              1.98,
              8,
              15,
              60
            ]
          },
          {
            "Level": 8,
            "Parameters": [
              1.664,
              2.432,
              2.112,
              8,
              15,
              60
            ]
          },
          {
            "Level": 9,
            "Parameters": [
              1.768,
              2.584,
              2.244,
              8,
              15,
              60
            ]
          },
          {
            "Level": 10,
            "Parameters": [
              1.872,
              2.736,
              2.376,
              8,
              15,
              60
            ]
          },
          {
            "Level": 11,
            "Parameters": [
              1.976,
              2.888,
              2.508,
              8,
              15,
              60
            ]
          },
          {
            "Level": 12,
            "Parameters": [
              2.08,
              3.04,
              2.64,
              8,
              15,
              60
            ]
          },
          {
            "Level": 13,
            "Parameters": [
              2.21,
              3.23,
              2.805,
              8,
              15,
              60
            ]
          },
          {
            "Level": 14,
            "Parameters": [
              2.34,
              3.42,
              2.97,
              8,
              15,
              60
            ]
          },
          {
            "Level": 15,
            "Parameters": [
              2.47,
              3.61,
              3.135,
              8,
              15,
              60
            ]
          }
        ]
      },
      "Id": 10453,
      "Name": "终命的圣礼",
      "Description": "这是罗莎莉亚专属的领祷仪式。挥舞武器扫击身边的敌人后，凝聚极寒的冰枪击向地面，分别造成<color=#99FFFFFF>冰元素伤害</color>。\n冰枪在存在期间内，会间歇性释放寒气，对附近的敌人造成<color=#99FFFFFF>冰元素伤害</color>。\n\n<i>审判这件事很麻烦，所以越过审判直接执行临终祈礼吧。罗莎莉亚本就不信奉风神，这件事因此格外轻松。</i>",
      "Icon": "Skill_E_Rosaria_01"
    },
    "Inherents": [
      {
        "GroupId": 4521,
        "Proud": {
          "Descriptions": [],
          "Parameters": [
            {
              "Level": 1,
              "Parameters": [
                0.12,
                5
              ]
            }
          ]
        },
        "Id": 452101,
        "Name": "聆听忏悔的幽影",
        "Description": "<color=#FFD780FF>噬罪的告解</color>从技能目标的背后攻击时，罗莎莉亚的暴击率提升12%，持续5秒。",
        "Icon": "UI_Talent_S_Rosaria_05"
      },
      {
        "GroupId": 4522,
        "Proud": {
          "Descriptions": [],
          "Parameters": [
            {
              "Level": 1,
              "Parameters": [
                0.15,
                10,
                0.15
              ]
            }
          ]
        },
        "Id": 452201,
        "Name": "暗中支援的黯色",
        "Description": "施放<color=#FFD780FF>终命的圣礼</color>时，基于自身暴击率的15%，提高附近的队伍中所有角色（不包括罗莎莉亚自己）的暴击率，持续10秒。\n通过这种方式获得的暴击率提升，无法超过15%。",
        "Icon": "UI_Talent_S_Rosaria_06"
      },
      {
        "GroupId": 4523,
        "Proud": {
          "Descriptions": [],
          "Parameters": [
            {
              "Level": 1,
              "Parameters": [
                0.1
              ]
            }
          ]
        },
        "Id": 452301,
        "Name": "夜行",
        "Description": "在夜间（18时至6时），队伍中自己的角色获得迅行效果：移动速度提高10%。\n该效果在秘境、征讨领域、深境螺旋中无效，迅行效果无法叠加。",
        "Icon": "UI_Talent_Rosaria_NightRunner"
      }
    ],
    "Talents": [
      {
        "Id": 451,
        "Name": "罪之导引",
        "Description": "罗莎莉亚的攻击造成暴击后，自身攻击速度提升10%，普通攻击造成的伤害提升10%，持续4秒。",
        "Icon": "UI_Talent_S_Rosaria_01"
      },
      {
        "Id": 452,
        "Name": "无福之地",
        "Description": "<color=#FFD780FF>终命的圣礼</color>创造的冰枪持续时间延长4秒。",
        "Icon": "UI_Talent_S_Rosaria_02"
      },
      {
        "Id": 453,
        "Name": "告解之仪",
        "Description": "<color=#FFD780FF>噬罪的告解</color>的技能等级提高3级。\n至多提升至15级。",
        "Icon": "UI_Talent_U_Rosaria_01",
        "ExtraLevel": {
          "Index": 2,
          "Level": 3
        }
      },
      {
        "Id": 454,
        "Name": "苦痛恩典",
        "Description": "<color=#FFD780FF>噬罪的告解</color>造成暴击时，为罗莎莉亚自己恢复5点元素能量。\n每次噬罪的告解至多触发1次该效果。",
        "Icon": "UI_Talent_S_Rosaria_03"
      },
      {
        "Id": 455,
        "Name": "临终祈礼",
        "Description": "<color=#FFD780FF>终命的圣礼</color>的技能等级提高3级。\n至多提升至15级。",
        "Icon": "UI_Talent_U_Rosaria_02",
        "ExtraLevel": {
          "Index": 9,
          "Level": 3
        }
      },
      {
        "Id": 456,
        "Name": "代行裁判",
        "Description": "<color=#FFD780FF>终命的圣礼</color>的攻击会使敌人的物理抗性降低20%，持续10秒。",
        "Icon": "UI_Talent_S_Rosaria_04"
      }
    ]
  },
  "FetterInfo": {
    "Title": "棘冠恩典",
    "Detail": "除了打扮哪里都不像神职人员的修女。冷淡的言行中透着锐利。总是单独行动。",
    "Association": 1,
    "Native": "西风教会",
    "BirthMonth": 1,
    "BirthDay": 24,
    "VisionBefore": "冰",
    "ConstellationBefore": "荆冠座",
    "CvChinese": "张安琪",
    "CvJapanese": "加隈亚衣",
    "CvEnglish": "伊丽莎白·麦克斯韦",
    "CvKorean": "金洑娜",
    "CookBonus": {
      "OriginItemId": 108032,
      "ItemId": 108234,
      "InputList": [
        100064,
        100012
      ]
    },
    "Fetters": [
      {
        "Title": "初次见面…",
        "Context": "这位信徒，如果遇到难以解决的麻烦，可以来找我，如果只想祈祷，还请找其他修女。\n…嗯？你不是信徒吗？"
      },
      {
        "Title": "闲聊·无聊",
        "Context": "还不走吗？"
      },
      {
        "Title": "闲聊·加班",
        "Context": "什么都可以商量，除了加班。"
      },
      {
        "Title": "闲聊·蒙德生活",
        "Context": "好好完成工作，好好度过每一天。蒙德的生活不就是如此吗？"
      },
      {
        "Title": "下雨的时候…",
        "Context": "唉，影响效率。"
      },
      {
        "Title": "打雷的时候…",
        "Context": "嘁，麻烦。"
      },
      {
        "Title": "下雪的时候…",
        "Context": "雪天赶路，最好小心一些。"
      },
      {
        "Title": "刮大风了…",
        "Context": "是风神巴斯巴托的庇佑吗？等等，好像是巴托巴斯…"
      },
      {
        "Title": "早上好…",
        "Context": "早安，哈…晨祷已经开始了吗？也太早了。"
      },
      {
        "Title": "中午好…",
        "Context": "午后的阳光对睡眠有好处。你也试试吧。"
      },
      {
        "Title": "晚上好…",
        "Context": "晚上好。晚间祷告的话，我不参加。嗯？不为什么。"
      },
      {
        "Title": "晚安…",
        "Context": "去休息吧，不用操心，剩下的事我会处理。"
      },
      {
        "Title": "关于罗莎莉亚自己·修女",
        "Context": "我？只是个无趣的人而已。如你所见，不爱教会也不爱工作。"
      },
      {
        "Title": "关于罗莎莉亚自己·麻烦",
        "Context": "那些值班修女一个比一个麻烦，不是抓人去祷告，就是叫人去唱诗班。你可别告诉她们我在这里。"
      },
      {
        "Title": "关于我们·信仰",
        "Context": "神或许能庇护所有人，可他不会这样做。否则，人的苦难就成了笑话。"
      },
      {
        "Title": "关于我们·祷告",
        "Context": "祈祷吧。不是为了神或其他任何人，而是为了自己。"
      },
      {
        "Title": "关于我们·战斗",
        "Context": "不要勉强，有困难可以叫我。"
      },
      {
        "Title": "关于「神之眼」…",
        "Context": "「神之眼」可以是实力的证明，也可以是幸存的勋章…谁知道呢？真正的好东西总是具有两面性。我不会定义「神之眼」。我和它只是互相见证的关系罢了。"
      },
      {
        "Title": "有什么想要分享…",
        "Context": "要说什么是值得高兴的好事…呵，只是假设而已。如果有一天你遇到无法解决的难题，也别认为那就是人生的终点。说不定，会有人替你解决困境呢。"
      },
      {
        "Title": "感兴趣的见闻…",
        "Context": "花草不属于我感兴趣的范畴。不过，蒲公英是个例外，它能酿出相当美味的蒲公英酒。休息时间来一杯，比睡懒觉还舒服。"
      },
      {
        "Title": "关于迪卢克…",
        "Context": "一看就知道了吧？那位富豪老爷可不是个简单的人物。低调、自信…还有一点危险的气息。"
      },
      {
        "Title": "关于凯亚…",
        "Context": "人往往要到醉酒以后才会露出真面目。油嘴滑舌算是凯亚的保护色吧，呵，一目了然的伪装。你该看看他喝醉的样子。"
      },
      {
        "Title": "关于温迪…",
        "Context": "这个吟游诗人身上有种非常特殊的气息…我还不能确定真相，但他与别的市民似乎很不一样。"
      },
      {
        "Title": "关于芭芭拉…",
        "Context": "芭芭拉总是缠着我，叫我参加礼拜和唱诗班。难道维多利亚给她下了监督我工作的命令？"
      },
      {
        "Title": "关于琴…",
        "Context": "不仅完成本职工作，还会替他人收尾。值得钦佩的女人。"
      },
      {
        "Title": "关于阿贝多…",
        "Context": "他就像一副挂在古旧房屋里的油画…厚重、神秘，无法被一眼看透。我不讨厌有故事的人。"
      },
      {
        "Title": "关于丽莎…",
        "Context": "我不喜欢上班偷懒的人，不过也很能理解她准点下班的心情。"
      },
      {
        "Title": "关于可莉…",
        "Context": "唉，除了麻烦就是麻烦，虽然是可爱的麻烦。"
      },
      {
        "Title": "关于法尔伽…",
        "Context": "虽说是出于好意，但法尔伽啰嗦起来像个老头一样，相当在意身边的人呢。唉，那家伙。"
      },
      {
        "Title": "关于父亲…",
        "Context": "父亲？好遥远的词汇啊。对我而言可以说没有，也可以说有不止一个。怎么？很惊讶吗？"
      },
      {
        "Title": "想要了解罗莎莉亚·其一",
        "Context": "跳过寒暄吧。我来这里是为了完成工作，你解决不了的问题可以移交给我。"
      },
      {
        "Title": "想要了解罗莎莉亚·其二",
        "Context": "不信神的修女并不稀奇，就像世上也有不喜欢吃猪肉的猎人、讨厌鱼肉的渔民。做某一件事不代表爱它，不爱一件事也不意味着必须远离。工作就是这样的东西。"
      },
      {
        "Title": "想要了解罗莎莉亚·其三",
        "Context": "来一杯吗？这是今年的蒲公英酒，味道很不错。"
      },
      {
        "Title": "想要了解罗莎莉亚·其四",
        "Context": "蒙德是一头既古老又年轻的白色野兽，古老到需要人去保护，也年轻到无法独立生存。只有这样的地方才会需要我这样的人。我像其他修女照顾市民那样照顾着蒙德，让它在自由的道路上平稳前进。你问我为什么它是白色的？…因为像我这样的人，是黑色的。"
      },
      {
        "Title": "想要了解罗莎莉亚·其五",
        "Context": "我偶尔能感觉到过去每一年的自己都存在着、围绕着我…对我有所寄托。你一定也有相同的感觉，所以，哪怕如今你已走上截然不同的道路，也不要否认从前的自己。从前的每一个你，都是你脚下的基石。不要害怕过去，不要畏惧与它抗衡。"
      },
      {
        "Title": "罗莎莉亚的爱好…",
        "Context": "小酌怡情，有些烦心事只能靠酒精解决。话虽如此，我是不会醉的。"
      },
      {
        "Title": "罗莎莉亚的烦恼…",
        "Context": "唉…真不想参加下个月的合唱活动，可维多利亚亲自点名了…"
      },
      {
        "Title": "喜欢的食物…",
        "Context": "试过红酒炖兽肉吗？酒精和大块的动物肉出现在一个盘子里，相当有品味。"
      },
      {
        "Title": "讨厌的食物…",
        "Context": "这个…这个土豆饼的蘸料居然是果酱？完全不合理！"
      },
      {
        "Title": "收到赠礼·其一",
        "Context": "看来这方面，我们品味相投。"
      },
      {
        "Title": "收到赠礼·其二",
        "Context": "至少能填饱肚子。"
      },
      {
        "Title": "收到赠礼·其三",
        "Context": "你对这种食物很感兴趣吗？"
      },
      {
        "Title": "生日…",
        "Context": "今天是你生日，有什么想处理的人或事吗？我可以帮个小忙，别告诉其他人就行。"
      },
      {
        "Title": "突破的感受·起",
        "Context": "嗯，感觉不错。"
      },
      {
        "Title": "突破的感受·承",
        "Context": "需要帮忙吗？我现在有空。"
      },
      {
        "Title": "突破的感受·转",
        "Context": "也好。能力越强，效率越高。"
      },
      {
        "Title": "突破的感受·合",
        "Context": "哪怕是擅长战斗与杀戮的我，也从未拥有过如此强大的力量，谢谢你的祝福。"
      },
      {
        "Title": "元素战技·其一",
        "Context": "嘿呀！"
      },
      {
        "Title": "元素战技·其二",
        "Context": "审判！"
      },
      {
        "Title": "元素战技·其三",
        "Context": "别想跑！"
      },
      {
        "Title": "元素爆发·其一",
        "Context": "制裁！"
      },
      {
        "Title": "元素爆发·其二",
        "Context": "战栗吧！"
      },
      {
        "Title": "元素爆发·其三",
        "Context": "晚安了…"
      },
      {
        "Title": "打开宝箱·其一",
        "Context": "…倒也有不错的玩意。"
      },
      {
        "Title": "打开宝箱·其二",
        "Context": "还行，不算很麻烦。"
      },
      {
        "Title": "打开宝箱·其三",
        "Context": "心情不错。"
      },
      {
        "Title": "生命值低·其一",
        "Context": "没想到…哼。"
      },
      {
        "Title": "生命值低·其二",
        "Context": "得加个班了。"
      },
      {
        "Title": "生命值低·其三",
        "Context": "有两下子！"
      },
      {
        "Title": "同伴生命值低·其一",
        "Context": "退后！"
      },
      {
        "Title": "同伴生命值低·其二",
        "Context": "不要恋战！"
      },
      {
        "Title": "倒下·其一",
        "Context": "这样也好…"
      },
      {
        "Title": "倒下·其二",
        "Context": "或许是…命中注定…"
      },
      {
        "Title": "倒下·其三",
        "Context": "唔…到此为止了吗…"
      },
      {
        "Title": "普通受击·其一",
        "Context": "不过如此。"
      },
      {
        "Title": "重受击·其一",
        "Context": "啧，真麻烦！"
      },
      {
        "Title": "加入队伍·其一",
        "Context": "又有新工作了？"
      },
      {
        "Title": "加入队伍·其二",
        "Context": "但愿配合顺利。"
      },
      {
        "Title": "加入队伍·其三",
        "Context": "呼…速战速决。"
      }
    ],
    "FetterStories": [
      {
        "Title": "角色详细",
        "Context": "罗莎莉亚是蒙德城西风教会下属的一名修女。\n虽说都是神职人员，人们却总会把她和芭芭拉、吉丽安娜等人区分开来。\n光看外形她姑且还能算是神职人员，平日的言行举止却丝毫没有神职人员应有的风范。\n对神的敬畏之心比普通蒙德市民还少，平日从不参加教会举办的活动。\n独来独往，单独行动。偶尔出现在大教堂，也只是坐在最后一排长椅上静静地抽烟。\n特立独行的罗莎莉亚，根本只是个教会挂名人士而已。"
      },
      {
        "Title": "角色故事1",
        "Context": "单凭那些不守规矩的行为，罗莎莉亚就够被教会记过一百次了。\n但不知为何，她似乎没在这方面吃过苦头。不和同僚们一起行动，也鲜少出现在与市民联欢的场合。\n神奇又神秘的罗莎莉亚就像一缕黑烟，一不注意便消失得无影无踪。\n她的人际关系也很单薄，几乎不跟谁来往。\n不过据维多利亚修女说，好心的芭芭拉一直在尝试靠近罗莎莉亚。\n请你别在教堂内抽烟、请你准时参加典礼…\n还有…喂喂，请听我说话呀！\n操碎了心的芭芭拉总是追在罗莎莉亚身后，督促她完成各种日常工作。\n面对蒙德城人人喜欢的偶像芭芭拉，罗莎莉亚却无动于衷。\n她该不会…是个铁石心肠的人吧？"
      },
      {
        "Title": "角色故事2",
        "Context": "罗莎莉亚行踪叵测，时常不告而别，一消失就是好几天。\n每逢此时，教会的同僚们都不知该去哪里找她。\n某位有意监督她的修女总是为此诉苦：「就算是捡来的野猫，也、也该打声招呼再跑掉吧…！」\n消失的罗莎莉亚，会在人们看不见的角落处理只有她能完成的工作。\n陌生的商贾，可疑的旅客，这些人是否对蒙德有害？\n调查、跟踪，如有必要，还有拷问。\n如果他们应当消失，罗莎莉亚一定是最后见到他们的人。\n不见天日的黑色工作，都由罗莎莉亚一手包办。\n她总在日落后出发，一口气完成任务。有时踏着拂晓的晨曦归来，还能喝上一杯早餐酒。\n蒙德人生活在金色的阳光下，罗莎莉亚则活跃在银色的月光下。\n银白、剔透的冷光…就像她擅长的冰元素法术一样。\n「有些事还不需要让年轻人知道。」\n对罗莎莉亚而言，活在阳光下的蒙德人，不论年龄大小，都能算是「年轻人」。"
      },
      {
        "Title": "角色故事3",
        "Context": "对任何事都漫不经心的罗莎莉亚，犹如一阵难以捉摸的烟雾。\n但这样的她一旦进入工作，便会秉持公事公办的态度全力完成任务。\n看似懒散的罗莎莉亚，拷问可疑人士时从不手软。\n不仅如此，她的手劲异常之大，对人体弱点了若指掌，对杀人一事也没有什么负面情绪。\n悠闲懒散的烟鬼修女，背地里竟是实力拔尖的处刑人。\n生活在神的光芒之下，却背负着这般使命。\n为什么成为双手染血的处刑人？为什么不愿歌颂神的庇佑？\n更何况，罗莎莉亚不是土生土长的蒙德人。\n「像这种幸福无趣之城，总得有做脏活的人吧。」\n罗莎莉亚掸了掸烟，懒洋洋地说。\n「对我而言，做这些比过正统修女生活简单多了。」"
      },
      {
        "Title": "角色故事4",
        "Context": "即便是完全不做祷告的罗莎莉亚也对神学有着独特见解。\n依她所见，自由是蒙德人的精神支柱，而促成她在此落脚的，正是这份自由。\n罗莎莉亚诞生在一座偏僻山村，出生后不久就被一伙血洗该村庄的盗贼团劫走。\n被盗贼抚养长大的她自幼便学习战斗技巧，一边当着盗贼，一边干着团里的杂活。\n既是奴仆，又是机器；既是盗贼，又是孩子。\n与外人战斗，也与同伴战斗；在饥寒中挣扎，在竞争中长大。\n罗莎莉亚的青春时代，正如同蒙德的夕阳——目所能及均是血色，抬起头来才发觉时光已晚。\n这伙盗贼团，于数年后被西风骑士团剿灭。身为最年轻的成员，罗莎莉亚被认为还有悔过的余地。\n骑士团长法尔伽带她来到蒙德。他衷心祝愿罗莎莉亚能融入蒙德，告诫她道：\n「去教会，在神的光辉下洗净自己。你可以重新来过，像普通人一样生活。」\n可法尔伽没有料到，罗莎莉亚屡屡逃课，无故旷掉唱诗班工作。\n宁可在野外打猎也不愿做个安分的修女。对她来说，金色阳光才是刺眼之物。\n而罗莎莉亚早在许多年前就已明白：她是月亮的孩子，迟早会回归到黑暗中去。"
      },
      {
        "Title": "角色故事5",
        "Context": "教会第一翘班王罗莎莉亚,在其修习时代就已是远近闻名的逃课王。\n「罗莎莉亚小姐,请注意你的行为!身为成员,你居然完全不出席唱诗班活动!」\n「稍安勿躁,奥菲拉修女。罗莎莉亚小姐,我听说,必修课程你一节都没来上过？」\n「是的。」\n「对了玛利亚夫人,请看这个…罗莎莉亚的神学论文根本是一团糟!」\n「罗莎莉亚小姐,恕我直言,你打算留在教会工作吗？」\n「不打算。我已经找到别的工作了。」\n罗莎莉亚对此毫无紧张感。她确实更适合做些黑色工作。\n没想到的是,这份工作最终挂在了教会名下。\n「见习修女」罗莎莉亚并未摆脱神职人员头衔,而是顺利升成了「修女」罗莎莉亚。\n不出任务时,她尽一切可能逃避教会活动——去酒馆喝酒,或是到城墙上眺望风景。\n哪怕实在无法躲避,也绝不愿超时工作。\n一到下班时间,罗莎莉亚就会准点消失。\n不论是明面上还是暗地里,她的原则都是:绝不加班。"
      },
      {
        "Title": "教会配发笔记本",
        "Context": "白色封皮的笔记本。封面上有着「西风教会」的字样。\n笔记主人写得一手好字，笔记内容却是各种无聊摘抄。\n「蒲公英酒，全场八折！」\n「渔人吐司，用你意想不到的价格，享受梦中美味！」\n「小麦折扣力度惊人，需要帮忙磨成面粉可以给店主留言。」\n「番茄买三送一！」\n「新鲜的小灯草，可以放在洗手间当照明用具哦！先生，看看吧…！」\n洒脱而又美观的字迹，写下的却是各种叫卖口号与商店标语。\n这本笔记本是罗莎莉亚见习修女时代的产物。\n不难猜测，她一翘课就会跑去商店街的楼顶偷懒，一边晒太阳，一边听写底下传来的各种吆喝。"
      },
      {
        "Title": "神之眼",
        "Context": "罗莎莉亚的「神之眼」出现在某个寒冷的夜晚。\n那是盗贼团最窘迫的时期，口粮不足以养活所有人。\n她总是吃不饱饭，因无法忍受饿着肚子在寒风里做粗活而逃走。\n盗贼团的老人将她追了回来。他正是将她从出生村庄捡走、教她杀人技法的人。\n「逃跑的都是叛徒，叛徒只有赢得决斗才能获得自由。」\n老人将一把旧匕首丢给罗莎莉亚。\n「来吧，杀了我才可能离开这里。我是暮年的狮子了，你还年轻。能做到的吧？」\n几乎没人相信罗莎莉亚真能杀死他。可老狮确实死在了初生的野兽爪下。\n那一晚，盗贼团失去一个老成员，接纳一名新成员。\n有趣的是，盗贼们起先不愿接纳杀死老人的罗莎莉亚，却在看见她手上那颗「神之眼」后改变了主意。\n——有「神之眼」的人肯定比快老死的贼厉害。再说，你吃得也少，还能节约些粮食。\n罗莎莉亚冰块般凝结的心中忽然浮出一个疑问：\n他是故意让我顶替他吗？…捡来的孩子，也会让虚假的父亲产生包庇之心吗？"
      }
    ]
  },
  "Costumes": [
    {
      "Id": 204501,
      "Name": "致教会自由人",
      "Description": "罗莎莉亚的装扮款式。这套衣服似乎是教会为她专门定制的礼物。",
      "IsDefault": false,
      "FrontIcon": "UI_AvatarIcon_RosariaCostumeWic",
      "SideIcon": "UI_AvatarIcon_Side_RosariaCostumeWic"
    },
    {
      "Id": 204500,
      "Name": "处刑棘刺",
      "Description": "罗莎莉亚的装扮款式。经罗莎莉亚大幅改造后的西风教会修女制服。",
      "IsDefault": true
    }
  ],
  "CultivationItems": [
    104164,
    113010,
    100022,
    112034,
    104309,
    113015
  ],
  "NameCard": {
    "Name": "罗莎莉亚·苦役",
    "Description": "名片纹饰。\n人们无私散出的温暖和善意，在她心里就是必须回报的恩情，因此也是永生伴随她的苦役。",
    "Icon": "UI_NameCardIcon_Rosaria",
    "PicturePrefix": "UI_NameCardPic_Rosaria"
  }
}