{
  "Id": 10000046,
  "PromoteId": 46,
  "Sort": 29,
  "Body": 2,
  "Icon": "UI_AvatarIcon_Hutao",
  "SideIcon": "UI_AvatarIcon_Side_Hutao",
  "Name": "胡桃",
  "Description": "「往生堂」七十七代堂主，年纪轻轻就已主掌璃月的葬仪事务。",
  "BeginTime": "2021-03-02T18:00:00+08:00",
  "Quality": 5,
  "Weapon": 13,
  "BaseValue": {
    "HpBase": 1210.7164,
    "AttackBase": 8.2859,
    "DefenseBase": 68.2062
  },
  "GrowCurves": [
    {
      "Type": 1,
      "Value": 21
    },
    {
      "Type": 4,
      "Value": 31
    },
    {
      "Type": 7,
      "Value": 21
    }
  ],
  "SkillDepot": {
    "Arkhe": 0,
    "Skills": [
      {
        "GroupId": 4631,
        "Proud": {
          "Descriptions": [
            "一段伤害|{param1:F1P}",
            "二段伤害|{param2:F1P}",
            "三段伤害|{param3:F1P}",
            "四段伤害|{param4:F1P}",
            "五段伤害|{param5:F1P}+{param6:F1P}",
            "六段伤害|{param7:F1P}",
            "重击伤害|{param8:F1P}",
            "重击体力消耗|{param9:F1}点",
            "下坠期间伤害|{param10:F1P}",
            "低空/高空坠地冲击伤害|{param11:P}/{param12:P}"
          ],
          "Parameters": [
            {
              "Level": 1,
              "Parameters": [
                0.468864,
                0.482539,
                0.6105,
                0.65641,
                0.332737,
                0.352,
                0.859584,
                1.3596,
                25,
                0.654192,
                1.308107,
                1.633896
              ]
            },
            {
              "Level": 2,
              "Parameters": [
                0.500832,
                0.51544,
                0.652125,
                0.701165,
                0.355423,
                0.376,
                0.918192,
                1.4523,
                25,
                0.698796,
                1.397296,
                1.745298
              ]
            },
            {
              "Level": 3,
              "Parameters": [
                0.5328,
                0.54834,
                0.69375,
                0.74592,
                0.37811,
                0.4,
                0.9768,
                1.545,
                25,
                0.7434,
                1.486485,
                1.8567
              ]
            },
            {
              "Level": 4,
              "Parameters": [
                0.575424,
                0.592207,
                0.74925,
                0.805594,
                0.408359,
                0.432,
                1.054944,
                1.6686,
                25,
                0.802872,
                1.605404,
                2.005236
              ]
            },
            {
              "Level": 5,
              "Parameters": [
                0.607392,
                0.625108,
                0.790875,
                0.850349,
                0.431045,
                0.456,
                1.113552,
                1.7613,
                25,
                0.847476,
                1.694593,
                2.116638
              ]
            },
            {
              "Level": 6,
              "Parameters": [
                0.644688,
                0.663491,
                0.839438,
                0.902563,
                0.457513,
                0.484,
                1.181928,
                1.86945,
                25,
                0.899514,
                1.798647,
                2.246607
              ]
            },
            {
              "Level": 7,
              "Parameters": [
                0.69264,
                0.712842,
                0.901875,
                0.969696,
                0.491543,
                0.52,
                1.26984,
                2.0085,
                25,
                0.96642,
                1.932431,
                2.41371
              ]
            },
            {
              "Level": 8,
              "Parameters": [
                0.740592,
                0.762193,
                0.964313,
                1.036829,
                0.525573,
                0.556,
                1.357752,
                2.14755,
                25,
                1.033326,
                2.066214,
                2.580813
              ]
            },
            {
              "Level": 9,
              "Parameters": [
                0.788544,
                0.811543,
                1.02675,
                1.103962,
                0.559603,
                0.592,
                1.445664,
                2.2866,
                25,
                1.100232,
                2.199998,
                2.747916
              ]
            },
            {
              "Level": 10,
              "Parameters": [
                0.836496,
                0.860894,
                1.089188,
                1.171094,
                0.593633,
                0.628,
                1.533576,
                2.42565,
                25,
                1.167138,
                2.333781,
                2.915019
              ]
            },
            {
              "Level": 11,
              "Parameters": [
                0.884448,
                0.910244,
                1.151625,
                1.238227,
                0.627663,
                0.664,
                1.621488,
                2.5647,
                25,
                1.234044,
                2.467565,
                3.082122
              ]
            },
            {
              "Level": 12,
              "Parameters": [
                0.9324,
                0.959595,
                1.214063,
                1.30536,
                0.661693,
                0.7,
                1.7094,
                2.70375,
                25,
                1.30095,
                2.601349,
                3.249225
              ]
            },
            {
              "Level": 13,
              "Parameters": [
                0.980352,
                1.008946,
                1.2765,
                1.372493,
                0.695722,
                0.736,
                1.797312,
                2.8428,
                25,
                1.367856,
                2.735132,
                3.416328
              ]
            },
            {
              "Level": 14,
              "Parameters": [
                1.028304,
                1.058296,
                1.338938,
                1.439626,
                0.729752,
                0.772,
                1.885224,
                2.98185,
                25,
                1.434762,
                2.868916,
                3.583431
              ]
            },
            {
              "Level": 15,
              "Parameters": [
                1.076256,
                1.107647,
                1.401375,
                1.506758,
                0.763782,
                0.808,
                1.973136,
                3.1209,
                25,
                1.501668,
                3.0027,
                3.750534
              ]
            }
          ]
        },
        "Id": 10461,
        "Name": "普通攻击·往生秘传枪法",
        "Description": "<color=#FFD780FF>普通攻击</color>\n进行至多六段的连续枪击。\n\n<color=#FFD780FF>重击</color>\n消耗一定体力，向前方突进，对路径上的敌人造成伤害。\n\n<color=#FFD780FF>下落攻击</color>\n从空中下坠冲击地面，攻击下落路径上的敌人，并在落地时造成范围伤害。",
        "Icon": "Skill_A_03"
      },
      {
        "GroupId": 4632,
        "Proud": {
          "Descriptions": [
            "技能消耗|{param1:P}当前生命值",
            "攻击力提高|{param2:F2P}生命值上限",
            "血梅香伤害|{param3:P}",
            "血梅香持续时间|{param4:F1}秒",
            "持续时间|{param5:F1}秒",
            "冷却时间|{param6:F1}秒"
          ],
          "Parameters": [
            {
              "Level": 1,
              "Parameters": [
                0.3,
                0.03841,
                0.64,
                8,
                9,
                16,
                4
              ]
            },
            {
              "Level": 2,
              "Parameters": [
                0.3,
                0.04071,
                0.688,
                8,
                9,
                16,
                4
              ]
            },
            {
              "Level": 3,
              "Parameters": [
                0.3,
                0.04301,
                0.736,
                8,
                9,
                16,
                4
              ]
            },
            {
              "Level": 4,
              "Parameters": [
                0.3,
                0.046,
                0.8,
                8,
                9,
                16,
                4
              ]
            },
            {
              "Level": 5,
              "Parameters": [
                0.3,
                0.0483,
                0.848,
                8,
                9,
                16,
                4
              ]
            },
            {
              "Level": 6,
              "Parameters": [
                0.3,
                0.0506,
                0.896,
                8,
                9,
                16,
                4
              ]
            },
            {
              "Level": 7,
              "Parameters": [
                0.3,
                0.05359,
                0.96,
                8,
                9,
                16,
                4
              ]
            },
            {
              "Level": 8,
              "Parameters": [
                0.3,
                0.05658,
                1.024,
                8,
                9,
                16,
                4
              ]
            },
            {
              "Level": 9,
              "Parameters": [
                0.3,
                0.05957,
                1.088,
                8,
                9,
                16,
                4
              ]
            },
            {
              "Level": 10,
              "Parameters": [
                0.3,
                0.06256,
                1.152,
                8,
                9,
                16,
                4
              ]
            },
            {
              "Level": 11,
              "Parameters": [
                0.3,
                0.06555,
                1.216,
                8,
                9,
                16,
                4
              ]
            },
            {
              "Level": 12,
              "Parameters": [
                0.3,
                0.06854,
                1.28,
                8,
                9,
                16,
                4
              ]
            },
            {
              "Level": 13,
              "Parameters": [
                0.3,
                0.07153,
                1.36,
                8,
                9,
                16,
                4
              ]
            },
            {
              "Level": 14,
              "Parameters": [
                0.3,
                0.07452,
                1.44,
                8,
                9,
                16,
                4
              ]
            },
            {
              "Level": 15,
              "Parameters": [
                0.3,
                0.07751,
                1.52,
                8,
                9,
                16,
                4
              ]
            }
          ]
        },
        "Id": 10462,
        "Name": "蝶引来生",
        "Description": "只有永不间断的烈焰可以洗净世间的不净之物。\n胡桃消耗一部分生命值，击退周围敌人，进入彼岸蝶舞状态。\n\n<color=#FFD780FF>彼岸蝶舞</color>\n·基于进入该状态时胡桃的生命值上限，提高胡桃的攻击力。通过这种方式获得的攻击力提升，不能超过胡桃基础攻击力的400%；\n·将攻击伤害转为<color=#FF9999FF>火元素伤害</color>，该元素转化无法被附魔覆盖；\n·重击会为命中的敌人施加血梅香效果；\n·提高胡桃的抗打断能力。\n\n<color=#FFD780FF>血梅香</color>\n处于血梅香状态下的敌人，每4秒会受到一次<color=#FF9999FF>火元素伤害</color>。这个伤害视为元素战技伤害。\n同一个目标身上只能存在一个血梅香效果，且只能被胡桃自己刷新持续时间。\n\n<color=#FFD780FF>彼岸蝶舞</color>将在持续时间结束、胡桃下场或倒下时解除。\n\n<i>胡桃所习得的秘传枪法，其口诀第一句是：「枪开黄泉路，蝶引来世桥。」</i>",
        "Icon": "Skill_S_Hutao_01"
      }
    ],
    "EnergySkill": {
      "GroupId": 4639,
      "Proud": {
        "Descriptions": [
          "技能伤害|{param1:P}",
          "低血量时技能伤害|{param2:P}",
          "技能治疗量|{param3:F2P}生命值上限",
          "低血量时技能治疗量|{param4:F2P}生命值上限",
          "冷却时间|{param5:F1}秒",
          "元素能量|{param6:I}"
        ],
        "Parameters": [
          {
            "Level": 1,
            "Parameters": [
              3.03272,
              3.7909,
              0.062625,
              0.0835,
              15,
              60,
              0.5
            ]
          },
          {
            "Level": 2,
            "Parameters": [
              3.21432,
              4.0179,
              0.066375,
              0.0885,
              15,
              60,
              0.5
            ]
          },
          {
            "Level": 3,
            "Parameters": [
              3.39592,
              4.2449,
              0.070125,
              0.0935,
              15,
              60,
              0.5
            ]
          },
          {
            "Level": 4,
            "Parameters": [
              3.632,
              4.54,
              0.075,
              0.1,
              15,
              60,
              0.5
            ]
          },
          {
            "Level": 5,
            "Parameters": [
              3.8136,
              4.767,
              0.07875,
              0.105,
              15,
              60,
              0.5
            ]
          },
          {
            "Level": 6,
            "Parameters": [
              3.9952,
              4.994,
              0.0825,
              0.11,
              15,
              60,
              0.5
            ]
          },
          {
            "Level": 7,
            "Parameters": [
              4.23128,
              5.2891,
              0.087375,
              0.1165,
              15,
              60,
              0.5
            ]
          },
          {
            "Level": 8,
            "Parameters": [
              4.46736,
              5.5842,
              0.09225,
              0.123,
              15,
              60,
              0.5
            ]
          },
          {
            "Level": 9,
            "Parameters": [
              4.70344,
              5.8793,
              0.097125,
              0.1295,
              15,
              60,
              0.5
            ]
          },
          {
            "Level": 10,
            "Parameters": [
              4.93952,
              6.1744,
              0.102,
              0.136,
              15,
              60,
              0.5
            ]
          },
          {
            "Level": 11,
            "Parameters": [
              5.1756,
              6.4695,
              0.106875,
              0.1425,
              15,
              60,
              0.5
            ]
          },
          {
            "Level": 12,
            "Parameters": [
              5.41168,
              6.7646,
              0.11175,
              0.149,
              15,
              60,
              0.5
            ]
          },
          {
            "Level": 13,
            "Parameters": [
              5.64776,
              7.0597,
              0.116625,
              0.1555,
              15,
              60,
              0.5
            ]
          },
          {
            "Level": 14,
            "Parameters": [
              5.88384,
              7.3548,
              0.1215,
              0.162,
              15,
              60,
              0.5
            ]
          },
          {
            "Level": 15,
            "Parameters": [
              6.11992,
              7.6499,
              0.126375,
              0.1685,
              15,
              60,
              0.5
            ]
          }
        ]
      },
      "Id": 10463,
      "Name": "安神秘法",
      "Description": "挥动炽热的魂灵，造成大范围<color=#FF9999FF>火元素伤害</color>。\n命中敌人时，基于胡桃的生命值上限，恢复胡桃的生命值。这个效果最多对5个命中的敌人生效。\n如果技能命中时胡桃的生命值低于或等于50%，则造成更高的伤害与治疗量。\n\n<i>已经离开人世之物如果还在活蹦乱跳，就会让往生堂十分焦虑。火葬是最能让胡桃安定心神的手段，而她越焦虑，火力就越大。</i>",
      "Icon": "Skill_E_Hutao_01"
    },
    "Inherents": [
      {
        "GroupId": 4621,
        "Proud": {
          "Descriptions": [],
          "Parameters": [
            {
              "Level": 1,
              "Parameters": [
                0.12,
                8
              ]
            }
          ]
        },
        "Id": 462101,
        "Name": "蝶隐之时",
        "Description": "<color=#FFD780FF>蝶引来生</color>施加的<color=#FFD780FF>彼岸蝶舞</color>状态结束后，队伍中所有角色（不包括胡桃自己）的暴击率提高12%，持续8秒。",
        "Icon": "UI_Talent_S_Hutao_05"
      },
      {
        "GroupId": 4622,
        "Proud": {
          "Descriptions": [],
          "Parameters": [
            {
              "Level": 1,
              "Parameters": [
                0.5,
                0.33
              ]
            }
          ]
        },
        "Id": 462201,
        "Name": "血之灶火",
        "Description": "胡桃的生命值低于或等于50%时，获得33%<color=#FF9999FF>火元素伤害加成</color>。",
        "Icon": "UI_Talent_S_Hutao_06"
      },
      {
        "GroupId": 4623,
        "Proud": {
          "Descriptions": [],
          "Parameters": [
            {
              "Level": 1,
              "Parameters": []
            }
          ]
        },
        "Id": 462301,
        "Name": "多多益善",
        "Description": "完美烹饪食物时，有18%概率额外获得一个「奇怪的」品质的同种料理。",
        "Icon": "UI_Talent_Cook_ExtraFailedItem"
      }
    ],
    "Talents": [
      {
        "Id": 461,
        "Name": "赤团开时斜飞去",
        "Description": "处于<color=#FFD780FF>蝶引来生</color>施加的<color=#FFD780FF>彼岸蝶舞</color>状态下时，胡桃的重击不会消耗体力。",
        "Icon": "UI_Talent_S_Hutao_03"
      },
      {
        "Id": 462,
        "Name": "最不安神晴又复雨",
        "Description": "<color=#FFD780FF>血梅香</color>造成的伤害提高，提高值相当于效果附加时胡桃生命值上限的10%。\n此外，<color=#FFD780FF>安神秘法</color>会为命中的敌人施加<color=#FFD780FF>血梅香</color>效果。",
        "Icon": "UI_Talent_S_Hutao_01"
      },
      {
        "Id": 463,
        "Name": "逗留采血色",
        "Description": "<color=#FFD780FF>蝶引来生</color>的技能等级提升3级。\n至多提升至15级。",
        "Icon": "UI_Talent_U_Hutao_01",
        "ExtraLevel": {
          "Index": 2,
          "Level": 3
        }
      },
      {
        "Id": 464,
        "Name": "伴君眠花房",
        "Description": "处于胡桃自己施加的<color=#FFD780FF>血梅香</color>状态影响下的敌人被击败时，附近的队伍中所有角色（不包括胡桃自己）的暴击率提高12%，持续15秒。",
        "Icon": "UI_Talent_S_Hutao_02"
      },
      {
        "Id": 465,
        "Name": "无可奈何燃花作香",
        "Description": "<color=#FFD780FF>安神秘法</color>的技能等级提升3级。\n至多提升至15级。",
        "Icon": "UI_Talent_U_Hutao_02",
        "ExtraLevel": {
          "Index": 9,
          "Level": 3
        }
      },
      {
        "Id": 466,
        "Name": "幽蝶能留一缕芳",
        "Description": "胡桃的生命值降至25%以下，或承受足以使她倒下的伤害时触发：\n此次伤害不会使胡桃倒下，并在接下来的10秒内，胡桃的所有元素抗性和物理抗性提高200%，暴击率提高100%，并极大地提高抗打断能力。\n这个效果在胡桃生命值为1时会自动触发。\n该效果每60秒只能触发一次。",
        "Icon": "UI_Talent_S_Hutao_04"
      }
    ]
  },
  "FetterInfo": {
    "Title": "雪霁梅香",
    "Detail": "「往生堂」七十七代堂主，年纪轻轻就已主掌璃月的葬仪事务。",
    "Association": 2,
    "Native": "往生堂",
    "BirthMonth": 7,
    "BirthDay": 15,
    "VisionBefore": "火",
    "ConstellationBefore": "引蝶座",
    "CvChinese": "陶典",
    "CvJapanese": "高桥李依",
    "CvEnglish": "布丽安娜·尼克博克",
    "CvKorean": "金贺娄",
    "CookBonus": {
      "OriginItemId": 108189,
      "ItemId": 108200,
      "InputList": [
        100063,
        100015
      ]
    },
    "Fetters": [
      {
        "Title": "初次见面…",
        "Context": "唷，找本堂主有何贵干呀？嗯？你不知道吗，往生堂第七十七代堂主就是胡桃我啦！嘶，不过瞧你的模样，容光焕发，身体健康，嗯…想必是为了工作以外的事来找我，对吧？"
      },
      {
        "Title": "闲聊·往生堂",
        "Context": "不如去我那儿喝杯茶？嘿~"
      },
      {
        "Title": "闲聊·客户",
        "Context": "一个客户，两个客户，三个客户…"
      },
      {
        "Title": "闲聊·偷懒",
        "Context": "咳咳…太阳出来我晒太阳，月亮出来我晒月亮咯~"
      },
      {
        "Title": "下雨的时候…",
        "Context": "哎呀…麻烦喽。"
      },
      {
        "Title": "打雷的时候…",
        "Context": "打雷啦，起身啦。"
      },
      {
        "Title": "下雪的时候…",
        "Context": "哇，是雪！"
      },
      {
        "Title": "起风的时候…",
        "Context": "嗯，真舒服。"
      },
      {
        "Title": "刮大风了…",
        "Context": "欸？…唉，帽子都要吹飞了。"
      },
      {
        "Title": "早上好…",
        "Context": "嗯~早起身体好，晚睡人会飘。"
      },
      {
        "Title": "中午好…",
        "Context": "哟！中午好呀，吃了吗？"
      },
      {
        "Title": "晚上好…",
        "Context": "嘻嘻，月亮出来喽~咱也出门吧。"
      },
      {
        "Title": "晚安…",
        "Context": "哦，困了吗？那你好好休息，我一个人四处转转。"
      },
      {
        "Title": "关于胡桃自己·名字",
        "Context": "胡桃的胡是胡吃海喝的胡，胡桃的桃却不是淘气的淘！嘿嘿…不、不好笑吗？"
      },
      {
        "Title": "关于胡桃自己·拿手好戏",
        "Context": "变个戏法给你看，瞧好了哦…火！然后…嚯！火蝴蝶！呼，飞啦——哈哈。"
      },
      {
        "Title": "关于我们·好奇心",
        "Context": "你到处旅行，一定见多识广。有空也给我讲讲你自己的故事吧。"
      },
      {
        "Title": "关于我们·夜晚",
        "Context": "白天你尽管到处跑，晚上可得小心点。我不在的时候，务必谨慎行动。"
      },
      {
        "Title": "关于我们·帮手",
        "Context": "需要帮手吗？需要帮手吗？我来啦！若你需要帮助，胡桃我定当全力以赴，绝不推辞。"
      },
      {
        "Title": "关于我们·战斗",
        "Context": "战斗是件麻烦事，对我来说，它不是目的而是手段。用手段来达到目的，用战斗来维护不愿让步的东西。就这方面而言，我和你是一样的。"
      },
      {
        "Title": "关于「神之眼」…",
        "Context": "「神之眼」…「神之眼」？唔，这东西，随缘就好。"
      },
      {
        "Title": "有什么想要分享…",
        "Context": "受人之托，忠人之事。我们往生堂性质特殊，肩负着双倍责任，所以，一定要让两个世界的人都满意才行。"
      },
      {
        "Title": "感兴趣的见闻…",
        "Context": "有些花草只长在阴气重月光多的地方，你见过吗？没有？那下次带你见识见识。"
      },
      {
        "Title": "关于钟离…",
        "Context": "钟离长得那么年轻，性格倒像是个老古董，什么都懂，却什么都不关心，他该不会…？嘻嘻…\n唉，算了，随他去吧。"
      },
      {
        "Title": "关于七七…",
        "Context": "看到七七了吗？快告诉我她在哪，我要把她藏起来，嘿！"
      },
      {
        "Title": "关于白术…",
        "Context": "白术？哼，麻烦的家伙。"
      },
      {
        "Title": "关于凝光…",
        "Context": "天权凝光，富甲一方；明眸善睐，桃羞杏让；目达耳通，百了千当！"
      },
      {
        "Title": "关于北斗…",
        "Context": "北斗姐可是璃月名人，她不认识我没关系，我认识她就行。啊~真想和她交个朋友啊。"
      },
      {
        "Title": "关于行秋…",
        "Context": "听说行秋少爷在写书？话本还是怪谈呢？好想把平日遇见的杂事说给他听，写成书一定很好看吧。"
      },
      {
        "Title": "关于重云…",
        "Context": "纯阳正气，阴阳合一？啧啧，嘶…没想到世上真有这种体质的人。"
      },
      {
        "Title": "关于魈…",
        "Context": "仙家的事，我怎么知道？哎呀呀，天机不可泄露。你就别问我啦。"
      },
      {
        "Title": "关于刻晴…",
        "Context": "「玉衡」刻晴啊，嘶…是个很难打交道的人呢。嘿嘿，瞧那一本正经的样子，真想逗逗她。哎呦，她应该不会用剑敲我头吧？不会的吧？"
      },
      {
        "Title": "关于香菱…",
        "Context": "香菱可好玩了，一碰就跳，特别容易被唬住。做我们这行，最喜欢这种人喽。不过也得注意分寸，毕竟，锅巴会替香菱出头呢。"
      },
      {
        "Title": "关于云堇…",
        "Context": "云堇她在正式场合很优雅，私底下却非常容易亲近哦！上次我跟她打了个赌，输的人要用自己习惯的唱法唱对方填的词。哎呀呀，戏腔版的丘丘谣，你真该听一次！"
      },
      {
        "Title": "关于申鹤…",
        "Context": "她可真是个有意思的人呐，跟别人都不一样。你说，要是我从现在开始天天吃仙草、喝山露，会不会也变成她那么不染红尘的样子？嘿嘿…"
      },
      {
        "Title": "关于蓝砚…",
        "Context": "蓝姑娘啊…她实力不俗，可不仅仅是「皮毛」这么简单。奇门秘术可真了不得，病气死气都被搬走啦。哎呀，可谓是——世风日上，身强力壮，往生堂的生意越来越难做喽。"
      },
      {
        "Title": "想要了解胡桃·其一",
        "Context": "大丘丘病了，二丘丘瞧；三丘丘采药，四丘丘熬；五丘丘死了，六丘丘抬~\n欸…呼。"
      },
      {
        "Title": "想要了解胡桃·其二",
        "Context": "小巷派暗黑打油诗人，正是本人！"
      },
      {
        "Title": "想要了解胡桃·其三",
        "Context": "若要我说，往生堂的工作既不困难也不可怕，只是麻烦而已。可惜旁人理解不了，见到咱们夜里出工，总是有些惧怕。唉，是他们不懂啊。"
      },
      {
        "Title": "想要了解胡桃·其四",
        "Context": "我是「往生堂」第七十七代堂主，我爷爷是第七十五代。我经手的第一份工作，就是替爷爷办葬礼。是不是很意外啊？哎呀，不知不觉就在这行做了好些年，时间过得可真快。"
      },
      {
        "Title": "想要了解胡桃·其五",
        "Context": "阴阳有序，命运无常。死亡难以预测，却也有它的规矩。记住了，无论何时何地，无论有何原因，人都不该轻易挑衅「死」之一事。唯有认识它、尊重它，才能明白活着的价值。"
      },
      {
        "Title": "胡桃的爱好…",
        "Context": "天清海阔，皓月凌空，此情此景，正适合作诗一首。"
      },
      {
        "Title": "胡桃的烦恼…",
        "Context": "唉…真想找些新乐子，无所事事比死亡可怕多了。"
      },
      {
        "Title": "喜欢的食物…",
        "Context": "♪啦啦啦啦~吃水煮鱼配虾饺啦~"
      },
      {
        "Title": "讨厌的食物…",
        "Context": "清心炒史莱姆凝液…呕…这是香菱对我的复仇吗？"
      },
      {
        "Title": "收到赠礼·其一",
        "Context": "甚好甚好。本堂主现在就来为这道菜肴题诗一首——"
      },
      {
        "Title": "收到赠礼·其二",
        "Context": "真不用我来帮忙吗？做一道送一道哦！"
      },
      {
        "Title": "收到赠礼·其三",
        "Context": "噫…这是什么东西呀？"
      },
      {
        "Title": "生日…",
        "Context": "今夜天星璀璨，月相壮丽，想必是个好日子。嘶，待我一算…嗯~我知道我知道，是你的生辰！哎呀，真是个好日子。"
      },
      {
        "Title": "突破的感受·起",
        "Context": "哦呀？哦呀呀？"
      },
      {
        "Title": "突破的感受·承",
        "Context": "嗯~真不错，谢啦。"
      },
      {
        "Title": "突破的感受·转",
        "Context": "没想到没想到，胡桃我现在力如泉涌，心似雄鹰，非常有自信哦。"
      },
      {
        "Title": "突破的感受·合",
        "Context": "力量若达到极限，接着考验的便是人心。多亏了你，我才能来到这片未曾踏足的领域。在这里，心和灵魂就像一片云彩…生老病死，天地万象，尽在吾辈。"
      },
      {
        "Title": "元素战技·其一",
        "Context": "喝！"
      },
      {
        "Title": "元素战技·其二",
        "Context": "起！"
      },
      {
        "Title": "元素战技·其三",
        "Context": "散！"
      },
      {
        "Title": "元素爆发·其一",
        "Context": "吃饱喝饱，一路走好！"
      },
      {
        "Title": "元素爆发·其二",
        "Context": "再会啦！"
      },
      {
        "Title": "元素爆发·其三",
        "Context": "蝶火燎原！"
      },
      {
        "Title": "冲刺开始·其一",
        "Context": "嚯——！"
      },
      {
        "Title": "冲刺开始·其二",
        "Context": "走~"
      },
      {
        "Title": "冲刺开始·其三",
        "Context": "咻~"
      },
      {
        "Title": "打开风之翼·其一",
        "Context": "顺风顺水~"
      },
      {
        "Title": "打开宝箱·其一",
        "Context": "撞大运咯！"
      },
      {
        "Title": "打开宝箱·其二",
        "Context": "让我看看，都有什么好东西。"
      },
      {
        "Title": "打开宝箱·其三",
        "Context": "快埋进土里，等它长出好多宝箱！"
      },
      {
        "Title": "生命值低·其一",
        "Context": "哎哟哎哟！"
      },
      {
        "Title": "生命值低·其二",
        "Context": "噫——！"
      },
      {
        "Title": "生命值低·其三",
        "Context": "糟糕！"
      },
      {
        "Title": "同伴生命值低·其一",
        "Context": "悠着点！"
      },
      {
        "Title": "同伴生命值低·其二",
        "Context": "放着我来！"
      },
      {
        "Title": "倒下·其一",
        "Context": "到我了吗…"
      },
      {
        "Title": "倒下·其二",
        "Context": "我记…仇…"
      },
      {
        "Title": "倒下·其三",
        "Context": "呃啊——"
      },
      {
        "Title": "重受击·其一",
        "Context": "干嘛呀！"
      },
      {
        "Title": "加入队伍·其一",
        "Context": "哦？该我出马了？"
      },
      {
        "Title": "加入队伍·其二",
        "Context": "你很有眼光嘛！"
      },
      {
        "Title": "加入队伍·其三",
        "Context": "一波送走，全送走。"
      }
    ],
    "FetterStories": [
      {
        "Title": "角色详细",
        "Context": "往生堂第七十七代堂主，掌管堂中事务的少女。身居堂主之位，却没有半分架子。\n她的鬼点子，比瑶光滩上的海砂都多。她的脑袋里装着无数奇思妙想，叫旁人惊讶不已。\n平日里，胡桃俨然是个贪玩孩子，一有闲功夫便四处乱逛，被邻里看作甩手掌柜。\n唯有葬礼上亲自带领仪倌队伍走过繁灯落尽的街道时，她才会表现出凝重、肃穆的一面。"
      },
      {
        "Title": "角色故事1",
        "Context": "丧葬白事，乃是凡人最后的体面。\n而璃月「往生堂」，堪称人生画卷的终笔者。\n传统葬仪门道繁多——停灵守灵，落葬之法，牌位器具…以上种种环节都有着严苛的规矩。\n无论逝者出身贵贱，财富多寡，都要给他们置办一场合乎身份的葬礼。这便是往生堂的待客之道。\n如此重要的机构，它的执掌者理应学识渊博、行事慎重。\n然而，七十七代堂主的重任，却落到了胡桃这个小姑娘肩上。\n胡桃此人在璃月颇有些名气。谈起她来，邻里街坊总是一言难尽。\n人们盛赞她聪明伶俐，却也忌惮她满腔奇思。她的鬼点子，已经到了异想天开的地步。\n三岁倒立背书，通读卷藏名篇，六岁择日逃学，潜进棺材酣睡，八岁常驻堂中，研习丧葬礼数…\n无论怎么看，胡桃都与「稳重」一词不沾边。\n十多岁时，胡桃初次执掌大仪，操办葬礼。\n堂下各位仪倌与客卿的心，全都悬在了绝云间的峭壁上。"
      },
      {
        "Title": "角色故事2",
        "Context": "好在胡桃对生意尤为重视，从不轻慢。\n「咱们往生堂啊，收活人的钱，送死人上路，肩负双倍的责任，须让阴阳两界的人满意。」\n说起堂里规矩，胡桃总是头头是道。\n每到白天闭门停业，胡桃便邀请各路博学客卿来为年轻仪倌们说书讲学。\n「葬仪传统是一门大学问，不可依赖印象和习惯。」\n诸位讲师中，钟离先生最受敬仰。他的讲学成效显著，大大提升了往生堂仪倌的素养。\n即使胡桃常常调侃钟离的古板作风，他仍是最受胡桃信赖之人。\n此外，胡桃也要求仪倌们重视客户需求，不应拘泥于某种特定丧葬形式。\n「客人们各有要求，有些想让逝者走得清净，有些追求热闹喜丧，还有些富贵人家，下葬只讲求一个排场。我们做什么、如何做，理应取决于他们要什么。」\n胡桃主掌事务后，往生堂经营稳定，施礼得当，甚至令不少忌讳白事的璃月居民对丧葬一事有所改观。\n话虽如此，仪倌们受训时，胡桃倒是另有去处，一溜烟便跑得没影。\n这位堂主的兴趣爱好极富个人特色，又很难说是否太有闲情。\n月下码头，山间危楼，最高处那个背手而立出口成诗的身影必定是胡桃。\n她酷爱在夜晚闲逛，只要兴致来了，无论身处何处，总会情不自禁地赋诗一首。\n而途经华光林山间歇脚亭的商贾，或许会有幸见到一位独坐桌边自娱自乐的神秘少女。\n四个人才能组成的牌局，胡桃自己和自己都能玩得停不下来。\n至于其中乐趣…唯有她自己知道。"
      },
      {
        "Title": "角色故事3",
        "Context": "总务司门口立着两尊栩栩如生的石狮子，此乃威严之象征。\n路过的胡桃却不这么想。她仔细端详了石狮子好一会儿，先是若有所思，随即开怀大笑，用力拍打它们的前爪。\n之后，胡桃便不时前来，摸着石狮子的脑袋念念有词。她不光跟它们聊天，还给它们起了名字，左边的叫大咪，右边的叫二咪。\n甚至左手拎一桶温水，右手提着大毛刷，跑来给石狮子洗澡。动作细致，态度认真，完全是将石狮子当成了宠物。\n新月轩门前有只三花猫，吃的是璃月百家饭。这天恰好有附近居民来逗猫，与不远外的胡桃相映成趣。\n面对旁人困惑的目光，胡桃理直气壮：\n「你家花猫可爱，我的大咪二咪怎么就不可爱了？大咪二咪的毛虽说硬了些，不也是毛茸茸的嘛！让人快活的小动物，自然就是宠物。若论威风，什么猫都不是大咪二咪的对手！」\n一番解释，愈发令人不解。\n总务司的卫兵更是多次被胡桃惊吓。午夜，门前总有轻轻的脚步声。本以为是窃贼偷上了官家，却不料门后是个与石狮子玩耍的年轻少女。\n而等大家好不容易习惯了这件怪事，胡桃反倒没了影子。\n卫兵们有些苦恼——没了胡桃，就得轮到他们来清扫石狮子了。\n为此他们蹲守多日，总算等到胡桃路过。问及为何不再来访，得到的答案更是匪夷所思：\n「大咪二咪长大独立，不再需要我的照顾啦！现在我啊，忙着与神像谈论人生呢！」"
      },
      {
        "Title": "角色故事4",
        "Context": "相识不久后，胡桃就单方面将七七视为挚友，要亲手埋葬七七。\n胡桃多次作案，算准阴时阴刻将七七掳走，企图将她按流程火化后塞进城郊预置的墓冢。\n若非不卜庐的白术及时截停，她真能得手。\n每次白术赶到，七七都已被套在袋中，只剩一颗小脑袋露在外边，疑惑地看着胡桃奋力挖掘焚烧用的坑。\n事后，胡桃更是给七七写下赔罪信，信中多次感慨自己下手太慢，没能让七七入土为安，为此深表歉意。\n在胡桃看来，七七早已逝去，被囚浮世不得解脱，是至苦的受难者。\n而白术结识七七后，追求长生不老的念头愈发强烈。对此等忤逆生死戒律的观念，胡桃实难苟同。\n送七七入土，不只是替她个人着想，更是要平衡阴阳秩序。\n但七七决不答应。七七害怕死亡，讨厌胡桃。\n周旋过程实在漫长，期间七七甚至能灵光一现，回忆起自己应在哪些时段隐蔽，以免被胡桃逮住。\n或许是这份求生的努力触动了胡桃，她一反常态，认真调查了七七的往事。\n意外的事故、仙家的玄机…种种巧合，让胡桃举棋不定。\n七七那么想要活着，自然不能硬埋。既然如此，便只能将她当成千载难逢的例外了。\n自那之后，胡桃对七七的态度大有转变。从拎起便走，改成了嘘寒问暖。\n只可惜，胡桃早已成了七七心中一大瘟神。想请七七既往不咎，怕是还得耗上好些年。"
      },
      {
        "Title": "角色故事5",
        "Context": "胡桃最出名的并非她的堂主身份，而是她的另一大成就：诗歌创作。\n她自称「小巷派暗黑诗人」，每当上街闲逛，打油诗便脱口而出，拦都拦不住。\n《丘丘谣》是胡桃最为出名的作品，不只得港口居民喜爱，远至轻策庄都有孩子传唱。\n爱好者与评书人为《丘丘谣》简单而深邃的创作风格所震惊，奔赴万文集舍寻觅这位大诗人的作品，但很可惜，胡桃的诗集《璃月闲话》与《柴米油盐》均尚未发行。\n日日泡在书店的行秋也想一睹奇人尊容，特意择良辰吉日携礼登门拜访。\n二人一拍即合，到往生堂中庭即兴赋诗，切磋技艺。对上行秋对仗工整的传统诗句，胡桃总能用巧思与怪词还以颜色。\n胡来中自有深意，嘿，古怪里还透着韵律，易懂易读，比寻常诗词还要朗朗上口。\n真可谓乱拳打死老师傅，直叫行秋哭笑不得。\n最终，赛诗会在友好的氛围中落幕。自此，两人便成了诗友，一有闲暇便相约吟诗。\n次数多了，甚至连重云也被拉来担当评委。三人的欢声笑语如秋叶一般，洒满街头巷尾。\n这些切磋的诗句，也被旁听者记录下来。\n若在街头听见上句严肃下句俏皮的怪异顺口溜，八成是胡桃与行秋对出的奇诗。"
      },
      {
        "Title": "乾坤泰卦帽",
        "Context": "帽子的材质偏硬，正面饰有往生堂的徽记。\n据说，此帽由七十五代堂主传承给胡桃。但那位堂主体格壮硕，脑袋比胡桃的大了两圈不止。\n最终还是胡桃花费一天一夜，亲手拆补，将旧帽子改成了自己的尺寸，逢人便说：这帽子有法力，正阳克邪，保平安！\n仪倌们听罢一笑置之。不过，第七十七代堂主对帽子的珍爱是有目共睹。\n哪怕夜里风大雨大，晚归的胡桃惹了一身污浊，也会力保帽子一尘不染。\n帽子侧边的梅花，则摘自胡桃亲手栽种的梅树。\n制法如下：取鲜花风干、刷色、过油，巧笔勾勒后晾晒三日，可成玲珑饰物。触手如柔雾，闻之有幽香。"
      },
      {
        "Title": "神之眼",
        "Context": "一切还得从胡桃爷爷的葬礼说起。\n葬礼十天前，胡老在家中病逝。往生堂为这位第七十五代堂主举办了规格极高的葬礼，全程依老爷子遗嘱安排，由胡桃主理。\n年仅十三岁、还没成为堂主的胡桃只凭一人打点所有事务，却能做到事事考究，令仪倌们满意。\n葬礼过后，年仅十三岁的胡桃背上行囊，趁夜色偷溜出门。她孤身一人，行囊中只有干粮、水和照明工具。但她要去的，是天下罕有的神秘之境。\n从无妄坡一直向前，便能抵达「边界」。这是生与死的分割线，由往生堂世代管理的机密之地。相传，人们能在那里见到去世的亲属与心愿未竟的亡魂。胡桃赶往此地，便是想趁爷爷彻底远去前再见他一面。\n如此马不停蹄整整两日，成功来到边界的胡桃却没能寻到爷爷。往来幽魂无数，或行色匆匆，或神色怨憎，没有一人与爷爷相似。\n她等了一整日，困得昏睡过去。醒来时夜深露重，四周只有几条落单亡魂拍着手掌笑话她：\n「傻姑娘，老胡头哪会在这儿啊？怕是异想天开，才到这儿来寻你家的人！」\n不信邪的胡桃等了又等。日复一日…干粮逐日减少，饮水几乎见底，爷爷始终没有出现。最终等来的，却是一名从未谋面的老妇人。\n矮小的妇人见胡桃困倦难当，笑道：「你这顽固模样，倒是像极了老胡头。只可惜，往生堂历代堂主绝不会在此徘徊。你家祖祖辈辈都是坦率地活，坦率地走。所以回去吧——回到你原本的地方。」\n神秘的老妇人拜别胡桃，越过边界向深处走去。胡桃望着那瘦小的背影隐没在远方，疑惑之余竟有一丝释怀之感。\n她终于相信：爷爷迟迟没有露面，是早已越过边界，去了应至之地。爷爷一生磊落，身后并无憾事，自己又何必将他的离开视为一种遗憾？\n便一笑置之，踏上了归途。\n来时月色幽远，回程时已晨光大作。胡桃走在路上，回想起爷爷从前常说的话——「生于生时，亡于亡刻。遵从自心，尽人之事。」\n到家时逢正午，胡桃翻墙入后院，钻进卧房整理行囊。\n水食耗尽、掏得空空的背包中，不知何时，悄然多了一枚流光溢彩的「神之眼」。\n作为极少数敢在「边界」逗留的生者，胡桃或许打动了某位不可言说的神明。\n她因而获得高天的馈赠…极致的力量之证。"
      }
    ]
  },
  "Costumes": [
    {
      "Id": 204601,
      "Name": "宿雪桃红",
      "Description": "胡桃的装扮款式。有别于往生堂深色仪服的素色连衣裙，是好友香菱为胡桃特别准备的礼物，墨镜则是她自己的收藏。",
      "IsDefault": false,
      "FrontIcon": "UI_AvatarIcon_HutaoCostumeWinter",
      "SideIcon": "UI_AvatarIcon_Side_HutaoCostumeWinter"
    },
    {
      "Id": 204600,
      "Name": "折梅留芳",
      "Description": "胡桃的装扮款式。「往生堂」堂主工作时的日常装束。",
      "IsDefault": true
    }
  ],
  "CultivationItems": [
    104114,
    113016,
    100029,
    112040,
    104315,
    113014
  ],
  "NameCard": {
    "Name": "胡桃·安神",
    "Description": "名片纹饰。\n胡桃堂主一点都不可怕。大概。",
    "Icon": "UI_NameCardIcon_Hutao",
    "PicturePrefix": "UI_NameCardPic_Hutao"
  }
}