{
  "Id": 10000070,
  "PromoteId": 70,
  "Sort": 56,
  "Body": 2,
  "Icon": "UI_AvatarIcon_Nilou",
  "SideIcon": "UI_AvatarIcon_Side_Nilou",
  "Name": "妮露",
  "Description": "祖拜尔剧场的知名舞者，舞姿灵动优美，为人纯真亲善。",
  "BeginTime": "2022-10-14T18:00:00+08:00",
  "Quality": 5,
  "Weapon": 1,
  "BaseValue": {
    "HpBase": 1182.1168,
    "AttackBase": 17.8752,
    "DefenseBase": 56.71884
  },
  "GrowCurves": [
    {
      "Type": 1,
      "Value": 21
    },
    {
      "Type": 4,
      "Value": 31
    },
    {
      "Type": 7,
      "Value": 21
    }
  ],
  "SkillDepot": {
    "Arkhe": 0,
    "Skills": [
      {
        "GroupId": 7031,
        "Proud": {
          "Descriptions": [
            "一段伤害|{param1:F1P}",
            "二段伤害|{param2:F1P}",
            "三段伤害|{param3:F1P}",
            "重击伤害|{param4:F1P}+{param5:F1P}",
            "重击体力消耗|{param6:F1}点",
            "下坠期间伤害|{param7:F1P}",
            "低空/高空坠地冲击伤害|{param8:P}/{param9:P}"
          ],
          "Parameters": [
            {
              "Level": 1,
              "Parameters": [
                0.503074,
                0.45439,
                0.70354,
                0.50224,
                0.54438,
                20,
                0.639324,
                1.278377,
                1.596762
              ]
            },
            {
              "Level": 2,
              "Parameters": [
                0.544022,
                0.491375,
                0.760805,
                0.54312,
                0.58869,
                20,
                0.691362,
                1.382431,
                1.726731
              ]
            },
            {
              "Level": 3,
              "Parameters": [
                0.58497,
                0.52836,
                0.81807,
                0.584,
                0.633,
                20,
                0.7434,
                1.486485,
                1.8567
              ]
            },
            {
              "Level": 4,
              "Parameters": [
                0.643467,
                0.581196,
                0.899877,
                0.6424,
                0.6963,
                20,
                0.81774,
                1.635134,
                2.04237
              ]
            },
            {
              "Level": 5,
              "Parameters": [
                0.684415,
                0.618181,
                0.957142,
                0.68328,
                0.74061,
                20,
                0.869778,
                1.739187,
                2.172339
              ]
            },
            {
              "Level": 6,
              "Parameters": [
                0.731213,
                0.66045,
                1.022588,
                0.73,
                0.79125,
                20,
                0.92925,
                1.858106,
                2.320875
              ]
            },
            {
              "Level": 7,
              "Parameters": [
                0.795559,
                0.71857,
                1.112575,
                0.79424,
                0.86088,
                20,
                1.011024,
                2.02162,
                2.525112
              ]
            },
            {
              "Level": 8,
              "Parameters": [
                0.859906,
                0.776689,
                1.202563,
                0.85848,
                0.93051,
                20,
                1.092798,
                2.185133,
                2.729349
              ]
            },
            {
              "Level": 9,
              "Parameters": [
                0.924253,
                0.834809,
                1.292551,
                0.92272,
                1.00014,
                20,
                1.174572,
                2.348646,
                2.933586
              ]
            },
            {
              "Level": 10,
              "Parameters": [
                0.994449,
                0.898212,
                1.390719,
                0.9928,
                1.0761,
                20,
                1.26378,
                2.527025,
                3.15639
              ]
            },
            {
              "Level": 11,
              "Parameters": [
                1.064645,
                0.961615,
                1.488887,
                1.06288,
                1.15206,
                20,
                1.352988,
                2.705403,
                3.379194
              ]
            },
            {
              "Level": 12,
              "Parameters": [
                1.134842,
                1.025018,
                1.587056,
                1.13296,
                1.22802,
                20,
                1.442196,
                2.883781,
                3.601998
              ]
            },
            {
              "Level": 13,
              "Parameters": [
                1.205038,
                1.088422,
                1.685224,
                1.20304,
                1.30398,
                20,
                1.531404,
                3.062159,
                3.824802
              ]
            },
            {
              "Level": 14,
              "Parameters": [
                1.275235,
                1.151825,
                1.783393,
                1.27312,
                1.37994,
                20,
                1.620612,
                3.240537,
                4.047606
              ]
            },
            {
              "Level": 15,
              "Parameters": [
                1.345431,
                1.215228,
                1.881561,
                1.3432,
                1.4559,
                20,
                1.70982,
                3.418915,
                4.27041
              ]
            }
          ]
        },
        "Id": 10701,
        "Name": "普通攻击·弦月舞步",
        "Description": "<color=#FFD780FF>普通攻击</color>\n进行至多三段的连续剑击。\n\n<color=#FFD780FF>重击</color>\n消耗一定体力，进行一次旋转斩击。\n\n<color=#FFD780FF>下落攻击</color>\n从空中下坠冲击地面，攻击下落路径上的敌人，并在落地时造成范围伤害。",
        "Icon": "Skill_A_01"
      },
      {
        "GroupId": 7032,
        "Proud": {
          "Descriptions": [
            "技能伤害|{param1:F2P}生命值上限",
            "剑舞步/旋舞步一段伤害|{param6:F2P}/{param2:F2P}生命值上限",
            "剑舞步/旋舞步二段伤害|{param7:F2P}/{param3:F2P}生命值上限",
            "水月/水轮伤害|{param4:F2P}/{param5:F2P}生命值上限",
            "翩转持续时间|{param11:F1}秒",
            "祷月持续时间|{param10:F1}秒",
            "净天水环持续时间|{param8:F1}秒",
            "冷却时间|{param9:F1}秒"
          ],
          "Parameters": [
            {
              "Level": 1,
              "Parameters": [
                0.033389,
                0.032619,
                0.039605,
                0.071688,
                0.050616,
                0.045525,
                0.051445,
                12,
                18,
                8,
                10
              ]
            },
            {
              "Level": 2,
              "Parameters": [
                0.035893,
                0.035066,
                0.042575,
                0.077065,
                0.054412,
                0.048939,
                0.055303,
                12,
                18,
                8,
                10
              ]
            },
            {
              "Level": 3,
              "Parameters": [
                0.038397,
                0.037512,
                0.045546,
                0.082441,
                0.058208,
                0.052354,
                0.059162,
                12,
                18,
                8,
                10
              ]
            },
            {
              "Level": 4,
              "Parameters": [
                0.041736,
                0.040774,
                0.049506,
                0.08961,
                0.06327,
                0.056906,
                0.064306,
                12,
                18,
                8,
                10
              ]
            },
            {
              "Level": 5,
              "Parameters": [
                0.04424,
                0.04322,
                0.052476,
                0.094987,
                0.067066,
                0.06032,
                0.068164,
                12,
                18,
                8,
                10
              ]
            },
            {
              "Level": 6,
              "Parameters": [
                0.046744,
                0.045667,
                0.055447,
                0.100363,
                0.070862,
                0.063735,
                0.072023,
                12,
                18,
                8,
                10
              ]
            },
            {
              "Level": 7,
              "Parameters": [
                0.050083,
                0.048929,
                0.059407,
                0.107532,
                0.075924,
                0.068287,
                0.077167,
                12,
                18,
                8,
                10
              ]
            },
            {
              "Level": 8,
              "Parameters": [
                0.053422,
                0.052191,
                0.063368,
                0.114701,
                0.080986,
                0.07284,
                0.082312,
                12,
                18,
                8,
                10
              ]
            },
            {
              "Level": 9,
              "Parameters": [
                0.056761,
                0.055453,
                0.067328,
                0.12187,
                0.086047,
                0.077392,
                0.087456,
                12,
                18,
                8,
                10
              ]
            },
            {
              "Level": 10,
              "Parameters": [
                0.0601,
                0.058715,
                0.071289,
                0.129038,
                0.091109,
                0.081945,
                0.092601,
                12,
                18,
                8,
                10
              ]
            },
            {
              "Level": 11,
              "Parameters": [
                0.063439,
                0.061976,
                0.075249,
                0.136207,
                0.09617,
                0.086497,
                0.097745,
                12,
                18,
                8,
                10
              ]
            },
            {
              "Level": 12,
              "Parameters": [
                0.066778,
                0.065238,
                0.07921,
                0.143376,
                0.101232,
                0.09105,
                0.10289,
                12,
                18,
                8,
                10
              ]
            },
            {
              "Level": 13,
              "Parameters": [
                0.070951,
                0.069316,
                0.08416,
                0.152337,
                0.107559,
                0.09674,
                0.10932,
                12,
                18,
                8,
                10
              ]
            },
            {
              "Level": 14,
              "Parameters": [
                0.075125,
                0.073393,
                0.089111,
                0.161298,
                0.113886,
                0.102431,
                0.115751,
                12,
                18,
                8,
                10
              ]
            },
            {
              "Level": 15,
              "Parameters": [
                0.079298,
                0.077471,
                0.094061,
                0.170259,
                0.120213,
                0.108121,
                0.122181,
                12,
                18,
                8,
                10
              ]
            }
          ]
        },
        "Id": 10702,
        "Name": "七域舞步",
        "Description": "展开「翩转」状态，基于妮露的生命值上限，对身边的敌人造成<color=#80C0FFFF>水元素伤害</color>。\n在翩转状态下，妮露在进行普通攻击或施放元素战技时，将转为分别进行「剑舞步」与「旋舞步」，造成的伤害转为无法被附魔覆盖、视为元素战技伤害的<color=#80C0FFFF>水元素伤害</color>。\n\n在这种状态下，妮露的第三段舞步将移除翩转状态，并依据第三段舞步的类型分别产生如下效果：\n·剑舞步：释放一道水月，对触及的敌人造成<color=#80C0FFFF>水元素伤害</color>，并为妮露赋予祷月状态。在此状态下她进行普通攻击时，将转为进行剑舞步，并在进行最后一击时释放水月；\n·旋舞步：施展一道涤空水轮，造成<color=#80C0FFFF>水元素范围伤害</color>，并产生会跟随自己的当前场上角色行动的净天水环，持续为其中的敌人施加<color=#80C0FFFF>潮湿</color>状态。\n\n在翩转或祷月状态下时，妮露无法进行重击；这些状态将会在妮露退场时解除。\n\n<i>「她纤巧的足尖轻轻点过水面，摇漾的涟光宛如七天的流绚。」</i>",
        "Icon": "Skill_S_Nilou_01"
      }
    ],
    "EnergySkill": {
      "GroupId": 7039,
      "Proud": {
        "Descriptions": [
          "技能伤害|{param1:F1P}生命值上限",
          "永世流沔伤害|{param2:F1P}生命值上限",
          "冷却时间|{param3:F1}秒",
          "元素能量|{param4:I}"
        ],
        "Parameters": [
          {
            "Level": 1,
            "Parameters": [
              0.18432,
              0.22528,
              18,
              70
            ]
          },
          {
            "Level": 2,
            "Parameters": [
              0.198144,
              0.242176,
              18,
              70
            ]
          },
          {
            "Level": 3,
            "Parameters": [
              0.211968,
              0.259072,
              18,
              70
            ]
          },
          {
            "Level": 4,
            "Parameters": [
              0.2304,
              0.2816,
              18,
              70
            ]
          },
          {
            "Level": 5,
            "Parameters": [
              0.244224,
              0.298496,
              18,
              70
            ]
          },
          {
            "Level": 6,
            "Parameters": [
              0.258048,
              0.315392,
              18,
              70
            ]
          },
          {
            "Level": 7,
            "Parameters": [
              0.27648,
              0.33792,
              18,
              70
            ]
          },
          {
            "Level": 8,
            "Parameters": [
              0.294912,
              0.360448,
              18,
              70
            ]
          },
          {
            "Level": 9,
            "Parameters": [
              0.313344,
              0.382976,
              18,
              70
            ]
          },
          {
            "Level": 10,
            "Parameters": [
              0.331776,
              0.405504,
              18,
              70
            ]
          },
          {
            "Level": 11,
            "Parameters": [
              0.350208,
              0.428032,
              18,
              70
            ]
          },
          {
            "Level": 12,
            "Parameters": [
              0.36864,
              0.45056,
              18,
              70
            ]
          },
          {
            "Level": 13,
            "Parameters": [
              0.39168,
              0.47872,
              18,
              70
            ]
          },
          {
            "Level": 14,
            "Parameters": [
              0.41472,
              0.50688,
              18,
              70
            ]
          },
          {
            "Level": 15,
            "Parameters": [
              0.43776,
              0.53504,
              18,
              70
            ]
          }
        ]
      },
      "Id": 10705,
      "Name": "浮莲舞步·远梦聆泉",
      "Description": "进行远梦聆泉之舞，绽开遥水莲华，基于妮露的生命值上限，造成<color=#80C0FFFF>水元素范围伤害</color>，并为命中的敌人施加「永世流沔」状态。\n短暂间隔后，处于永世流沔状态下的敌人将受到<color=#80C0FFFF>水元素伤害</color>。\n\n<i>「纵然我们不曾将那遥远的梦目睹，唯有这支舞，仍将似梦的遐景摹录。」</i>",
      "Icon": "Skill_E_Nilou_01"
    },
    "Inherents": [
      {
        "GroupId": 7021,
        "Proud": {
          "Descriptions": [],
          "Parameters": [
            {
              "Level": 1,
              "Parameters": [
                30,
                100,
                10
              ]
            }
          ]
        },
        "Id": 702101,
        "Name": "折旋落英之庭",
        "Description": "队伍中所有角色的元素类型均为<color=#99FF88FF>草元素</color>与<color=#80C0FFFF>水元素</color>，并且至少有一名草元素角色、一名水元素角色时：\n妮露完成<color=#FFD780FF>七域舞步</color>的第三段舞步会为附近的所有角色赋予持续30秒的「金杯的丰馈」状态。\n处于金杯的丰馈状态下的角色受到<color=#99FF88FF>草元素攻击</color>会使附近的所有角色元素精通提升100点，持续10秒；此外，触发绽放反应时，将取代草原核产生「丰穰之核」。\n相比草原核，丰穰之核在产生后将迅速迸发，并且具有更大的影响范围。\n丰穰之核无法触发超绽放与烈绽放反应，与草原核共享数量上限。丰穰之核的攻击视为绽放反应的草原核的攻击。\n当队伍中角色的元素类型不满足本固有天赋的条件时，将移除已有的金杯的丰馈效果。",
        "Icon": "UI_Talent_S_Nilou_05"
      },
      {
        "GroupId": 7022,
        "Proud": {
          "Descriptions": [],
          "Parameters": [
            {
              "Level": 1,
              "Parameters": [
                0.09,
                30000,
                4
              ]
            }
          ]
        },
        "Id": 702201,
        "Name": "翩舞永世之梦",
        "Description": "基于妮露生命值上限超过30000的部分，每1000点生命值上限将使处于「金杯的丰馈」状态下的角色触发的丰穰之核造成的伤害提升9%。\n通过这种方式至多使丰穰之核造成的伤害提升400%。",
        "Icon": "UI_Talent_S_Nilou_06"
      },
      {
        "GroupId": 7023,
        "Proud": {
          "Descriptions": [],
          "Parameters": [
            {
              "Level": 1,
              "Parameters": []
            }
          ]
        },
        "Id": 702301,
        "Name": "白玉莲盏",
        "Description": "完美烹饪冒险类食物时，有12%概率获得2倍产出。",
        "Icon": "UI_Talent_S_Yunjin_07"
      }
    ],
    "Talents": [
      {
        "Id": 701,
        "Name": "却月的轻舞",
        "Description": "<color=#FFD780FF>七域舞步</color>获得如下强化：\n·水月造成的伤害提升65%；\n·净天水环的持续时间延长6秒。",
        "Icon": "UI_Talent_S_Nilou_01"
      },
      {
        "Id": 702,
        "Name": "星天的花雨",
        "Description": "处于「金杯的丰馈」状态下的角色对敌人造成<color=#80C0FFFF>水元素伤害</color>后，该敌人的<color=#80C0FFFF>水元素抗性</color>降低35%，持续10秒；触发绽放反应对敌人造成伤害后，该敌人的<color=#99FF88FF>草元素抗性</color>降低35%，持续10秒。\n需要解锁固有天赋「折旋落英之庭」。",
        "Icon": "UI_Talent_S_Nilou_02"
      },
      {
        "Id": 703,
        "Name": "倾影的莲步",
        "Description": "<color=#FFD780FF>浮莲舞步·远梦聆泉</color>的技能等级提高3级。\n至多提升至15级。",
        "Icon": "UI_Talent_U_Nilou_01",
        "ExtraLevel": {
          "Index": 9,
          "Level": 3
        }
      },
      {
        "Id": 704,
        "Name": "挽漪的节音",
        "Description": "<color=#FFD780FF>七域舞步</color>的翩转状态下的第三段舞步命中敌人后，将为妮露恢复15点元素能量，并使妮露的<color=#FFD780FF>浮莲舞步·远梦聆泉</color>造成的伤害提升50%，持续8秒。",
        "Icon": "UI_Talent_S_Nilou_03"
      },
      {
        "Id": 705,
        "Name": "翩旋的流光",
        "Description": "<color=#FFD780FF>七域舞步</color>的技能等级提高3级。\n至多提升至15级。",
        "Icon": "UI_Talent_U_Nilou_02",
        "ExtraLevel": {
          "Index": 2,
          "Level": 3
        }
      },
      {
        "Id": 706,
        "Name": "断霜的弦歌",
        "Description": "每1000点生命值上限，将使妮露的暴击率提升0.6%，暴击伤害提升1.2%。\n通过这种方式，妮露的暴击率至多提升30%，暴击伤害至多提升60%。",
        "Icon": "UI_Talent_S_Nilou_04"
      }
    ]
  },
  "FetterInfo": {
    "Title": "莲光落舞筵",
    "Detail": "祖拜尔剧场的知名舞者，舞姿灵动优美，为人纯真亲善。",
    "Association": 7,
    "Native": "祖拜尔剧场",
    "BirthMonth": 12,
    "BirthDay": 3,
    "VisionBefore": "水",
    "ConstellationBefore": "睡莲座",
    "CvChinese": "紫苏九月",
    "CvJapanese": "金元寿子",
    "CvEnglish": "丹妮·钱伯斯",
    "CvKorean": "䌽玪",
    "CookBonus": {
      "OriginItemId": 108458,
      "ItemId": 108466,
      "InputList": [
        101214,
        101219,
        100078,
        110006
      ]
    },
    "Fetters": [
      {
        "Title": "初次见面…",
        "Context": "你好，我是来自祖拜尔剧场的妮露。今天上演的剧目是这一支舞。请你不要眨眼哦，要开始了——"
      },
      {
        "Title": "闲聊·练习",
        "Context": "先这样…下一个动作是…这样吧，嗯…嗯！"
      },
      {
        "Title": "闲聊·困意",
        "Context": "深呼吸，吹一个大大的气球，把困意放进气球里，呼——气球飞走吧。"
      },
      {
        "Title": "闲聊·休息",
        "Context": "这样清闲的日子倒也不错嘛，优哉游哉。"
      },
      {
        "Title": "下雨的时候…",
        "Context": "天气和心情一样，有时候会变得阴沉沉的，但是不用着急，雨后的天空会更加澄澈。"
      },
      {
        "Title": "打雷的时候…",
        "Context": "雷声有点恐怖呢，你会害怕吗？我可以分享你一个神奇的方法哦。"
      },
      {
        "Title": "下雪的时候…",
        "Context": "欸？哇——下雪了。你听，下雪的簌簌声，加上旋转着的雪花，像不像自然的精灵在跳舞？"
      },
      {
        "Title": "阳光很好…",
        "Context": "阳光明媚的日子…晒得暖洋洋的。唔，会犯困…"
      },
      {
        "Title": "刮大风了…",
        "Context": "你还好吗？小心风沙哦。"
      },
      {
        "Title": "早上好…",
        "Context": "早上好哦。欸？你盯着我看是…哦头、头发翘起来了吗？啊，先别看我，唔，我马上整理好。"
      },
      {
        "Title": "中午好…",
        "Context": "唔…嗯…中午吃饼好呢，还是吃饭呢…要不吃豆泥吧？"
      },
      {
        "Title": "晚上好…",
        "Context": "晚上好，今晚我在祖拜尔剧场有演出。给你两张剧票吧？"
      },
      {
        "Title": "晚安…",
        "Context": "睡前把烦恼全部都倾诉掉，会睡得比较香哦。如果你愿意，我很乐意当你的听众。"
      },
      {
        "Title": "关于妮露自己·肢体语言",
        "Context": "有时候，舞蹈比语言更能传达出心情，不知道该说什么好的时候，就跳舞吧。"
      },
      {
        "Title": "关于妮露自己·舞蹈与知识",
        "Context": "探究知识需要很高很高的天赋，很多人拼了命地努力，结果劳累又沮丧…但跳舞就不一样了，就算看不懂门道，也能看个热闹。要是能从这份肢体动作中品味到艺术的美丽与价值，那我就更开心了。"
      },
      {
        "Title": "关于我们·缓解生气",
        "Context": "你会生闷气吗？嗯，生闷气是不好的。来，跟着我做。先在身前用右手画一个大大的圆，然后，双手把讨厌的事都从胸口里取出来，放在圆里。接着，用力地推出去！怎么样，心情好起来了吗？"
      },
      {
        "Title": "关于我们·外出冒险",
        "Context": "尽管我之前没离开过须弥城，但…我想和你一起去冒险。哦，到陌生的地方，我适应一下就好…唔，稻妻的沙滩下，真的不会有很大很大的沙虫，突然钻出来吗？"
      },
      {
        "Title": "关于「神之眼」…",
        "Context": "我的神之眼是第一次登台跳舞时拿到的。我想，神明大人会成为我的观众，一定也认可了人类艺术的美丽之处吧。"
      },
      {
        "Title": "有什么想要分享…",
        "Context": "努力没有结果，也是很正常的。就像我不管怎么努力，也没办法理解明论派的知识。嗯，这个时候晃一晃脑袋，让大脑转个弯，换个方向就好了。"
      },
      {
        "Title": "感兴趣的见闻·晶蝶之舞",
        "Context": "晶蝶有各种各样的颜色，很漂亮。当你实在按捺不住好奇心，悄悄伸出手的时候，它们就会一下子跳起优美而迅疾的舞步，离你远去。啊，我要是会飞的话，就能学会晶蝶之舞了。"
      },
      {
        "Title": "感兴趣的见闻·帕蒂沙兰",
        "Context": "花神大人跳舞的时候，真正的帕蒂沙兰会在她踏足过的地上盛开。…啊，听起来就非常美好，真想见一见这样的场景。"
      },
      {
        "Title": "关于赛诺…",
        "Context": "教令院的人，我不太敢接触，毕竟他们对歌舞艺术的印象都不好。我常常会想，那他们会通过什么来解闷呢？呃…你说赛诺的话，会玩「七圣召唤」？真是不可思议呢。"
      },
      {
        "Title": "关于提纳里…",
        "Context": "据说他是很厉害的植物学家。那他分辨蘑菇的本领肯定很厉害，至少不会吃到毒蘑菇…好羡慕呀。"
      },
      {
        "Title": "关于柯莱…",
        "Context": "她偶尔会来看我的演出，是一位很热心的见习巡林员呢。她还提醒过我小心迷路，这是为什么呢？我也没有迷路过呀。"
      },
      {
        "Title": "关于卡维…",
        "Context": "我听说是他建造了华美的艾尔卡萨扎莱宫，能建造出那样的作品，过程应该快乐又陶醉吧。就像我练舞的时候一样，只要一想到能跳给大家看，就充满了喜悦和动力呢。"
      },
      {
        "Title": "关于迪希雅…",
        "Context": "最近发生了那么多事情，总觉得很不可思议。我原本想为迪希雅和迪娜泽黛挑选一些合适的礼物。但我自己拿不定主意，嗯…要是把大巴扎朋友们推荐的品种全送去，又太多了。哎呀，到底该怎么办才好呢？"
      },
      {
        "Title": "关于多莉…",
        "Context": "出手阔绰的多莉大商人也曾看过我跳舞。我记得，有一次她和祖拜尔先生商量了什么事情，之后就再也没来过了。会是什么事情呢？嗯…呃？你是说她可能想带我进行一场提瓦特巡演？不会吧，祖拜尔先生肯定帮忙拒绝了吧…应该拒绝了吧…"
      },
      {
        "Title": "关于小吉祥草王…",
        "Context": "大巴扎的大家都很喜欢小吉祥草王大人，好想听听她对我跳的花神之舞的评价呀…啊！不、不，还是算了算了。她真的来了，我肯定会紧张得不得了。"
      },
      {
        "Title": "想要了解妮露·其一",
        "Context": "唔——啊！抱歉，我在想等下去吃什么好呢？有点出神了…你需要帮忙吗？"
      },
      {
        "Title": "想要了解妮露·其二",
        "Context": "我的老师教过我很多跳舞的要领，但她说，最重要的还是要把情感都投入到舞蹈里，因为这样才是最能打动人的。有所感，才能抒发。想要传达美丽的话，我就要成为美丽本身吧。"
      },
      {
        "Title": "想要了解妮露·其三",
        "Context": "有时候我会收到观众们的来信，说他们因为我的舞蹈打起了精神。我会和祖拜尔剧场的大家共同分享这份快乐。虽然在观众眼里，我是在台前的那一个，但在我心中，这永远是靠所有人的努力才能取得的成果。"
      },
      {
        "Title": "想要了解妮露·其四",
        "Context": "大巴扎有时候会有一些杂技表演，比如说不停抛起球来又不停接住。以前我也试过这个，但是不知道怎么回事就是接不住球，反而全掉头上了。当时祖拜尔先生他们都笑了起来。嗯…好像在他们眼里，我的身体协调能力应该特别强一样…暴露短处了呢。"
      },
      {
        "Title": "想要了解妮露·其五",
        "Context": "以前有人说我就像是暖阳下的绿洲，让人感到治愈与温暖。我多多少少会高兴一下，但我的追求、我试图向大家呈现的价值不止在此。不过，和你相处久了我才知道，被人照顾和关怀是这样的感觉。现在…现在，我感觉那个比喻更适合你。"
      },
      {
        "Title": "妮露的爱好…",
        "Context": "我的人生就是跳舞，跳舞就是我的人生…到底该说哪个才比较好呢？哎呀，我果然不适合思考这些太有逻辑的东西。总之，我会一直跳下去的。用我的表演，让这份艺术之美被更多人看见。"
      },
      {
        "Title": "妮露的烦恼…",
        "Context": "我还是搞不懂哪些蘑菇有毒，哪些又没有…据说，颜色不管是鲜艳还是朴素的蘑菇，都有可能有毒。唔，好像明白了什么，又好像什么都没明白…"
      },
      {
        "Title": "喜欢的食物…",
        "Context": "甜食总能让人心情愉快，须弥大多数人都喜欢甜食哦！欸，你要不要也试试看？我可以给你一一介绍。"
      },
      {
        "Title": "讨厌的食物…",
        "Context": "我有点难以接受菌菇那一类，主要是害怕。不是那种见到了想逃走的害怕啦。我…我是小时候误吃过毒蘑菇，在床上躺了好几天…如果你想尝一尝须弥的菌菇美食，要记得确保是无毒蘑菇哦。"
      },
      {
        "Title": "收到赠礼·其一",
        "Context": "原来美食在舌尖起舞，指的就是这样的感觉…好神奇呀！"
      },
      {
        "Title": "收到赠礼·其二",
        "Context": "谢谢你。就像我不断练习跳舞一样，这道菜肴，一定也凝结着你的心血吧。"
      },
      {
        "Title": "收到赠礼·其三",
        "Context": "抱歉，可能是我最近胃口不太好，你别介意。"
      },
      {
        "Title": "生日…",
        "Context": "那个…生日快乐！我最近学会了一支新的舞蹈，想要跳给你看。呃，你问我紧张吗？呼——被你看出来了呀。因为，想要融合心意与技巧，不知不觉编得越来越难…总之，希望美好与快乐能永远留在你身边。"
      },
      {
        "Title": "突破的感受·起",
        "Context": "啊，这是什么感觉？"
      },
      {
        "Title": "突破的感受·承",
        "Context": "身体舒展开了，能比以往发挥得更出色吧。"
      },
      {
        "Title": "突破的感受·转",
        "Context": "我就像躺在一只大大的风史莱姆背上，好轻好轻。"
      },
      {
        "Title": "突破的感受·合",
        "Context": "我喜欢和你待在一起。嗯…我也不知道为什么，总感觉好像有蝴蝶要从胸腔飞出来一般…还是让我跳一支舞给你看吧。"
      },
      {
        "Title": "元素战技·其一",
        "Context": "来了哟。"
      },
      {
        "Title": "元素战技·其二",
        "Context": "准备跳喽。"
      },
      {
        "Title": "元素战技·其三",
        "Context": "全力以赴。"
      },
      {
        "Title": "元素爆发·其一",
        "Context": "和浪花共舞吧。"
      },
      {
        "Title": "元素爆发·其二",
        "Context": "请看好了哦。"
      },
      {
        "Title": "元素爆发·其三",
        "Context": "这支舞，献给你。"
      },
      {
        "Title": "打开宝箱·其一",
        "Context": "都给你。"
      },
      {
        "Title": "打开宝箱·其二",
        "Context": "我来帮忙一起收吧。"
      },
      {
        "Title": "打开宝箱·其三",
        "Context": "哇，是意外之喜。"
      },
      {
        "Title": "生命值低·其一",
        "Context": "唔，不用担心我…"
      },
      {
        "Title": "生命值低·其二",
        "Context": "真伤脑筋呀…"
      },
      {
        "Title": "生命值低·其三",
        "Context": "得快点深呼吸…"
      },
      {
        "Title": "同伴生命值低·其一",
        "Context": "别急，我来了。"
      },
      {
        "Title": "同伴生命值低·其二",
        "Context": "请让我来抵挡一阵！"
      },
      {
        "Title": "倒下·其一",
        "Context": "还没来得及…谢幕…"
      },
      {
        "Title": "倒下·其二",
        "Context": "不能…继续跳舞了吗…"
      },
      {
        "Title": "倒下·其三",
        "Context": "美丽之物，不要远去…"
      },
      {
        "Title": "重受击·其一",
        "Context": "啊，要稳住平衡。"
      },
      {
        "Title": "重受击·其二",
        "Context": "有点…疼。"
      },
      {
        "Title": "加入队伍·其一",
        "Context": "今天要去哪里跳舞呢？"
      },
      {
        "Title": "加入队伍·其二",
        "Context": "有什么我能帮忙的吗？"
      },
      {
        "Title": "加入队伍·其三",
        "Context": "啊…是叫我吗？来啦。"
      }
    ],
    "FetterStories": [
      {
        "Title": "角色详细",
        "Context": "「既然身处须弥，那就一定不能错过妮露的演出。」\n这是多数须弥人一致认可的事实。\n妮露的舞蹈，并没有门槛，人人都可以欣赏，都能从中享受一段「入神」的时光。\n妮露的观众，身份各异，不管是博闻强识的学者，还是刀口舔血的佣兵，大家都会被她的婀娜舞姿所吸引。\n妮露每每登台，大巴扎必是人流如潮。\n虽然在崇尚理性和智慧的须弥，代表着感性的艺术并不占据主流地位。\n但如果说智慧是神明赋予须弥的意义，那么艺术就是人类自身追寻的意义吧。"
      },
      {
        "Title": "角色故事1",
        "Context": "与这片大陆上其他来自艺术世家的典型舞者不同，妮露出身于一个普通的须弥家庭。\n一家三口曾经度过的生活，和众多在下城区居住的须弥人没什么两样。\n从虚空中获得的知识，足以过好平凡的每一天。\n如果说其中有什么特别的事情的话，那就是父母对独生女妮露关爱有加。\n虽然须弥的学习氛围浓重，但父母并没有拿妮露和别人家的孩子比较，也不指望妮露出人头地成为学者。\n快快乐乐长大，安安稳稳生活，是父母对妮露的唯一要求。\n妮露在这样充满爱与尊重的环境中长大，生性单纯，心思细腻，很善于为他人着想。\n后来，就算父母意见出现分歧，偶尔吵架，也因为有妮露的贴心调解，很快就能恢复如初。"
      },
      {
        "Title": "角色故事2",
        "Context": "大巴扎的每一处，都被妮露的脚印丈量过。大巴扎的每一人，都被妮露牢牢地记在心中。\n妮露能像介绍家人一般，详尽地介绍大巴扎的每一位成员。\n朱特先生通常会早早起来做米圆塔，如果想要吃上最鲜香可口的那一份，睡懒觉可不行。\n阿夫辛先生特别擅长讲故事，他那些奇妙的巧思，让人总是忍不住想要购买他的商品。\n卖玩具的胡尚先生，手非常灵巧，他能做出非常有趣的小玩具，很受孩子们的欢迎。\n当然，大家也早已把这位灵动的红发少女当做家庭成员。\n妮露每次采购的时候，从头走到尾，手上的东西总是会比采购清单上的来得要多，那份重量正是大家的心意。\n当然，妮露也照拂着大家。\n胡尚和法哈德因为打赌发生争执的时候，只要妮露一出现，两人就能和好如初。\n阿夫辛的驮兽要是偷吃了别人家的东西，妮露也会挺身而出，帮忙赔礼道歉。\n如果问妮露为什么这么热心的话，她会笑着回答：\n「因为一家人就是要互帮互助嘛，嘿嘿。」\n对妮露来说，和父母组成的是小小的家，而和大巴扎所有人一起组成的是大大的家。"
      },
      {
        "Title": "角色故事3",
        "Context": "妮露清清楚楚地记得，遇到老师是在自己八岁那年的花神诞祭。\n当年，花之骑士送了她特别多的雅尔达糖，小妮露双手怀抱着糖果路过了祖拜尔剧场。\n花神诞祭少不了舞蹈庆祝，但之前都是请外来的舞团在临时搭建的舞台上载歌载舞。\n现在大巴扎终于有了自己的剧场，激动的人们如潮涌至，团团围住这崭新的舞台。\n小妮露好不容易才从人群中挤到了舞台前，第一次看到了老师跳舞。\n就算舞台上并没有鲜花点缀，但那一刻，她仿佛看到了千万花朵绽放于舞台之上。\n无意识间，糖果哗啦啦地落地，小妮露忍不住跟着舞台上的老师一起跳了起来。\n一舞终了，小妮露才意识到自己做了什么，慌慌忙忙地向周围腾出位置来的人们道歉。\n老师也是在这个时候从舞台上款步走了下来，陪着小妮露捡起了雅尔达糖。\n她向小妮露伸出了手，举止优雅——\n「今后要不要和我一起来跳舞？」"
      },
      {
        "Title": "角色故事4",
        "Context": "虽然一直身处智慧之都——须弥，但妮露并没有展露出任何「知识」方面的天赋。不过，她似乎总能用自己的方式安抚他人的情绪。\n「这大概就是小吉祥草王大人慷慨赠送给我的礼物吧。」\n跟着老师开始学习跳舞之后，妮露深刻地感受到了肢体语言的力量。\n她将她的天赋和肢体语言相结合，自创出一套肢体动作疗愈法。\n比如，遇到祖拜尔先生火冒三丈的时候，整个剧场都会战战兢兢如履薄冰…\n只有妮露温柔地笑着，用手臂和手指在空中接连比划出奇妙的图案。\n「想象一下，现在在刚刚下过雨的雨林里，你跟着我一直往前走啊走，和每一只擦肩而过的动物朋友都打打招呼，挥挥手，把其他事情远远地甩在身后…」\n或许在旁人看来这难免有些幼稚滑稽，但对当事人来说，在妮露轻声细语的叙述下，脑中的怒火不知不觉间就已烟消云散。\n更为奇妙的是，据阿夫辛先生说，这一套肢体动作疗愈法最近还有发展的趋势，甚至对他那两只脾气倔强的驮兽都有效果…"
      },
      {
        "Title": "角色故事5",
        "Context": "无论是面对日常生活，还是舞台表演，妮露一直以来抱有的想法都很单纯——\n消解大家的心事，让所有人怡然自乐。\n但当「麻烦事」出现在她自己头上，她往往就会因为无法做出判断而苦恼起来。\n「米圆塔」很好吃，「口袋饼」也不错，路上还看到有人手捧「土豆船」，我今晚究竟该吃哪一个？\n听人说起了须弥城之外的地方…白皑皑的雪山，像巨人一样高大的风车，我是不是也该考虑出门旅行一次？\n无论哪种选项，妮露都能找到相应的理由。它们彼此就像几只对坐着鼓起肚子的丛林树蛙，谁也说服不了谁。\n但如果这时出现了一位能够做出决策的人，自信且沉着地告诉她：\n「每种准备一半的量，想吃什么，我们一起分享。」\n「那些对你而言陌生的地方并无危险，我已踏足一遍。」\n…妮露恐怕会恍然大悟，举起双臂以舞姿般优雅的动作道谢，很长时间都沉浸在解决了大问题的开心之中。"
      },
      {
        "Title": "观众来信集",
        "Context": "在舞台上不收取观众的礼物，是祖拜尔剧场长久以来的原则。\n但难免会有过于好心的观众硬是将礼物塞到妮露怀中，尽管第二天对方准会在家门口发现回礼，加上一则留言——\n「谢谢您的心意。如果想要表达对妮露表演的喜欢，下次不必送礼，请给祖拜尔剧场写信就好。」\n如雪花纷飞一般，那些热情一封封地被暝彩鸟衔着送到剧场的信箱里。\n在没有演出和彩排的空闲时间里，妮露会仔仔细细地阅读每一封读者来信，与祖拜尔剧场的成员们一同分享，最后再一丝不苟地将其珍藏密敛。\n信中的每一个字符，每一份真挚的情感，都是值得感激铭记之物。\n随着妮露的舞技日趋纯熟，慕名而来的观众也越来越多。薄薄的一张张信纸，经年累月，变成了厚厚的一本合集。\n如果有人开玩笑说妮露是祖拜尔剧场最大的财富，她一定会甜甜地笑着摇头。\n「我们的财富是观众的喜爱，它装在一个最神秘的箱子里哦。」"
      },
      {
        "Title": "神之眼",
        "Context": "妮露曾经不止一次听老师说起舞蹈的意义，舞蹈诞生于人类生活，从始至终属于人类。\n「要用舞蹈传递感情，而观众的笑容正是他们情感的回应。」\n她明白自己不如教令院的学者，并不擅长思考事物背后的「意义」。但正所谓耳濡目染，每日跟随老师练习的妮露，原本打算沿着她的道路一直向前。\n直到她的第一次登台，妮露在表演的时候越跳越投入，逐渐毫无保留。\n她想到了风，想到了月，想到了蔷薇绽放的轻响与暝彩鸟尾羽的触感，想到了万千美丽的事物。\n她想将自己的想象用肢体动作表达，她想让自己心中的美好，被所有观众得见。\n舞台渐渐泛起水花，变成了湖面，宛若晶蝶点水一般，妮露轻快的舞步划过水面，泛起点点涟漪。\n她的身影仿佛一朵在湖水上卷舒的睡莲，在场观众，无不为这种纯粹而天巧之美惊叹。\n谢幕之后，妮露跌坐在后台的凳子上，大口大口地深呼吸。\n水元素神之眼在她的腰间，就像是缀于莲花花瓣上的晶莹露珠。\n妮露想着，或许她已经找到舞蹈对自己的意义了——\n成为美，然后，传递艺术的美丽与价值。"
      }
    ]
  },
  "Costumes": [
    {
      "Id": 207001,
      "Name": "莎邦之息",
      "Description": "妮露的典雅服饰，千花编织般的轻盈裙装，如有黎明时的东风捎来淡香，承载着童话世界的美好祝福。",
      "IsDefault": false,
      "FrontIcon": "UI_AvatarIcon_NilouCostumeFairy",
      "SideIcon": "UI_AvatarIcon_Side_NilouCostumeFairy"
    },
    {
      "Id": 207000,
      "Name": "非花非雾",
      "Description": "妮露的装扮款式。既非花也非雾，她身着舞衣飞旋时却有如花开雾起。",
      "IsDefault": true
    }
  ],
  "CultivationItems": [
    104124,
    113038,
    101214,
    112061,
    104337,
    113033
  ],
  "NameCard": {
    "Name": "妮露·莲舞",
    "Description": "名片纹饰。\n绽于净水的莲华，不过是她足尖下的一刹流光。",
    "Icon": "UI_NameCardIcon_Nilou",
    "PicturePrefix": "UI_NameCardPic_Nilou"
  }
}