{
  "Id": 10000023,
  "PromoteId": 23,
  "Sort": 18,
  "Body": 2,
  "Icon": "UI_AvatarIcon_Xiangling",
  "SideIcon": "UI_AvatarIcon_Side_Xiangling",
  "Name": "香菱",
  "Description": "来自璃月，名声在外的少女厨师，对料理之道极具热情，拿手麻辣菜肴堪称一绝。",
  "BeginTime": "2020-09-15T04:00:00+08:00",
  "Quality": 4,
  "Weapon": 13,
  "BaseValue": {
    "HpBase": 911.791,
    "AttackBase": 18.87648,
    "DefenseBase": 56.0805
  },
  "GrowCurves": [
    {
      "Type": 1,
      "Value": 22
    },
    {
      "Type": 4,
      "Value": 32
    },
    {
      "Type": 7,
      "Value": 22
    }
  ],
  "SkillDepot": {
    "Arkhe": 0,
    "Skills": [
      {
        "GroupId": 2331,
        "Proud": {
          "Descriptions": [
            "一段伤害|{param1:F1P}",
            "二段伤害|{param2:F1P}",
            "三段伤害|{param3:F1P}+{param3:F1P}",
            "四段伤害|{param4:F1P}*4",
            "五段伤害|{param5:F1P}",
            "重击伤害|{param6:P}",
            "重击体力消耗|{param7:F1}点",
            "下坠期间伤害|{param8:F1P}",
            "低空/高空坠地冲击伤害|{param9:P}/{param10:P}"
          ],
          "Parameters": [
            {
              "Level": 1,
              "Parameters": [
                0.42054,
                0.4214,
                0.26058,
                0.14104,
                0.71036,
                1.2169,
                25,
                0.639324,
                1.278377,
                1.596762
              ]
            },
            {
              "Level": 2,
              "Parameters": [
                0.45477,
                0.4557,
                0.28179,
                0.15252,
                0.76818,
                1.31595,
                25,
                0.691362,
                1.382431,
                1.726731
              ]
            },
            {
              "Level": 3,
              "Parameters": [
                0.489,
                0.49,
                0.303,
                0.164,
                0.826,
                1.415,
                25,
                0.7434,
                1.486485,
                1.8567
              ]
            },
            {
              "Level": 4,
              "Parameters": [
                0.5379,
                0.539,
                0.3333,
                0.1804,
                0.9086,
                1.5565,
                25,
                0.81774,
                1.635134,
                2.04237
              ]
            },
            {
              "Level": 5,
              "Parameters": [
                0.57213,
                0.5733,
                0.35451,
                0.19188,
                0.96642,
                1.65555,
                25,
                0.869778,
                1.739187,
                2.172339
              ]
            },
            {
              "Level": 6,
              "Parameters": [
                0.61125,
                0.6125,
                0.37875,
                0.205,
                1.0325,
                1.76875,
                25,
                0.92925,
                1.858106,
                2.320875
              ]
            },
            {
              "Level": 7,
              "Parameters": [
                0.66504,
                0.6664,
                0.41208,
                0.22304,
                1.12336,
                1.9244,
                25,
                1.011024,
                2.02162,
                2.525112
              ]
            },
            {
              "Level": 8,
              "Parameters": [
                0.71883,
                0.7203,
                0.44541,
                0.24108,
                1.21422,
                2.08005,
                25,
                1.092798,
                2.185133,
                2.729349
              ]
            },
            {
              "Level": 9,
              "Parameters": [
                0.77262,
                0.7742,
                0.47874,
                0.25912,
                1.30508,
                2.2357,
                25,
                1.174572,
                2.348646,
                2.933586
              ]
            },
            {
              "Level": 10,
              "Parameters": [
                0.8313,
                0.833,
                0.5151,
                0.2788,
                1.4042,
                2.4055,
                25,
                1.26378,
                2.527025,
                3.15639
              ]
            },
            {
              "Level": 11,
              "Parameters": [
                0.898537,
                0.900375,
                0.556762,
                0.30135,
                1.517775,
                2.600062,
                25,
                1.352988,
                2.705403,
                3.379194
              ]
            },
            {
              "Level": 12,
              "Parameters": [
                0.977609,
                0.979608,
                0.605758,
                0.327869,
                1.651339,
                2.828868,
                25,
                1.442196,
                2.883781,
                3.601998
              ]
            },
            {
              "Level": 13,
              "Parameters": [
                1.05668,
                1.058841,
                0.654753,
                0.354388,
                1.784903,
                3.057673,
                25,
                1.531404,
                3.062159,
                3.824802
              ]
            },
            {
              "Level": 14,
              "Parameters": [
                1.135751,
                1.138074,
                0.703748,
                0.380906,
                1.918468,
                3.286479,
                25,
                1.620612,
                3.240537,
                4.047606
              ]
            },
            {
              "Level": 15,
              "Parameters": [
                1.222011,
                1.22451,
                0.757197,
                0.409836,
                2.064174,
                3.536085,
                25,
                1.70982,
                3.418915,
                4.27041
              ]
            }
          ]
        },
        "Id": 10231,
        "Name": "普通攻击·白案功夫",
        "Description": "<color=#FFD780FF>普通攻击</color>\n进行至多五段的连续枪击。\n\n<color=#FFD780FF>重击</color>\n消耗一定体力，向前方突进，对路径上的敌人造成伤害。\n\n<color=#FFD780FF>下落攻击</color>\n从空中下坠冲击地面，攻击下落路径上的敌人，并在落地时造成范围伤害。",
        "Icon": "Skill_A_03"
      },
      {
        "GroupId": 2332,
        "Proud": {
          "Descriptions": [
            "喷火伤害|{param1:P}",
            "冷却时间|{param2:F1}秒"
          ],
          "Parameters": [
            {
              "Level": 1,
              "Parameters": [
                1.1128,
                12
              ]
            },
            {
              "Level": 2,
              "Parameters": [
                1.19626,
                12
              ]
            },
            {
              "Level": 3,
              "Parameters": [
                1.27972,
                12
              ]
            },
            {
              "Level": 4,
              "Parameters": [
                1.391,
                12
              ]
            },
            {
              "Level": 5,
              "Parameters": [
                1.47446,
                12
              ]
            },
            {
              "Level": 6,
              "Parameters": [
                1.55792,
                12
              ]
            },
            {
              "Level": 7,
              "Parameters": [
                1.6692,
                12
              ]
            },
            {
              "Level": 8,
              "Parameters": [
                1.78048,
                12
              ]
            },
            {
              "Level": 9,
              "Parameters": [
                1.89176,
                12
              ]
            },
            {
              "Level": 10,
              "Parameters": [
                2.00304,
                12
              ]
            },
            {
              "Level": 11,
              "Parameters": [
                2.11432,
                12
              ]
            },
            {
              "Level": 12,
              "Parameters": [
                2.2256,
                12
              ]
            },
            {
              "Level": 13,
              "Parameters": [
                2.3647,
                12
              ]
            },
            {
              "Level": 14,
              "Parameters": [
                2.5038,
                12
              ]
            },
            {
              "Level": 15,
              "Parameters": [
                2.6429,
                12
              ]
            }
          ]
        },
        "Id": 10232,
        "Name": "锅巴出击",
        "Description": "唤出喷火的锅巴，存在期间内，不断对敌人喷火，造成<color=#FF9999FF>火元素范围伤害</color>。\n\n<i>锅巴喜欢吃火辣的食物。但锅巴承受不了如此火辣的食物。</i>",
        "Icon": "Skill_S_Xiangling_01"
      }
    ],
    "EnergySkill": {
      "GroupId": 2339,
      "Proud": {
        "Descriptions": [
          "一段挥舞伤害|{param1:F1P}",
          "二段挥舞伤害|{param2:F1P}",
          "三段挥舞伤害|{param3:P}",
          "旋火轮伤害|{param4:P}",
          "持续时间|{param5:F1}秒",
          "冷却时间|{param6:F1}秒",
          "元素能量|{param7:I}"
        ],
        "Parameters": [
          {
            "Level": 1,
            "Parameters": [
              0.72,
              0.88,
              1.096,
              1.12,
              10,
              20,
              80
            ]
          },
          {
            "Level": 2,
            "Parameters": [
              0.774,
              0.946,
              1.1782,
              1.204,
              10,
              20,
              80
            ]
          },
          {
            "Level": 3,
            "Parameters": [
              0.828,
              1.012,
              1.2604,
              1.288,
              10,
              20,
              80
            ]
          },
          {
            "Level": 4,
            "Parameters": [
              0.9,
              1.1,
              1.37,
              1.4,
              10,
              20,
              80
            ]
          },
          {
            "Level": 5,
            "Parameters": [
              0.954,
              1.166,
              1.4522,
              1.484,
              10,
              20,
              80
            ]
          },
          {
            "Level": 6,
            "Parameters": [
              1.008,
              1.232,
              1.5344,
              1.568,
              10,
              20,
              80
            ]
          },
          {
            "Level": 7,
            "Parameters": [
              1.08,
              1.32,
              1.644,
              1.68,
              10,
              20,
              80
            ]
          },
          {
            "Level": 8,
            "Parameters": [
              1.152,
              1.408,
              1.7536,
              1.792,
              10,
              20,
              80
            ]
          },
          {
            "Level": 9,
            "Parameters": [
              1.224,
              1.496,
              1.8632,
              1.904,
              10,
              20,
              80
            ]
          },
          {
            "Level": 10,
            "Parameters": [
              1.296,
              1.584,
              1.9728,
              2.016,
              10,
              20,
              80
            ]
          },
          {
            "Level": 11,
            "Parameters": [
              1.368,
              1.672,
              2.0824,
              2.128,
              10,
              20,
              80
            ]
          },
          {
            "Level": 12,
            "Parameters": [
              1.44,
              1.76,
              2.192,
              2.24,
              10,
              20,
              80
            ]
          },
          {
            "Level": 13,
            "Parameters": [
              1.53,
              1.87,
              2.329,
              2.38,
              10,
              20,
              80
            ]
          },
          {
            "Level": 14,
            "Parameters": [
              1.62,
              1.98,
              2.466,
              2.52,
              10,
              20,
              80
            ]
          },
          {
            "Level": 15,
            "Parameters": [
              1.71,
              2.09,
              2.603,
              2.66,
              10,
              20,
              80
            ]
          }
        ]
      },
      "Id": 10235,
      "Name": "旋火轮",
      "Description": "以控制火候与枪术的精湛技巧，甩出围绕自己快速旋转的旋火轮。\n存在期间内，旋火轮会跟随角色运动，对路径上的敌人造成<color=#FF9999FF>火元素伤害</color>。\n\n<i>火力永远不够。远远不够。</i>",
      "Icon": "Skill_E_Xiangling_01"
    },
    "Inherents": [
      {
        "GroupId": 2321,
        "Proud": {
          "Descriptions": [],
          "Parameters": [
            {
              "Level": 1,
              "Parameters": [
                0.2
              ]
            }
          ]
        },
        "Id": 232101,
        "Name": "交叉火力",
        "Description": "锅巴的喷火距离提高20%。",
        "Icon": "UI_Talent_S_Xiangling_05"
      },
      {
        "GroupId": 2322,
        "Proud": {
          "Descriptions": [],
          "Parameters": [
            {
              "Level": 1,
              "Parameters": [
                0.1,
                10
              ]
            }
          ]
        },
        "Id": 232201,
        "Name": "绝云朝天椒",
        "Description": "<color=#FFD780FF>锅巴出击</color>效果结束时，锅巴会在消失的位置留下辣椒。拾取辣椒会提高10%攻击力，持续10秒。",
        "Icon": "UI_Talent_S_Xiangling_06"
      },
      {
        "GroupId": 2323,
        "Proud": {
          "Descriptions": [],
          "Parameters": [
            {
              "Level": 1,
              "Parameters": []
            }
          ]
        },
        "Id": 232301,
        "Name": "万民堂大厨",
        "Description": "完美烹饪攻击类食物时，有12%概率获得2倍产出。",
        "Icon": "UI_Talent_Cook_Attack"
      }
    ],
    "Talents": [
      {
        "Id": 231,
        "Name": "外酥里嫩",
        "Description": "受到锅巴攻击的敌人，<color=#FF9999FF>火元素抗性</color>降低15%，持续6秒。",
        "Icon": "UI_Talent_S_Xiangling_01"
      },
      {
        "Id": 232,
        "Name": "大火宽油",
        "Description": "普通攻击的最后一击会对敌人施加持续2秒的内爆效果，持续时间结束时会发生爆炸，造成75%攻击力的<color=#FF9999FF>火元素范围伤害</color>。",
        "Icon": "UI_Talent_S_Xiangling_02"
      },
      {
        "Id": 233,
        "Name": "武火急烹",
        "Description": "<color=#FFD780FF>旋火轮</color>的技能等级提高3级。\n至多提升至15级。",
        "Icon": "UI_Talent_U_Xiangling_02",
        "ExtraLevel": {
          "Index": 9,
          "Level": 3
        }
      },
      {
        "Id": 234,
        "Name": "文火慢煨",
        "Description": "<color=#FFD780FF>旋火轮</color>的持续时间延长40%。",
        "Icon": "UI_Talent_S_Xiangling_03"
      },
      {
        "Id": 235,
        "Name": "锅巴凶猛",
        "Description": "<color=#FFD780FF>锅巴出击</color>的技能等级提高3级。\n至多提升至15级。",
        "Icon": "UI_Talent_U_Xiangling_01",
        "ExtraLevel": {
          "Index": 2,
          "Level": 3
        }
      },
      {
        "Id": 236,
        "Name": "大龙卷旋火轮",
        "Description": "<color=#FFD780FF>旋火轮</color>持续期间，队伍中所有角色获得15%<color=#FF9999FF>火元素伤害加成</color>。",
        "Icon": "UI_Talent_S_Xiangling_04"
      }
    ]
  },
  "FetterInfo": {
    "Title": "万民百味",
    "Detail": "来自璃月、名声在外的少女厨师，对料理之道极具热情，拿手麻辣菜肴堪称一绝。",
    "Association": 2,
    "Native": "万民堂",
    "BirthMonth": 11,
    "BirthDay": 2,
    "VisionBefore": "火",
    "ConstellationBefore": "长杓座",
    "CvChinese": "小N",
    "CvJapanese": "小泽亚李",
    "CvEnglish": "杰基·拉斯塔",
    "CvKorean": "尹娥煐",
    "CookBonus": {
      "OriginItemId": 108075,
      "ItemId": 108135,
      "InputList": [
        100084,
        100027,
        100075,
        100034
      ]
    },
    "Fetters": [
      {
        "Title": "初次见面…",
        "Context": "我是来自璃月的厨师香菱，最擅长的是做各种捞…捞，料理…哎呀，练了那么多次，还是会紧张，嘿。"
      },
      {
        "Title": "闲聊·点心",
        "Context": "要吃点点心休息一下吗？我准备了一箩！"
      },
      {
        "Title": "闲聊·火史莱姆",
        "Context": "火史莱姆，是椒盐…还是做成蒜香的好呢？"
      },
      {
        "Title": "闲聊·觅食",
        "Context": "嗯，闲着也是闲着，还不如一起找找食材去！"
      },
      {
        "Title": "下雨的时候·态度",
        "Context": "嗯…我不太喜欢雨天。"
      },
      {
        "Title": "下雨的时候·疏忽",
        "Context": "我想想…今天有没有晒衣服出去…"
      },
      {
        "Title": "雨过天晴…",
        "Context": "走走走，我带你去找松茸！"
      },
      {
        "Title": "起风的时候…",
        "Context": "风史莱姆最喜欢在这种天气活动，快趁机多收集点儿！我给你做史莱姆沙冰！"
      },
      {
        "Title": "早上好…",
        "Context": "来得正好！一起去补充点食材吧？"
      },
      {
        "Title": "中午好…",
        "Context": "午饭已经做好了，快过来吃哦！啊呜…来晚了可就没了。"
      },
      {
        "Title": "晚上好…",
        "Context": "要吃夜宵吗？我这正好做了串炭烤岩蜥蜴。哎呀，别盯着了，快尝尝吧！"
      },
      {
        "Title": "晚安…",
        "Context": "喂…你不会是想背着我偷偷吃什么好东西吧？哦，只是休息啊…嘿嘿，那晚安喔。"
      },
      {
        "Title": "关于香菱自己…",
        "Context": "你见过蒙德城的龙？有多大？哇，不是吧。那要是做成龙肉排——嗯，该有多棒啊！"
      },
      {
        "Title": "关于我们·长处",
        "Context": "虽然比起认路我更擅长做饭，但…不管啦，出门喊我准没错！"
      },
      {
        "Title": "关于我们·新知识",
        "Context": "自从认识你，我好像学会了不少料理以外的知识。欸？呃…你问我都有些什么？嗯…嗯…你突然这样问，我又有点想不起来了。算了算了，我原本就不擅长这些，还是给你做两道新菜尝尝吧！"
      },
      {
        "Title": "关于「神之眼」…",
        "Context": "无论什么时候，我都要做出所有人都爱吃的料理。神一定也认为这是正确的事情，才授予了我这个连大师父也没有的「神之眼」…唔，怎么说来着…哦，以资鼓励！"
      },
      {
        "Title": "有什么想要分享…",
        "Context": "如果拉肚子了，喝一杯霓裳花泡的茶就会好的！欸？我懂一点食疗方法也不用奇怪吧！"
      },
      {
        "Title": "感兴趣的见闻…",
        "Context": "我喜欢洋葱！…我试过十几种切洋葱不会流泪的方法，没一个对我有用。但这也阻止不了我喜欢洋葱！"
      },
      {
        "Title": "关于白术…",
        "Context": "嗯？我闻到了雾虚花的香气！是白先生，白先生来帮你看病了吗？你是哪里不舒服，头晕还是胃疼？还是嗓子痒？还是没力气？哦…没生病啊。那还好。不然白先生会给你超——苦的药哦。"
      },
      {
        "Title": "关于凝光…",
        "Context": "哦！刚才那个，是「天权」大人啊…嗯，你凑过来点。再，再过来点。我跟你说哦，她可是一个特别厉害的人，港内的事情她什么都知道。所以，你也要小心一点，不要被她盯上了…"
      },
      {
        "Title": "关于胡桃…",
        "Context": "唔，你是不是也被胡桃欺负过？她老是趁我不注意躲到我后面，这样突然拍我的后背，得逞了还嘿嘿地笑，哼。但我大人大量，看在她每次都会给我带酿梅花做线花糕的份上，才没跟她斤斤计较。"
      },
      {
        "Title": "关于迪奥娜…",
        "Context": "清泉镇的迪奥娜！啊啊，听说她能调出特别好喝的酒，我专门拜访过她！想着如果能把调酒的秘方借鉴到料理上，说不定也能做出美味。但是，她给我的秘方，比如啤酒里泡蜥蜴尾巴，蒲公英酒里放小块熏鱼…做出来都不是很好吃。呜，果然还是要靠自己吗？"
      },
      {
        "Title": "关于北斗…",
        "Context": "北斗姐姐人特别好！跟着她出去航海的话，每次都能捕获到好多新鲜的食材！章鱼脚拿来煲汤最好，海天青就要用辣椒好好炝一炝。不光北斗姐姐，「南十字」的船员们都很喜欢我做的菜呢。"
      },
      {
        "Title": "关于钟离…",
        "Context": "我遇到过不少挑剔的食客，但像钟离先生那种嘴巴上讲究，还能一针见血的，真的就只有他一个！那天我给他上的第一道菜是「椒盐豆腐」，他只尝了一口，就问我用的是什么盐，然后又说什么「不妨试试孤云阁浅海处提炼的海盐吧，它的层次感能够为豆腐赋予更多鲜味」。我试过之后味道真的大有不同。你说，他是不是好厉害！"
      },
      {
        "Title": "关于重云…",
        "Context": "重云啊，他总是跟着行秋一起来「万民堂」吃饭…呃，或者应该说，是被行秋拖来的？但是重云不吃热食。每次热菜上桌，行秋就会客客气气地说一声「失敬」，然后动起筷子逐一评点起每道菜的美味之处，他那夸得呀，我都想冲过去尝一口！你是没见到重云那种眼神，哈哈哈。还挺有趣的呢，他俩。"
      },
      {
        "Title": "关于甘雨…",
        "Context": "甘雨？嗯…啊啊有印象有印象，是那位只吃素食的客人吧！她来「万民堂」的次数不算多，每次都是一个人躲在小角落里不吭声地吃着饭。我嘛，看她孤孤单单有些可怜，就总帮她多舀两大勺菜。没想到，她每次都能全部吃完！真是不可貌相。"
      },
      {
        "Title": "关于瑶瑶…",
        "Context": "嘿嘿，她啊，是我引以为豪的小师妹喔！不过呀，她很久没来「万民堂」玩儿了。是大师父放心不下吧…哼，明明生的云来大章鱼那么好吃，瑶瑶上次不光不让我吃，还叫上大师父一起训斥我，呜…有时候真不知道，到底谁才是师姐了。"
      },
      {
        "Title": "关于辛焱…",
        "Context": "辛焱经常来「万民堂」吃夜宵喔！像行秋、重云他们不敢试吃的新品，辛焱就会毫不犹豫地下筷…而且有八成以上的概率喜欢！哎，真是很不错的人呐。"
      },
      {
        "Title": "关于夜兰…",
        "Context": "夜兰姐？我当然记得她啦。第一次见面时，我还猜她会喜欢那种清淡的菜式，没想到她是我见过最能吃辣的客人！菜肴里的辣味她觉得不够，居然把绝云椒椒直接嚼来吃！真了不起。"
      },
      {
        "Title": "关于嘉明…",
        "Context": "哎呀，知道嘉明要来，我就会早早备上一大壶茶水，方便他涮辣菜。我提议说给他做一份不辣的，但他却摆着手说就喜欢原汁原味的配方…不会错的，那不是客套话，我能分辨出真正食客的眼神！嘿嘿，那我当然也不能让他失望啦！"
      },
      {
        "Title": "关于蓝砚…",
        "Context": "锅巴很喜欢她！第一天见面就不停地跟她握手，不知道的还以为他们认识了很久呢哈哈！我已经蓝师傅约好啦，让她带我去抓昆虫，采野蕈…嘻嘻，等我的新菜创作出来之后，你们都要来吃哦！"
      },
      {
        "Title": "想要了解香菱·其一",
        "Context": "烤鸽子肉，来两串？哎呀~尝尝嘛。加了我的独门秘方，绝对跟其他家的不一样！"
      },
      {
        "Title": "想要了解香菱·其二",
        "Context": "大师父教我的枪法，很厉害吧？你想学的话我也可以教给你哦！不过说到这个…要是你愿意跟我学厨就好了！我的这些技巧和配方，要流传得远远的才好呢。"
      },
      {
        "Title": "想要了解香菱·其三",
        "Context": "问我的愿望吗？那当然是要创造全新的新菜系！璃菜和月菜都是有极限的。哦，关键一定在于辣味吧！事不宜迟，让我爆炒个锅巴辣椒给你尝尝！"
      },
      {
        "Title": "想要了解香菱·其四",
        "Context": "嗯！我看你已经快被我的厨艺征服了嘛~是时候给你品尝我苦心研制的新菜品了——七彩琉璃大煎饼。喏喏，这薄薄一层蛋皮里面包着红色的松鼠火腿，橙色的胡萝卜，黄色的太阳蛙肉，绿色的嘟嘟莲，蓝色的蝴蝶翅膀…呃？真的不想吃吗？"
      },
      {
        "Title": "想要了解香菱·其五",
        "Context": "我…有点想不明白，明明以前睡一觉就好了的，这可不是我的风格。啊呀，不行！还是让你来想吧！嗯…我很想让你一直试吃我的新菜，但不知道从什么时候起，如果你吃坏了肚子，我也会特别难受。我，我到底该怎么办呢？"
      },
      {
        "Title": "香菱的爱好…",
        "Context": "看着点哦！像这样烧热一锅油，然后，把去掉翅膀的晶蝶这样放下去炸…哎呀你别走啊，超香的啦！"
      },
      {
        "Title": "香菱的烦恼…",
        "Context": "呜，史莱姆滑蘑菇一份也没卖出去。就因为卖相不好吗？口感明明很棒的呀…"
      },
      {
        "Title": "喜欢的食物…",
        "Context": "喜欢的食物呀，嘿，那当然是尚且不知道味道的新菜啦！欸，我这样回答很狡猾？呜，明明说的是实话嘛。"
      },
      {
        "Title": "讨厌的食物…",
        "Context": "我是不会对食物有什么偏见的！只有不合适的做法，没有不合格的食物！"
      },
      {
        "Title": "收到赠礼·其一",
        "Context": "哇，这就是…「噼咔」的味道！"
      },
      {
        "Title": "收到赠礼·其二",
        "Context": "嗯，你做菜真有一套。下次就换我来露两手吧。"
      },
      {
        "Title": "收到赠礼·其三",
        "Context": "难道是做法的问题吗？总觉得哪里怪怪的…"
      },
      {
        "Title": "生日…",
        "Context": "啊，找到你了！快来，我给你做了一整桌的菜喔！嘿嘿，不用急着夸我，先等你尝过味道再慢慢说吧！"
      },
      {
        "Title": "突破的感受·起",
        "Context": "呼哇~！好爽！全身上下都充满了力量！"
      },
      {
        "Title": "突破的感受·承",
        "Context": "嘿、哈！好！一拳就能把野物打晕…保证食材新鲜！"
      },
      {
        "Title": "突破的感受·转",
        "Context": "有这种力量的话…终于可以…不好，口水要流下来了！"
      },
      {
        "Title": "突破的感受·合",
        "Context": "父亲曾经说过：「想做出十分的菜肴，就要投入十二分的热情。」我懂的、我懂的！能走到今天这个地步，一定是因为有你付出了十二分的热情陪我练习。嗯，那我也要再加倍…用再加倍的热情来回应你！"
      },
      {
        "Title": "元素战技·其一",
        "Context": "锅巴，喷火！"
      },
      {
        "Title": "元素战技·其二",
        "Context": "热和热和嘛。"
      },
      {
        "Title": "元素战技·其三",
        "Context": "开锅了开锅了！"
      },
      {
        "Title": "元素爆发·其一",
        "Context": "嘿…哈！"
      },
      {
        "Title": "元素爆发·其二",
        "Context": "讲不通，就打扁咯！"
      },
      {
        "Title": "元素爆发·其三",
        "Context": "见识下师父的枪法！"
      },
      {
        "Title": "冲刺开始·其一",
        "Context": "跑起来跑起来！"
      },
      {
        "Title": "冲刺结束·其一",
        "Context": "肚子岔气了…"
      },
      {
        "Title": "打开宝箱·其一",
        "Context": "是新的食材！"
      },
      {
        "Title": "打开宝箱·其二",
        "Context": "大丰收大丰收！"
      },
      {
        "Title": "打开宝箱·其三",
        "Context": "我会物尽其用！"
      },
      {
        "Title": "生命值低·其一",
        "Context": "呜，今天的食材好凶啊。"
      },
      {
        "Title": "生命值低·其二",
        "Context": "哎呀，疼疼疼…"
      },
      {
        "Title": "生命值低·其三",
        "Context": "我是不是惹了个不得了的家伙！"
      },
      {
        "Title": "同伴生命值低·其一",
        "Context": "别着急，歇会儿再打吧？"
      },
      {
        "Title": "同伴生命值低·其二",
        "Context": "快回来！"
      },
      {
        "Title": "倒下·其一",
        "Context": "搞砸了呢…"
      },
      {
        "Title": "倒下·其二",
        "Context": "突然…好渴啊…"
      },
      {
        "Title": "倒下·其三",
        "Context": "是不是…连累你了…"
      },
      {
        "Title": "普通受击·其一",
        "Context": "不要打我…"
      },
      {
        "Title": "重受击·其一",
        "Context": "救命啊，食材打人啦！"
      },
      {
        "Title": "重受击·其二",
        "Context": "还挺疼的唔…"
      },
      {
        "Title": "加入队伍·其一",
        "Context": "佐料带全了！"
      },
      {
        "Title": "加入队伍·其二",
        "Context": "长枪磨亮了！"
      },
      {
        "Title": "加入队伍·其三",
        "Context": "一刻都不想多等！"
      }
    ],
    "FetterStories": [
      {
        "Title": "角色详细",
        "Context": "「来了来了，爆炒肉片一份！这是你的，『摩拉肉』。还有你的，秘制炸萝卜丸子。」\n璃月有块地方叫「吃虎岩」，「吃虎岩」有个饭馆叫「万民堂」。\n在这条人来人往的街道上，必须保持万分专注才能一心向前。\n初来乍到的旅人稍有不慎，就会被菜肴香气勾出馋虫，又或者按捺不下对这嗓音的好奇，探头望向店里。\n而香菱，「万民堂」的跑堂兼大厨，正往客桌上摆放热气腾腾的美食。\n「空着的位置可以随意坐。有什么想吃的，菜谱上没有我也能做！」\n对「万民堂」店员来说，平日判断来客是否「万民堂」熟客的办法，除了认脸，便是听他的第一句话。\n不用菜谱直接点菜的，一定来过不止一次；要是问出「今天香菱下厨吗」，就保准是个老道的饕客。"
      },
      {
        "Title": "角色故事1",
        "Context": "香菱已经数不清自己毁掉了多少个家里的锅，它们或是被火史莱姆的高温烧糊了锅底，或是在冰雾花的急速冷却下爆出了裂痕，更有甚者，是在小型爆炸后化作了面目全非的一团。面对此等破坏力，香菱的父亲再三斟酌，才没给她贴上「厨房禁入令」。\n「自家孩子天性就有些冒失莽撞，外加想象力有那么些丰富，脑袋里闪过什么『创意菜肴』总喜欢先动手尝试，才有了这样的结果。也未必是坏事…」\n香菱的父亲是这样自我安慰的。\n总而言之，「万民堂」账簿支出一栏，经常会增添一口锅的价目。"
      },
      {
        "Title": "角色故事2",
        "Context": "「做料理有很多秘诀。不过最最重要的秘诀就是，要对料理有绝对热爱的心。」\n香菱决心学厨后，父亲将自己的心血「食谱笔札」交给了她。扉页上赫然写着这样一句话。\n要是换作别人，可能早就开始抱怨这是什么老掉牙的教导了。香菱却将它视若珍宝。\n在香菱眼里，父亲正是秉承着这样的信条，才能在「璃菜」「月菜」两派相争倾轧下坚持至今。\n可那时，两大菜系的明争暗斗已趋于白热化，不少小饭馆都遭到打压，其中当然也包括了「万民堂」。\n「美食应该没有贵贱之分才对！」\n看着松茸、螃蟹之类的珍贵食材被强行垄断，香菱内心很是愤慨。而她表达愤慨的方式，正是接过「万民堂」的大勺。\n是时候在老爹的基础上做出改变了。\n「不管使用怎样的食材，我都要做出超级好吃的菜肴！」"
      },
      {
        "Title": "角色故事3",
        "Context": "香菱的活跃对绝云间的丘丘人来说可能是一场灾难。比如它们一觉醒来突然发现，打架用的木棍不翼而飞了。\n当然，荻花洲那些花花草草的命运，也绝对没好到哪去。\n这一番努力催生了几个全新菜谱：「丘丘木烤鱼」、「马尾糯米肉」…\n只用前人积累下来的配方，无法做出令人耳目一新的料理。\n必须打破常识，找出自己的秘方。\n等香菱好不容易做出自认色香味俱全的「特制凉拌禽肉」，试菜的父亲却为此连喝两天白粥。\n「薄荷叶与清心花同食，可能引起腹泻…」\n经此一役，香菱的笔记上又多了一条珍贵信息。\n明明自己也吃了不少，却跟没事人一样。香菱内心颇有些愧疚。\n至于这是因为香菱原本体质就好，还是日积月累对毒素有了抗性，已经不得而知了。"
      },
      {
        "Title": "角色故事4",
        "Context": "每当有食客好奇地询问，跟着香菱的「谜之生物」究竟是个什么东西，香菱都会讲起这个故事。\n那天突然大雨，想要去采「琉璃袋」的香菱顶着风雨走到半路，就已又累又饿。她迷迷糊糊地跑进某个山洞，却看见山洞里还有个神龛。\n于是她在神龛边坐下，从包里掏出两个辣肉窝窝头。\n一个，她狼吞虎咽地吃完了；另一个，她放在了神龛前。本想歇一会儿再吃，却稀里糊涂睡了过去。\n醒来之后，辣肉窝窝头已经不见了。一只「谜之生物」蹲在身边注视着她。\n「好吃吗？」\n它点了点头。\n「还要吗？」香菱从包里搜刮出一些肉干。\n它点了点头。\n香菱就这样认识了一个新朋友。或许是被香菱的料理吸引，无论走到哪，它都和她形影不离。\n香菱用从小最爱吃的零食给它起了名字，就叫「锅巴」。"
      },
      {
        "Title": "角色故事5",
        "Context": "尝遍璃月百味之后，香菱的料理技艺突飞猛进。她那一手「麻辣菜」，就连二十几年厨龄的父亲也忍不住赞叹。\n大把大把地使用辣椒，再以果物、草叶增添香气，形成独特的复合口感。一道融合璃菜油重色浓风格，以及月菜鲜香滋补特色的「水煮黑背鲈」就此成为了「万民堂」的招牌。\n有人试图偷学配方，却怎么也复制不出这地道的口味。\n「新鲜琉璃袋用蜜酿一晚，次日取出，沥干研磨至粉状，加入菜品能增香。」\n这是无数次吃坏肚子，无数次被岩壁上的砂砾划破膝盖，牺牲无数口锅才得到的——\n只属于香菱自己的秘方。"
      },
      {
        "Title": "香菱的地图",
        "Context": "在这张提瓦特大陆地图上，密密麻麻地标着各色小字，仔细阅读，可以从中找到香菱途经之处和将去之地。\n「孤云阁浅海，贝类鲜美无比。传闻有海兽？」\n「海兽肉的味道好棒。下次叫上北斗姐姐一起打海兽。加进蛋液一起蒸会更好吃吗？」\n「听说蒙德有龙？好！带足三天干粮，就能去了。」\n「落落莓，甜！这里多。带好篮子，挖几棵回去种种看。」\n「这家蒙德餐馆里卖的黄油松茸吃法太奢侈了！只卖松茸就好了。绝云椒椒炒松茸，想想就好吃。干脆明天借个厨房试试。」\n「还没见到龙，我来对地方了吗？」\n……"
      },
      {
        "Title": "神之眼",
        "Context": "「不管使用怎样的食材，都要做出超级好吃的菜肴。」\n秉承着这样的信念，香菱得到了「神之眼」的认可。她全心全意、毫无保留地坚持这一理想。即使做出堪称「恐怖」的料理，她不断尝试搭配的心也不会动摇。\n「唔…这道清心花炒蜥蜴的确有点难吃，那蜥蜴以后还是岩烤好了。」\n「史莱姆炒饭也一般般，下次用史莱姆滑野蘑菇试试。」\n就算身边朋友都受不了这「魔神大乱斗」般的口感，旁敲侧击劝说她放弃，香菱仍不断思考，怎样才能把这些「特殊食材」变成美味。\n在单纯而又执着的香菱心中，只要没有毒副作用，「食材」便不分高下。\n她的「神之眼」正是证明——这是连神都认可的事啊。"
      }
    ]
  },
  "Costumes": [
    {
      "Id": 202301,
      "Name": "岁夜欢哗",
      "Description": "香菱的装扮款式。冷风中的一抹红色灶火，帽子在胡桃提议下根据锅巴的形象特别设计而成，很受香菱喜爱。",
      "IsDefault": false,
      "FrontIcon": "UI_AvatarIcon_XianglingCostumeWinter",
      "SideIcon": "UI_AvatarIcon_Side_XianglingCostumeWinter"
    },
    {
      "Id": 202300,
      "Name": "椒红姜黄",
      "Description": "香菱的装扮款式。洋溢着火辣热情的轻便衣装。",
      "IsDefault": true
    }
  ],
  "CultivationItems": [
    104114,
    113011,
    100027,
    112004,
    104315,
    113004
  ],
  "NameCard": {
    "Name": "香菱·出锅",
    "Description": "名片纹饰。\n快速而且准确地读出下面的话：「出锅锅巴！」、「锅巴出锅！」、「锅巴出击！」、「出击锅巴！」",
    "Icon": "UI_NameCardIcon_Xiangling",
    "PicturePrefix": "UI_NameCardPic_Xiangling"
  }
}