{
  "Id": 10000024,
  "PromoteId": 24,
  "Sort": 17,
  "Body": 3,
  "Icon": "UI_AvatarIcon_Beidou",
  "SideIcon": "UI_AvatarIcon_Side_Beidou",
  "Name": "北斗",
  "Description": "武装船队「南十字」的首领，豪快的大姐头。",
  "BeginTime": "2020-09-15T04:00:00+08:00",
  "Quality": 4,
  "Weapon": 11,
  "BaseValue": {
    "HpBase": 1094.1492,
    "AttackBase": 18.87648,
    "DefenseBase": 54.36375
  },
  "GrowCurves": [
    {
      "Type": 1,
      "Value": 22
    },
    {
      "Type": 4,
      "Value": 32
    },
    {
      "Type": 7,
      "Value": 22
    }
  ],
  "SkillDepot": {
    "Arkhe": 0,
    "Skills": [
      {
        "GroupId": 2431,
        "Proud": {
          "Descriptions": [
            "一段伤害|{param1:F1P}",
            "二段伤害|{param2:F1P}",
            "三段伤害|{param3:F1P}",
            "四段伤害|{param4:F1P}",
            "五段伤害|{param5:P}",
            "重击循环伤害|{param6:F1P}",
            "重击终结伤害|{param7:P}",
            "重击体力消耗|每秒{param8:F1}点",
            "最大持续时间|{param9:F1}秒",
            "下坠期间伤害|{param10:F1P}",
            "低空/高空坠地冲击伤害|{param11:P}/{param12:P}"
          ],
          "Parameters": [
            {
              "Level": 1,
              "Parameters": [
                0.71122,
                0.70864,
                0.88322,
                0.86516,
                1.12144,
                0.56244,
                1.01824,
                40,
                5,
                0.745878,
                1.49144,
                1.862889
              ]
            },
            {
              "Level": 2,
              "Parameters": [
                0.76911,
                0.76632,
                0.95511,
                0.93558,
                1.21272,
                0.60822,
                1.10112,
                40,
                5,
                0.806589,
                1.612836,
                2.01452
              ]
            },
            {
              "Level": 3,
              "Parameters": [
                0.827,
                0.824,
                1.027,
                1.006,
                1.304,
                0.654,
                1.184,
                40,
                5,
                0.8673,
                1.734233,
                2.16615
              ]
            },
            {
              "Level": 4,
              "Parameters": [
                0.9097,
                0.9064,
                1.1297,
                1.1066,
                1.4344,
                0.7194,
                1.3024,
                40,
                5,
                0.95403,
                1.907656,
                2.382765
              ]
            },
            {
              "Level": 5,
              "Parameters": [
                0.96759,
                0.96408,
                1.20159,
                1.17702,
                1.52568,
                0.76518,
                1.38528,
                40,
                5,
                1.014741,
                2.029052,
                2.534396
              ]
            },
            {
              "Level": 6,
              "Parameters": [
                1.03375,
                1.03,
                1.28375,
                1.2575,
                1.63,
                0.8175,
                1.48,
                40,
                5,
                1.084125,
                2.167791,
                2.707688
              ]
            },
            {
              "Level": 7,
              "Parameters": [
                1.12472,
                1.12064,
                1.39672,
                1.36816,
                1.77344,
                0.88944,
                1.61024,
                40,
                5,
                1.179528,
                2.358556,
                2.945964
              ]
            },
            {
              "Level": 8,
              "Parameters": [
                1.21569,
                1.21128,
                1.50969,
                1.47882,
                1.91688,
                0.96138,
                1.74048,
                40,
                5,
                1.274931,
                2.549322,
                3.184241
              ]
            },
            {
              "Level": 9,
              "Parameters": [
                1.30666,
                1.30192,
                1.62266,
                1.58948,
                2.06032,
                1.03332,
                1.87072,
                40,
                5,
                1.370334,
                2.740087,
                3.422517
              ]
            },
            {
              "Level": 10,
              "Parameters": [
                1.4059,
                1.4008,
                1.7459,
                1.7102,
                2.2168,
                1.1118,
                2.0128,
                40,
                5,
                1.47441,
                2.948195,
                3.682455
              ]
            },
            {
              "Level": 11,
              "Parameters": [
                1.519613,
                1.5141,
                1.887112,
                1.848525,
                2.3961,
                1.201725,
                2.1756,
                40,
                5,
                1.578486,
                3.156303,
                3.942393
              ]
            },
            {
              "Level": 12,
              "Parameters": [
                1.653338,
                1.647341,
                2.053178,
                2.011195,
                2.606957,
                1.307477,
                2.367053,
                40,
                5,
                1.682562,
                3.364411,
                4.202331
              ]
            },
            {
              "Level": 13,
              "Parameters": [
                1.787064,
                1.780582,
                2.219244,
                2.173865,
                2.817814,
                1.413229,
                2.558506,
                40,
                5,
                1.786638,
                3.572519,
                4.462269
              ]
            },
            {
              "Level": 14,
              "Parameters": [
                1.92079,
                1.913822,
                2.38531,
                2.336536,
                3.02867,
                1.51898,
                2.749958,
                40,
                5,
                1.890714,
                3.780627,
                4.722207
              ]
            },
            {
              "Level": 15,
              "Parameters": [
                2.066673,
                2.059176,
                2.566473,
                2.513994,
                3.258696,
                1.634346,
                2.958816,
                40,
                5,
                1.99479,
                3.988735,
                4.982145
              ]
            }
          ]
        },
        "Id": 10241,
        "Name": "普通攻击·征涛",
        "Description": "<color=#FFD780FF>普通攻击</color>\n进行至多五段的连续挥砍。\n\n<color=#FFD780FF>重击</color>\n持续消耗体力，快速进行连续的斩击。\n重击结束时，会进行一次格外有力的挥砍。\n\n<color=#FFD780FF>下落攻击</color>\n从空中下坠冲击地面，攻击下落路径上的敌人，并在落地时造成范围伤害。",
        "Icon": "Skill_A_04"
      },
      {
        "GroupId": 2432,
        "Proud": {
          "Descriptions": [
            "护盾吸收量|{param1:F1P}生命值上限+{param2:I}",
            "基础伤害|{param3:P}",
            "受击时伤害提升|{param4:P}",
            "冷却时间|{param5:F1}秒"
          ],
          "Parameters": [
            {
              "Level": 1,
              "Parameters": [
                0.144,
                1386.3678,
                1.216,
                1.6,
                7.5
              ]
            },
            {
              "Level": 2,
              "Parameters": [
                0.1548,
                1525.0239,
                1.3072,
                1.72,
                7.5
              ]
            },
            {
              "Level": 3,
              "Parameters": [
                0.1656,
                1675.2346,
                1.3984,
                1.84,
                7.5
              ]
            },
            {
              "Level": 4,
              "Parameters": [
                0.18,
                1837,
                1.52,
                2,
                7.5
              ]
            },
            {
              "Level": 5,
              "Parameters": [
                0.1908,
                2010.3201,
                1.6112,
                2.12,
                7.5
              ]
            },
            {
              "Level": 6,
              "Parameters": [
                0.2016,
                2195.1948,
                1.7024,
                2.24,
                7.5
              ]
            },
            {
              "Level": 7,
              "Parameters": [
                0.216,
                2391.6243,
                1.824,
                2.4,
                7.5
              ]
            },
            {
              "Level": 8,
              "Parameters": [
                0.2304,
                2599.6084,
                1.9456,
                2.56,
                7.5
              ]
            },
            {
              "Level": 9,
              "Parameters": [
                0.2448,
                2819.147,
                2.0672,
                2.72,
                7.5
              ]
            },
            {
              "Level": 10,
              "Parameters": [
                0.2592,
                3050.2405,
                2.1888,
                2.88,
                7.5
              ]
            },
            {
              "Level": 11,
              "Parameters": [
                0.2736,
                3292.8887,
                2.3104,
                3.04,
                7.5
              ]
            },
            {
              "Level": 12,
              "Parameters": [
                0.288,
                3547.0913,
                2.432,
                3.2,
                7.5
              ]
            },
            {
              "Level": 13,
              "Parameters": [
                0.306,
                3812.8489,
                2.584,
                3.4,
                7.5
              ]
            },
            {
              "Level": 14,
              "Parameters": [
                0.324,
                4090.161,
                2.736,
                3.6,
                7.5
              ]
            },
            {
              "Level": 15,
              "Parameters": [
                0.342,
                4379.028,
                2.888,
                3.8,
                7.5
              ]
            }
          ]
        },
        "Id": 10242,
        "Name": "捉浪",
        "Description": "没有什么好担心的。如果有人敢对她或她的人出手，那就以雷电与大剑十倍奉还。\n\n<color=#FFD780FF>点按</color>\n积聚雷之力，猛烈向前挥舞大剑，造成<color=#FFACFFFF>雷元素伤害</color>。\n\n<color=#FFD780FF>长按</color>\n举起武器形成护盾，伤害吸收量受益于北斗的生命值上限。\n松开技能或持续时间结束时，会挥舞大剑释放积攒的力量进行攻击，造成<color=#FFACFFFF>雷元素伤害</color>。依据技能期间受到攻击的次数，提高释放时造成的伤害。触发2次达到最高伤害加成。\n护盾具有如下效果：\n·对<color=#FFACFFFF>雷元素伤害</color>有250%的吸收效果；\n·施放的瞬间，为北斗施加<color=#FFACFFFF>雷元素附着</color>。\n\n<i>渺渺征船，追电捉浪。</i>",
        "Icon": "Skill_S_Beidou_01"
      }
    ],
    "EnergySkill": {
      "GroupId": 2439,
      "Proud": {
        "Descriptions": [
          "技能伤害|{param1:P}",
          "闪雷伤害|{param2:F1P}",
          "伤害减免|{param3:P}",
          "持续时间|{param4:F1}秒",
          "冷却时间|{param5:F1}秒",
          "元素能量|{param6:I}"
        ],
        "Parameters": [
          {
            "Level": 1,
            "Parameters": [
              1.216,
              0.96,
              0.2,
              15,
              20,
              80
            ]
          },
          {
            "Level": 2,
            "Parameters": [
              1.3072,
              1.032,
              0.21,
              15,
              20,
              80
            ]
          },
          {
            "Level": 3,
            "Parameters": [
              1.3984,
              1.104,
              0.22,
              15,
              20,
              80
            ]
          },
          {
            "Level": 4,
            "Parameters": [
              1.52,
              1.2,
              0.24,
              15,
              20,
              80
            ]
          },
          {
            "Level": 5,
            "Parameters": [
              1.6112,
              1.272,
              0.25,
              15,
              20,
              80
            ]
          },
          {
            "Level": 6,
            "Parameters": [
              1.7024,
              1.344,
              0.26,
              15,
              20,
              80
            ]
          },
          {
            "Level": 7,
            "Parameters": [
              1.824,
              1.44,
              0.28,
              15,
              20,
              80
            ]
          },
          {
            "Level": 8,
            "Parameters": [
              1.9456,
              1.536,
              0.3,
              15,
              20,
              80
            ]
          },
          {
            "Level": 9,
            "Parameters": [
              2.0672,
              1.632,
              0.32,
              15,
              20,
              80
            ]
          },
          {
            "Level": 10,
            "Parameters": [
              2.1888,
              1.728,
              0.34,
              15,
              20,
              80
            ]
          },
          {
            "Level": 11,
            "Parameters": [
              2.3104,
              1.824,
              0.35,
              15,
              20,
              80
            ]
          },
          {
            "Level": 12,
            "Parameters": [
              2.432,
              1.92,
              0.36,
              15,
              20,
              80
            ]
          },
          {
            "Level": 13,
            "Parameters": [
              2.584,
              2.04,
              0.37,
              15,
              20,
              80
            ]
          },
          {
            "Level": 14,
            "Parameters": [
              2.736,
              2.16,
              0.38,
              15,
              20,
              80
            ]
          },
          {
            "Level": 15,
            "Parameters": [
              2.888,
              2.28,
              0.39,
              15,
              20,
              80
            ]
          }
        ]
      },
      "Id": 10245,
      "Name": "斫雷",
      "Description": "重忆斩灭海山巨兽之战，唤起巨兽与雷电的力量，创造环绕自身的雷兽之盾，并对周围的敌人造成<color=#FFACFFFF>雷元素伤害</color>。\n\n<color=#FFD780FF>雷兽之盾</color>\n·普通攻击与重击命中时，释放雷电之力，引来1道能在敌人之间跃动的闪雷，造成<color=#FFACFFFF>雷元素伤害</color>；\n·提高角色的抗打断能力，并降低受到的伤害。\n\n每秒至多触发1道闪雷。\n\n<i>赫赫雷来，斫灭海山。</i>",
      "Icon": "Skill_E_Beidou_01"
    },
    "Inherents": [
      {
        "GroupId": 2421,
        "Proud": {
          "Descriptions": [],
          "Parameters": [
            {
              "Level": 1,
              "Parameters": [
                2
              ]
            }
          ]
        },
        "Id": 242101,
        "Name": "遍宇灵光",
        "Description": "在被攻击瞬间施放的<color=#FFD780FF>捉浪</color>反击，拥有最高伤害加成。",
        "Icon": "UI_Talent_S_Beidou_05"
      },
      {
        "GroupId": 2422,
        "Proud": {
          "Descriptions": [],
          "Parameters": [
            {
              "Level": 1,
              "Parameters": [
                0.15
              ]
            }
          ]
        },
        "Id": 242201,
        "Name": "霹雳连霄",
        "Description": "施放拥有最高伤害加成的<color=#FFD780FF>捉浪</color>后的10秒内，获得如下效果：\n·普通攻击与重击造成的伤害提高15%，攻击速度提高15%；\n·大幅减少重击需要的准备时间。",
        "Icon": "UI_Talent_S_Beidou_06"
      },
      {
        "GroupId": 2423,
        "Proud": {
          "Descriptions": [],
          "Parameters": [
            {
              "Level": 1,
              "Parameters": []
            }
          ]
        },
        "Id": 242301,
        "Name": "拥涛踏潮",
        "Description": "队伍中自己的角色游泳消耗的体力降低20%。\n无法与效果完全相同的固有天赋叠加。",
        "Icon": "UI_Talent_Explosion_Swim"
      }
    ],
    "Talents": [
      {
        "Id": 241,
        "Name": "鱼龙沉四方",
        "Description": "施放<color=#FFD780FF>斫雷</color>时：\n生成一个伤害吸收量等于生命值上限16%的护盾，持续15秒。\n该护盾对<color=#FFACFFFF>雷元素伤害</color>有250%的吸收效果。",
        "Icon": "UI_Talent_S_Beidou_02"
      },
      {
        "Id": 242,
        "Name": "赫赫雷涌起",
        "Description": "<color=#FFD780FF>斫雷</color>的闪雷能额外弹跳2个敌人。",
        "Icon": "UI_Talent_S_Beidou_01"
      },
      {
        "Id": 243,
        "Name": "潮奔蓦引电",
        "Description": "<color=#FFD780FF>捉浪</color>的技能等级提高3级。\n至多提升至15级。",
        "Icon": "UI_Talent_U_Beidou_01",
        "ExtraLevel": {
          "Index": 2,
          "Level": 3
        }
      },
      {
        "Id": 244,
        "Name": "牵星觅乡岸",
        "Description": "受到攻击后的10秒内，北斗的普通攻击附带20%额外<color=#FFACFFFF>雷元素伤害</color>。",
        "Icon": "UI_Talent_S_Beidou_03"
      },
      {
        "Id": 245,
        "Name": "踏浪霞连阶",
        "Description": "<color=#FFD780FF>斫雷</color>的技能等级提高3级。\n至多提升至15级。",
        "Icon": "UI_Talent_U_Beidou_02",
        "ExtraLevel": {
          "Index": 9,
          "Level": 3
        }
      },
      {
        "Id": 246,
        "Name": "北斗祓幽孽",
        "Description": "<color=#FFD780FF>斫雷</color>持续期间，周围敌人的<color=#FFACFFFF>雷元素抗性</color>降低15%。",
        "Icon": "UI_Talent_S_Beidou_04"
      }
    ]
  },
  "FetterInfo": {
    "Title": "无冕的龙王",
    "Detail": "武装船队「南十字」的首领，豪快的大姐头。",
    "Association": 2,
    "Native": "南十字船队",
    "BirthMonth": 2,
    "BirthDay": 14,
    "VisionBefore": "雷",
    "ConstellationBefore": "南天海山座",
    "CvChinese": "唐雅菁",
    "CvJapanese": "小清水亚美",
    "CvEnglish": "阿莱格拉·克拉克",
    "CvKorean": "郑柚美",
    "CookBonus": {
      "OriginItemId": 108099,
      "ItemId": 108138,
      "InputList": [
        100061,
        100027
      ]
    },
    "Fetters": [
      {
        "Title": "初次见面…",
        "Context": "我是北斗，听过我的「南十字」船队吗？如果你也喜欢冒险，那就跟着我吧。我罩你。"
      },
      {
        "Title": "闲聊·切磋",
        "Context": "想切磋的话，我随时奉陪。"
      },
      {
        "Title": "闲聊·畅饮",
        "Context": "啊——干完活，喝口酒。真畅快。"
      },
      {
        "Title": "闲聊·陆地",
        "Context": "难得在陆地上逗留那么久，居然有点不习惯了。"
      },
      {
        "Title": "下雨的时候…",
        "Context": "被困荒岛的时候，雨水就是宝贵的淡水来源。嗯…虽然现在是用不上啦。"
      },
      {
        "Title": "打雷的时候…",
        "Context": "喂，打雷而已。在海上不用怕，在陆地上，就更不用怕了。"
      },
      {
        "Title": "起风的时候…",
        "Context": "这天气，很适合出航啊。"
      },
      {
        "Title": "刮大风了…",
        "Context": "注意扬起来的风沙，别揉眼睛。"
      },
      {
        "Title": "早上好…",
        "Context": "哟，早。我准备出发了，一起来？"
      },
      {
        "Title": "中午好…",
        "Context": "去香菱那吃午饭吧。你别说，这大锅热油炒出来的，还真和海上的烤鱼腌肉不一样。"
      },
      {
        "Title": "晚上好…",
        "Context": "好，出发喝酒去喽！嗯？哈哈哈，平时没人卖酒给你是吧？那不如——"
      },
      {
        "Title": "晚安…",
        "Context": "这时间过得可真快。去吧，一帆风顺。"
      },
      {
        "Title": "关于北斗自己…",
        "Context": "航海准备，兄弟们，各就各位，全新的冒险要开始了！"
      },
      {
        "Title": "关于我们·称呼",
        "Context": "我是老大，你是我兄弟，没问题吧？哈？这些叫法太老土？行。那就按你喜欢的方式叫吧。"
      },
      {
        "Title": "关于我们·识人",
        "Context": "我认人很准。当你见过大海，那么普通人脸上的小水花，可就太好读懂了。哈哈，所以，我第一眼就认准了你这个家伙。"
      },
      {
        "Title": "关于我们·选择",
        "Context": "你是我选择的船员，是我选择的兄弟。就说这一点，都够我自豪很久。"
      },
      {
        "Title": "关于「神之眼」…",
        "Context": "在那些没有「神之眼」的家伙心中，拥有「神之眼」，获得了神的认可的人，应该是旗帜吧。那么，旗帜就该有旗帜的样子。我是这样鞭策自己的。"
      },
      {
        "Title": "有什么想要分享…",
        "Context": "遇到难题了吗？不知道如何向前的话，总之先迈出第一步，后面的道路就会自然而然地展开了。"
      },
      {
        "Title": "感兴趣的见闻…",
        "Context": "每次远航回来看见石鸢的时候，就说明差不多快到家了。海上的景色看多了难免单调，相比之下，虽说是猛禽，但那副自在翱翔的模样，总觉得亲切可爱。"
      },
      {
        "Title": "关于凝光·璃月七星",
        "Context": "凝光啊，从「璃月七星」的角度上来说已经做得很好了吧。只是，我要负责的对象从来就是我的船和兄弟们，不是什么「璃月七星」啊。"
      },
      {
        "Title": "关于凝光·态度",
        "Context": "凝光一向不怎么坦率，但她曾经很直接地表露过对我的不满。哈哈，不过啊，喜欢和讨厌都是她自己的事情，我是不可能动摇的。"
      },
      {
        "Title": "关于香菱·好厨艺",
        "Context": "香菱的一手好菜，可是我们一众人在远航时的念想。没力气的时候，要是想想干煸绝云椒椒那满嘴留香的滋味，都能精神几分。"
      },
      {
        "Title": "关于香菱·试吃",
        "Context": "香菱啊，她偶尔也会用一些说不上好滋味的食材，做出一些很是了不得的味道。不过嘛，没有尝试就不会有进步，我倒是挺乐意帮她试吃的。"
      },
      {
        "Title": "关于钟离…",
        "Context": "你说「往生堂」的那位先生吗？兄弟们有时会聊起他的传言，听上去是个很有意思的人啊。嗯，有机会去结交一下吧。"
      },
      {
        "Title": "关于魈…",
        "Context": "有一年海灯节前夕，船队在归航时遭遇了风暴，紧赶慢赶才在入夜时分回到了璃月港。那时候海灯早就散了。我却在孤云阁的方向，看到了空中悬着一个少年模样的仙人。想必就如传闻一样，在人们看不见的地方，也有人在守护这个璃月港吧。"
      },
      {
        "Title": "关于甘雨…",
        "Context": "我和甘雨那丫头私交不错！但你也知道，她是「璃月七星」的秘书，「七星」不待见我那可不是一天两天了。哈，我倒是无所谓，要连累了那丫头可不行。嗯，对外还是保密得好。"
      },
      {
        "Title": "关于辛焱…",
        "Context": "哈，很有意思的丫头！船上的兄弟们也有喜欢听她「摇滚」的。嗯…我本人？怎么说呢，虽然在某些方面跟辛焱有共同话题，但我的音乐品味却是另一方面的…"
      },
      {
        "Title": "关于瑶瑶…",
        "Context": "瑶瑶这个小家伙啊，总是爱到船上来玩。但她那副扑闪着眼睛，见什么都新奇的样子，让谁都狠不下心来赶她走。唉，差点要打乱出航的计划。"
      },
      {
        "Title": "关于枫原万叶…",
        "Context": "听说万叶那小子在天守阁外挡了雷电将军的一刀，不简单嘛！嗯…战争结束后，他回了我们南十字船队，说是继续和我们同行一段时间。我当然是非常欢迎了，如果哪天他决定要独自踏上下一段旅程，我再打一壶好酒为他送行，哈哈。"
      },
      {
        "Title": "想要了解北斗·其一",
        "Context": "想要踏上我的「死兆星」号，得先回答我一个问题。大海之中充满凶险，告诉我——你为什么想上我的船？"
      },
      {
        "Title": "想要了解北斗·其二",
        "Context": "那些关于我的传奇故事？哈哈哈，那是兄弟们看重，才在夸我的时候添油加醋。不过，你要问我怕不怕在出海的时候遇到什么魔物，那自然是不怕的。"
      },
      {
        "Title": "想要了解北斗·其三",
        "Context": "问我帮助平民的用意？哈，哪有什么用意不用意的。谁的人生还没有个低谷。我的帮助是小事，但对他们而言，迈不迈得过去那道坎，可能就是两条路啊。"
      },
      {
        "Title": "想要了解北斗·其四",
        "Context": "我经历过痛苦的时光。小时候没摩拉买吃的，只好偷人家树上的果子，讨了几年生活。等到有了自己的船队，还是被趾高气昂的商人们排挤在外。但是，这些事当作茶余饭后的笑谈讲给你听，就足够了，我绝不会让你再经历一遍。"
      },
      {
        "Title": "想要了解北斗·其五",
        "Context": "追随我的兄弟有很多，我问过，我也记得他们每一个人上船的理由。你是很特别的。我知道你还有需要完成的事情，我不会授予你职务和头衔。但无论你的旅途去往何方，「死兆星」号上，永远都有你的位置。"
      },
      {
        "Title": "北斗的爱好…",
        "Context": "爱好啊…我想想。冒险算一个，掌舵算一个，交朋友算一个，喝酒算一个，吃好吃的算一个…啧，一个手都数不过来啊。"
      },
      {
        "Title": "北斗的烦恼…",
        "Context": "搞得定的事不必烦恼，搞不定的事烦恼也没有意义。我就这样过得快快活活的。哦，要是你遇到什么想不通的事情，你可以来找我。我帮你一起解决。"
      },
      {
        "Title": "喜欢的食物…",
        "Context": "我喜欢味道重的菜！什么炝炒肉片啊，麻婆豆腐啊我就很喜欢。能填饱肚子，大家围坐一圈一起吃的时候，气氛也会变得火热火热的。哈，说得我都想去吃一顿了。"
      },
      {
        "Title": "讨厌的食物…",
        "Context": "我不太喜欢吃凉菜冷盘。有这慢悠悠开胃的功夫，鱼都能烤熟几条了。"
      },
      {
        "Title": "收到赠礼·其一",
        "Context": "好味道，我喜欢！有米饭吗，帮忙添两碗？"
      },
      {
        "Title": "收到赠礼·其二",
        "Context": "你的手艺真不错，让人心情也变得不一样了。"
      },
      {
        "Title": "收到赠礼·其三",
        "Context": "菜是好菜，这就够了。"
      },
      {
        "Title": "生日…",
        "Context": "来，上船。我早就跟兄弟们约好把时间腾出来了，吃的喝的也都准备好了。今天你生日，让你做一天老大。哈！嗯，想去哪？"
      },
      {
        "Title": "突破的感受·起",
        "Context": "痛快！又变强了不少。"
      },
      {
        "Title": "突破的感受·承",
        "Context": "这满载而归的滋味，开瓶美酒来庆祝吧！"
      },
      {
        "Title": "突破的感受·转",
        "Context": "好样的，有你这种得力的兄弟，是我北斗的荣光！我也不能让你小瞧了啊。"
      },
      {
        "Title": "突破的感受·合",
        "Context": "这几番操练下来，算是达到了我武艺的巅峰状态了吧。谢谢你…对了，不如再陪我过两招吧。"
      },
      {
        "Title": "元素战技·其一",
        "Context": "闪开！"
      },
      {
        "Title": "元素战技·其二",
        "Context": "哈！"
      },
      {
        "Title": "元素战技·其三",
        "Context": "悉数奉还！"
      },
      {
        "Title": "元素战技·其四",
        "Context": "接下吧！"
      },
      {
        "Title": "元素战技·其五",
        "Context": "——喝啊！"
      },
      {
        "Title": "元素爆发·其一",
        "Context": "这是斩灭「海山」的力量！"
      },
      {
        "Title": "元素爆发·其二",
        "Context": "给我瞧好了！"
      },
      {
        "Title": "元素爆发·其三",
        "Context": "化作焦炭吧！"
      },
      {
        "Title": "打开宝箱·其一",
        "Context": "哟，真让人开心。"
      },
      {
        "Title": "打开宝箱·其二",
        "Context": "不错嘛，又有收获了！"
      },
      {
        "Title": "打开宝箱·其三",
        "Context": "找到了财宝，就来喝酒助兴吧！"
      },
      {
        "Title": "生命值低·其一",
        "Context": "还没完呢！"
      },
      {
        "Title": "生命值低·其二",
        "Context": "哼，我来精神了。"
      },
      {
        "Title": "生命值低·其三",
        "Context": "我绝不屈服。"
      },
      {
        "Title": "同伴生命值低·其一",
        "Context": "到我身后！"
      },
      {
        "Title": "同伴生命值低·其二",
        "Context": "退下！别逞英雄。"
      },
      {
        "Title": "倒下·其一",
        "Context": "糟透了。"
      },
      {
        "Title": "倒下·其二",
        "Context": "兄弟们…先…撤…"
      },
      {
        "Title": "倒下·其三",
        "Context": "全员…归航…"
      },
      {
        "Title": "普通受击·其一",
        "Context": "区区小伤。"
      },
      {
        "Title": "重受击·其一",
        "Context": "输赢还说不定呢。"
      },
      {
        "Title": "重受击·其二",
        "Context": "有两下子。"
      },
      {
        "Title": "加入队伍·其一",
        "Context": "好，出发吧！"
      },
      {
        "Title": "加入队伍·其二",
        "Context": "跟我来吧。"
      },
      {
        "Title": "加入队伍·其三",
        "Context": "我相信你。"
      }
    ],
    "FetterStories": [
      {
        "Title": "角色详细",
        "Context": "北斗是「南十字」的首领。\n而「南十字」是以璃月港为根据地活动的武装船队。\n所谓「武装船队」，只是字面上的意思：一支装备了可靠火力的船队。\n不必多想，「南十字」的一切作为均已得到七星的许可…大致如此。\n北斗是一位能让全船队水手心服口服的首领。他们甚至愿意相信，北斗能够压制海上的巨浪与风暴。\n「那可是北斗姐啊！再狂乱的风暴也得对更有威力的气象低头的嘛。」"
      },
      {
        "Title": "角色故事1",
        "Context": "北斗其人，在璃月有着相当的声望。\n尽管稍逊于「璃月七星」，但只要是在城中跑商的人，绝不会不知道北斗与「南十字」的大名。\n这样一位人物，自然有着不少传闻。人们说起她，大都是些开山劈海、显神威之能的故事，颇有夸大之嫌。\n也有一说：北斗能够举剑引雷，一击将可怖的冥海巨兽劈作两截。\n旁人听了，只当是醉汉闲话，并未放在心上。可与北斗同航过的人绝不会将它当成玩笑。他们会说：世上若真有什么冥海巨兽，那北斗一定能将它劈作两截。\n由此可见，北斗航海的能力与她在商行的名望一样高。道上称她「龙王」，乃是实至名归。"
      },
      {
        "Title": "角色故事2",
        "Context": "商人重利轻情，本不是什么怪事。饭局上说起，也是相视一笑。\n唯独璃月人，他们全民皆商，不爱听这话，说起自家城市，总说是「与众不同」。\n其余商人听了，笑话他们：不过是将情义二字当成另一种筹码罢了！璃月人便说：「那『南十字』又要作何解？」\n南十字成名多年，佣金昂贵乃是常态。某次航行中，这支船队遭遇了海上飓风，同时遇难的还有附近的一只平民船。北斗见到小船在巨浪中摇曳，顾不得龙骨断裂的危险，下令将平民船拉入安全区。船队内粮水所剩无几，北斗却坚持与平民船共享，更带着他们，在飓风中一路前进。\n如此经过数日，「南十字」总算将平民船送入了就近的泊地。船上商人感怀其救命之恩，因而成为了北斗忠诚的商业伙伴。\n璃月人笑道：「丢掉性命也要坚持完成的事，可不是筹码二字能够说清。将情义归为筹码，你敢和北斗说这话吗？」"
      },
      {
        "Title": "角色故事3",
        "Context": "有传闻道：「南十字」背后的势力，乃是「七星」之一的「天权」凝光。\n对此，两位当事人矢口否认。不过，她们的理由各自不同。\n凝光贵为「七星」，总有需要差人作粗鲁事情的时候。在众多候选人里，她挑中了北斗。\n依照凝光的说法，她选中的是北斗这个人，与「南十字」船队的合作才是顺便。\n而北斗若是知情，定会恼火地说，她和凝光仅是合作，绝对称不上「背后势力」一说。\n凝光的诸多合作者中，唯有北斗与众不同。\n她对凝光毫无常人那般敬畏，反倒有些针对。\n幕僚们因而担忧连连，认为北斗生性桀骜，难以约束。凝光倒不在意，只是笑着说：\n「此言差矣。依我看，她才是璃月最好控制的人。只需与她说清大义，道明利害关系，她自会想通。」"
      },
      {
        "Title": "角色故事4",
        "Context": "漫长航行结束，「南十字」登上陆地，依照惯例举办为期三日的庆功宴。此年秋天与往昔并无二致，唯独市里多了位新出师的小厨娘，正是「万民堂」后来的大厨，香菱。\n船队会计贪图便宜，连拐带骗，将市口遇见的厨娘香菱拽上了船。香菱见了北斗，为难万分，苦恼地说：「如果你们想吃海味做的『月菜』，那我没法答应下来。我可是要超越两大菜系对立的人…」\n北斗只是指着脚边一袋金币，笑道：「做你擅长的就好。上一趟差事赚了不少。给你五万摩拉作佣金吧。」\n为证明自己料理海味的实力，香菱勉为其难接下了这份工作。\n单就结果而言，北斗确实欣赏香菱的手艺。当着水手们的面，她大胆断言：稍加时日，香菱必会名震璃月港。不仅如此，还让全船海员尊称香菱为「香菱阿姊」。\n香菱初出江湖，对北斗这位出手阔绰、为人豪爽的大姐也很是欣赏，常与北斗一同出航，寻找最新奇的海洋食材。她总是惊讶，北斗一个远离庖厨之人，竟也辨得出各式海产，深谙其饕餮之道。\n——当然，要说香菱会不会听取北斗的选材建议，则是后话了。"
      },
      {
        "Title": "角色故事5",
        "Context": "俗话说，物似主人形。\n虽然不那么恰当，但是「南十字」船队的确和北斗一样，有着一样的气质。\n不过船队内还是有些秘密，在北斗看不见的地方流传。\n大副会在新水手们第一次归行后，邀请他们去喝酒，然后绘声绘色地讲述一件旧事：\n当年「南十字」踏上对外海的未知探索，曾经多次陷入风暴当中，稍有不慎，船毁人亡。\n那时，北斗登上甲板，亲自站在舵轮后，一边操舵，一边在风雨声中唱起璃月渔民的拉网号子。\n「直到眼前再无风浪，海天线上霞光一片，天朗波平…」\n大副一般都会用满脸怀念的神情，念出这句话作为收尾。\n随着船队事业扩大，大副故事中惊世骇俗的描述越来越多，新水手们对北斗的崇拜也越发高涨。"
      },
      {
        "Title": "码头力工们的闲话",
        "Context": "①面对硕大无朋的三头海蛇，北斗投出了她的大剑，大剑完美地刺穿了海蛇的三根脊椎，旋转着回到了北斗手中。\n②北斗在棋局上赢过凝光，两次。重要的不是能赢凝光的钱，而是敢赢凝光的钱。\n③北斗当初最后一次唱渔歌是在狩猎海怪「海山」之时。在那以后她就不唱渔歌了。\n④是的，没听错。北斗会唱渔歌。你可千万别当面问本人。你想想三头海蛇的下场吧。"
      },
      {
        "Title": "神之眼",
        "Context": "璃月与稻妻中流传着一句短语：「鳍化冥海，尾点远山」。渔人从岸上学来这句，翻来覆去地唱。曲子越传越远，成为脍炙人口的渔歌。每到海上起雾，渔民们的小船隐没在白雾里，歌声遥遥传来：鳍化冥海，尾点远山…\n这首歌便是北斗的摇篮曲。岩王帝君神剑斩海怪，璃月人将之传为美谈。年幼的北斗爱听神话，睡觉也想着：总有一天得见见这条大鱼。\n今天，她却用另一种心情唱起这首歌。全船海员跟着哼唱，扬帆起航。\n海山就在海中。它既像鱼也像龙，庞大如噩梦，力大如神灵，轻轻一击便能掀起数十米高的巨浪。\n在海上搏命的人，总会与海山相遇。北斗从九岁就想见它，盼着能将它的头颅一刀斩下。\n她曾多次挑战海山，均以失败告终。今天却不同，北斗背上最好的大剑，带上最通水性的水手，直奔海山而去。\n短兵相接，一战惊雷。这场战斗持续了整整四天。船队携带大炮、渔枪，辅以弓箭和绳索，全力牵制海山。北斗与四足被缚的海山缠斗数个时辰，直至天黑也没能分出胜负。\n夜晚是海山最危险的时刻。人们提防着海山的进犯，整夜不敢入睡。北斗站在船头，聆听风声。\n一击，只要一击。她在寒风中一动不动地等待。\n不知过去多久，粒米未进、滴水未沾的北斗精准捕捉到太阳升起刹那，海中传来的浪花声。\n这一击，破云斩月，如山如海，将鱼龙的头颅彻底砍断！\n伴随漫天惊雷，一道紫电自半空降下，凝聚在浴血的北斗面前。\n屠龙者北斗的「神之眼」自天上而来，有着雷电般夺目的紫光，是龙血也无法匹敌的宝珠。这颗神玉，只应赠给山与海的征服者。"
      }
    ]
  },
  "Costumes": [
    {
      "Id": 202400,
      "Name": "赫浪连涛",
      "Description": "北斗的装扮款式。充满踏浪者气魄的轻便裙装。",
      "IsDefault": true
    }
  ],
  "CultivationItems": [
    104144,
    113002,
    100028,
    112037,
    104318,
    113005
  ],
  "NameCard": {
    "Name": "北斗·拔锚",
    "Description": "名片纹饰。\n 「若拔锚入海，惑而不知东西。则须仰天，识认北辰斗极。」",
    "Icon": "UI_NameCardIcon_Beidou",
    "PicturePrefix": "UI_NameCardPic_Beidou"
  }
}