{
  "Id": 10000020,
  "PromoteId": 20,
  "Sort": 19,
  "Body": 1,
  "Icon": "UI_AvatarIcon_Razor",
  "SideIcon": "UI_AvatarIcon_Side_Razor",
  "Name": "雷泽",
  "Description": "住在蒙德地区奔狼领，远离城市与人群，和狼一同生活的少年。直觉锐利，身姿迅捷。",
  "BeginTime": "2020-09-15T04:00:00+08:00",
  "Quality": 4,
  "Weapon": 11,
  "BaseValue": {
    "HpBase": 1002.9701,
    "AttackBase": 19.5888,
    "DefenseBase": 62.9475
  },
  "GrowCurves": [
    {
      "Type": 1,
      "Value": 22
    },
    {
      "Type": 4,
      "Value": 32
    },
    {
      "Type": 7,
      "Value": 22
    }
  ],
  "SkillDepot": {
    "Arkhe": 0,
    "Skills": [
      {
        "GroupId": 2031,
        "Proud": {
          "Descriptions": [
            "一段伤害|{param1:F1P}",
            "二段伤害|{param2:F1P}",
            "三段伤害|{param3:P}",
            "四段伤害|{param4:P}",
            "重击循环伤害|{param5:F1P}",
            "重击终结伤害|{param6:P}",
            "重击体力消耗|每秒{param7:F1}点",
            "最大持续时间|{param8:F1}秒",
            "下坠期间伤害|{param9:F1P}",
            "低空/高空坠地冲击伤害|{param10:P}/{param11:P}"
          ],
          "Parameters": [
            {
              "Level": 1,
              "Parameters": [
                0.9592,
                0.82632,
                1.03312,
                1.36048,
                0.625392,
                1.1309,
                40,
                5,
                0.820466,
                1.640584,
                2.049178
              ]
            },
            {
              "Level": 2,
              "Parameters": [
                1.0246,
                0.88266,
                1.10356,
                1.45324,
                0.676296,
                1.22295,
                40,
                5,
                0.887248,
                1.77412,
                2.215971
              ]
            },
            {
              "Level": 3,
              "Parameters": [
                1.09,
                0.939,
                1.174,
                1.546,
                0.7272,
                1.315,
                40,
                5,
                0.95403,
                1.907656,
                2.382765
              ]
            },
            {
              "Level": 4,
              "Parameters": [
                1.1772,
                1.01412,
                1.26792,
                1.66968,
                0.79992,
                1.4465,
                40,
                5,
                1.049433,
                2.098421,
                2.621042
              ]
            },
            {
              "Level": 5,
              "Parameters": [
                1.2426,
                1.07046,
                1.33836,
                1.76244,
                0.850824,
                1.53855,
                40,
                5,
                1.116215,
                2.231957,
                2.787835
              ]
            },
            {
              "Level": 6,
              "Parameters": [
                1.3189,
                1.13619,
                1.42054,
                1.87066,
                0.909,
                1.64375,
                40,
                5,
                1.192538,
                2.38457,
                2.978456
              ]
            },
            {
              "Level": 7,
              "Parameters": [
                1.417,
                1.2207,
                1.5262,
                2.0098,
                0.988992,
                1.7884,
                40,
                5,
                1.297481,
                2.594412,
                3.24056
              ]
            },
            {
              "Level": 8,
              "Parameters": [
                1.5151,
                1.30521,
                1.63186,
                2.14894,
                1.068984,
                1.93305,
                40,
                5,
                1.402424,
                2.804254,
                3.502665
              ]
            },
            {
              "Level": 9,
              "Parameters": [
                1.6132,
                1.38972,
                1.73752,
                2.28808,
                1.148976,
                2.0777,
                40,
                5,
                1.507367,
                3.014096,
                3.764769
              ]
            },
            {
              "Level": 10,
              "Parameters": [
                1.7113,
                1.47423,
                1.84318,
                2.42722,
                1.23624,
                2.2355,
                40,
                5,
                1.621851,
                3.243015,
                4.050701
              ]
            },
            {
              "Level": 11,
              "Parameters": [
                1.8094,
                1.55874,
                1.94884,
                2.56636,
                1.323504,
                2.3933,
                40,
                5,
                1.736335,
                3.471933,
                4.336632
              ]
            },
            {
              "Level": 12,
              "Parameters": [
                1.9075,
                1.64325,
                2.0545,
                2.7055,
                1.410768,
                2.5511,
                40,
                5,
                1.850818,
                3.700852,
                4.622564
              ]
            },
            {
              "Level": 13,
              "Parameters": [
                2.0056,
                1.72776,
                2.16016,
                2.84464,
                1.498032,
                2.7089,
                40,
                5,
                1.965302,
                3.929771,
                4.908496
              ]
            },
            {
              "Level": 14,
              "Parameters": [
                2.1037,
                1.81227,
                2.26582,
                2.98378,
                1.585296,
                2.8667,
                40,
                5,
                2.079785,
                4.15869,
                5.194428
              ]
            },
            {
              "Level": 15,
              "Parameters": [
                2.2018,
                1.89678,
                2.37148,
                3.12292,
                1.67256,
                3.0245,
                40,
                5,
                2.194269,
                4.387608,
                5.48036
              ]
            }
          ]
        },
        "Id": 10201,
        "Name": "普通攻击·钢脊",
        "Description": "<color=#FFD780FF>普通攻击</color>\n进行至多四段的连续挥砍。\n\n<color=#FFD780FF>重击</color>\n持续消耗体力，旋转大剑攻击周围的敌人。\n停止旋转时，会进行一次格外有力的挥砍。\n\n<color=#FFD780FF>下落攻击</color>\n从空中下坠冲击地面，攻击下落路径上的敌人，并在落地时造成范围伤害。",
        "Icon": "Skill_A_04"
      },
      {
        "GroupId": 2032,
        "Proud": {
          "Descriptions": [
            "点按技能伤害|{param1:P}",
            "长按技能伤害|{param2:P}",
            "雷之印充能效率提升|每个{param3:P}",
            "雷之印吸收恢复能量|每个{param4:F1}点",
            "雷之印持续时间|{param5:F1}秒",
            "点按冷却时间|{param6:F1}秒",
            "长按冷却时间|{param7:F1}秒"
          ],
          "Parameters": [
            {
              "Level": 1,
              "Parameters": [
                1.992,
                2.952,
                0.2,
                5,
                18,
                6,
                10
              ]
            },
            {
              "Level": 2,
              "Parameters": [
                2.1414,
                3.1734,
                0.2,
                5,
                18,
                6,
                10
              ]
            },
            {
              "Level": 3,
              "Parameters": [
                2.2908,
                3.3948,
                0.2,
                5,
                18,
                6,
                10
              ]
            },
            {
              "Level": 4,
              "Parameters": [
                2.49,
                3.69,
                0.2,
                5,
                18,
                6,
                10
              ]
            },
            {
              "Level": 5,
              "Parameters": [
                2.6394,
                3.9114,
                0.2,
                5,
                18,
                6,
                10
              ]
            },
            {
              "Level": 6,
              "Parameters": [
                2.7888,
                4.1328,
                0.2,
                5,
                18,
                6,
                10
              ]
            },
            {
              "Level": 7,
              "Parameters": [
                2.988,
                4.428,
                0.2,
                5,
                18,
                6,
                10
              ]
            },
            {
              "Level": 8,
              "Parameters": [
                3.1872,
                4.7232,
                0.2,
                5,
                18,
                6,
                10
              ]
            },
            {
              "Level": 9,
              "Parameters": [
                3.3864,
                5.0184,
                0.2,
                5,
                18,
                6,
                10
              ]
            },
            {
              "Level": 10,
              "Parameters": [
                3.5856,
                5.3136,
                0.2,
                5,
                18,
                6,
                10
              ]
            },
            {
              "Level": 11,
              "Parameters": [
                3.7848,
                5.6088,
                0.2,
                5,
                18,
                6,
                10
              ]
            },
            {
              "Level": 12,
              "Parameters": [
                3.984,
                5.904,
                0.2,
                5,
                18,
                6,
                10
              ]
            },
            {
              "Level": 13,
              "Parameters": [
                4.233,
                6.273,
                0.2,
                5,
                18,
                6,
                10
              ]
            },
            {
              "Level": 14,
              "Parameters": [
                4.482,
                6.642,
                0.2,
                5,
                18,
                6,
                10
              ]
            },
            {
              "Level": 15,
              "Parameters": [
                4.731,
                7.011,
                0.2,
                5,
                18,
                6,
                10
              ]
            }
          ]
        },
        "Id": 10202,
        "Name": "利爪与苍雷",
        "Description": "用师父与他的「家人」教他的方法，来解决猎物。\n\n<color=#FFD780FF>点按</color>\n向前挥动雷狼之爪，对前方的敌人造成<color=#FFACFFFF>雷元素伤害</color>。\n若命中敌人，则会为雷泽积攒一个雷之印，提高雷泽的元素充能效率。\n最多同时存在3个雷之印，叠加刷新持续时间。\n\n<color=#FFD780FF>长按</color>\n积聚雷电力量引发小范围的雷爆，造成大量<color=#FFACFFFF>雷元素伤害</color>，并清除已有的雷之印。\n每个因此被清除的雷之印，都会转为雷泽的元素能量。\n\n<i>雷击落下的一瞬，偶尔能瞥见雷泽灵魂深处那头狼打量猎物的眼神。</i>",
        "Icon": "Skill_S_Razor_01"
      }
    ],
    "EnergySkill": {
      "GroupId": 2039,
      "Proud": {
        "Descriptions": [
          "爆发伤害|{param1:P}",
          "狼魂伤害|{param2:F1P}普通攻击伤害",
          "普通攻击速度提升|{param3:P}",
          "雷元素抗性提升|{param4:P}",
          "持续时间|{param5:F1}秒",
          "冷却时间|{param6:F1}秒",
          "元素能量|{param7:I}"
        ],
        "Parameters": [
          {
            "Level": 1,
            "Parameters": [
              1.6,
              0.24,
              0.26,
              0.8,
              15,
              20,
              80
            ]
          },
          {
            "Level": 2,
            "Parameters": [
              1.72,
              0.258,
              0.28,
              0.8,
              15,
              20,
              80
            ]
          },
          {
            "Level": 3,
            "Parameters": [
              1.84,
              0.276,
              0.3,
              0.8,
              15,
              20,
              80
            ]
          },
          {
            "Level": 4,
            "Parameters": [
              2,
              0.3,
              0.32,
              0.8,
              15,
              20,
              80
            ]
          },
          {
            "Level": 5,
            "Parameters": [
              2.12,
              0.318,
              0.34,
              0.8,
              15,
              20,
              80
            ]
          },
          {
            "Level": 6,
            "Parameters": [
              2.24,
              0.336,
              0.36,
              0.8,
              15,
              20,
              80
            ]
          },
          {
            "Level": 7,
            "Parameters": [
              2.4,
              0.36,
              0.37,
              0.8,
              15,
              20,
              80
            ]
          },
          {
            "Level": 8,
            "Parameters": [
              2.56,
              0.384,
              0.38,
              0.8,
              15,
              20,
              80
            ]
          },
          {
            "Level": 9,
            "Parameters": [
              2.72,
              0.408,
              0.39,
              0.8,
              15,
              20,
              80
            ]
          },
          {
            "Level": 10,
            "Parameters": [
              2.88,
              0.432,
              0.4,
              0.8,
              15,
              20,
              80
            ]
          },
          {
            "Level": 11,
            "Parameters": [
              3.04,
              0.456,
              0.4,
              0.8,
              15,
              20,
              80
            ]
          },
          {
            "Level": 12,
            "Parameters": [
              3.2,
              0.48,
              0.4,
              0.8,
              15,
              20,
              80
            ]
          },
          {
            "Level": 13,
            "Parameters": [
              3.4,
              0.51,
              0.4,
              0.8,
              15,
              20,
              80
            ]
          },
          {
            "Level": 14,
            "Parameters": [
              3.6,
              0.54,
              0.4,
              0.8,
              15,
              20,
              80
            ]
          },
          {
            "Level": 15,
            "Parameters": [
              3.8,
              0.57,
              0.4,
              0.8,
              15,
              20,
              80
            ]
          }
        ]
      },
      "Id": 10203,
      "Name": "雷牙",
      "Description": "唤醒无形的雷狼守护自己，对周围的敌人造成<color=#FFACFFFF>雷元素伤害</color>，并消耗所有雷之印，为雷泽恢复元素能量。\n雷狼存在期间，会与雷泽共同战斗。\n\n<color=#FFD780FF>雷狼</color>\n·会随雷泽的普通攻击协同攻击，造成<color=#FFACFFFF>雷元素伤害</color>；\n·提高雷泽的攻击速度、<color=#FFACFFFF>雷元素抗性</color>；\n·使雷泽免疫<color=#FFACFFFF>感电</color>反应的伤害；\n·无法施放重击；\n·提高雷泽的抗打断能力。\n\n效果将在雷泽退场时解除。\n退场时，会依据剩余的持续时间，返还至多10点元素能量。\n\n<i>狼苏醒了。狩猎的时候到了。</i>",
      "Icon": "Skill_E_Razor_01"
    },
    "Inherents": [
      {
        "GroupId": 2021,
        "Proud": {
          "Descriptions": [],
          "Parameters": [
            {
              "Level": 1,
              "Parameters": []
            }
          ]
        },
        "Id": 202101,
        "Name": "觉醒",
        "Description": "<color=#FFD780FF>利爪与苍雷</color>的冷却时间减少18%。\n施放<color=#FFD780FF>雷牙</color>时，重置<color=#FFD780FF>利爪与苍雷</color>的冷却时间。",
        "Icon": "UI_Talent_S_Razor_05"
      },
      {
        "GroupId": 2022,
        "Proud": {
          "Descriptions": [],
          "Parameters": [
            {
              "Level": 1,
              "Parameters": []
            }
          ]
        },
        "Id": 202201,
        "Name": "饥饿",
        "Description": "雷泽的元素能量在50%以下时，元素充能效率提高30%。",
        "Icon": "UI_Talent_S_Razor_06"
      },
      {
        "GroupId": 2023,
        "Proud": {
          "Descriptions": [],
          "Parameters": [
            {
              "Level": 1,
              "Parameters": []
            }
          ]
        },
        "Id": 202301,
        "Name": "奔狼",
        "Description": "队伍中自己的角色冲刺消耗的体力降低20%。\n无法与效果完全相同的固有天赋叠加。",
        "Icon": "UI_Talent_Explosion_Sprint"
      }
    ],
    "Talents": [
      {
        "Id": 201,
        "Name": "狼性",
        "Description": "雷泽获取元素晶球或元素微粒后的8秒内，造成的伤害提高10%。",
        "Icon": "UI_Talent_S_Razor_01"
      },
      {
        "Id": 202,
        "Name": "压制",
        "Description": "雷泽攻击生命值低于30%的敌人时，暴击率提高10%。",
        "Icon": "UI_Talent_S_Razor_02"
      },
      {
        "Id": 203,
        "Name": "兽魂",
        "Description": "<color=#FFD780FF>雷牙</color>的技能等级提高3级。\n至多提升至15级。",
        "Icon": "UI_Talent_U_Razor_02",
        "ExtraLevel": {
          "Index": 9,
          "Level": 3
        }
      },
      {
        "Id": 204,
        "Name": "撕咬",
        "Description": "<color=#FFD780FF>利爪与苍雷</color>点按时，会使命中的敌人防御力降低15%，持续7秒。",
        "Icon": "UI_Talent_S_Razor_03"
      },
      {
        "Id": 205,
        "Name": "利爪",
        "Description": "<color=#FFD780FF>利爪与苍雷</color>的技能等级提高3级。\n至多提升至15级。",
        "Icon": "UI_Talent_U_Razor_01",
        "ExtraLevel": {
          "Index": 2,
          "Level": 3
        }
      },
      {
        "Id": 206,
        "Name": "天狼",
        "Description": "每10秒，雷泽的大剑将自动充能，使下一次普通攻击引发落雷，造成100%攻击力的<color=#FFACFFFF>雷元素伤害</color>。\n不处于<color=#FFD780FF>雷牙</color>状态下时，若落雷击中敌人，会为雷泽积攒一个<color=#FFD780FF>利爪与苍雷</color>的雷之印。",
        "Icon": "UI_Talent_S_Razor_04"
      }
    ]
  },
  "FetterInfo": {
    "Title": "狼少年",
    "Detail": "住在蒙德地区奔狼领，远离城市与人群，和狼一同生活的少年。直觉锐利，身姿迅捷。",
    "Association": 1,
    "Native": "奔狼领",
    "BirthMonth": 9,
    "BirthDay": 9,
    "VisionBefore": "雷",
    "ConstellationBefore": "小狼座",
    "CvChinese": "周帅",
    "CvJapanese": "内山昂辉",
    "CvEnglish": "托德·哈伯空",
    "CvKorean": "金徐暎",
    "CookBonus": {
      "OriginItemId": 108046,
      "ItemId": 108048,
      "InputList": [
        100020,
        100080,
        110008
      ]
    },
    "Fetters": [
      {
        "Title": "初次见面…",
        "Context": "你的气味…好闻。一起狩猎吧！"
      },
      {
        "Title": "闲聊·气味",
        "Context": "唔，兔子的味道…"
      },
      {
        "Title": "闲聊·饿",
        "Context": "走吗，肚子饿了。"
      },
      {
        "Title": "闲聊·望风",
        "Context": "我去望风，走了叫我。"
      },
      {
        "Title": "打雷的时候·提醒",
        "Context": "怕就快点躲起来。"
      },
      {
        "Title": "打雷的时候·带路",
        "Context": "避开树，跟我来！"
      },
      {
        "Title": "起风的时候…",
        "Context": "风…唔…舒服。"
      },
      {
        "Title": "刮大风了…",
        "Context": "风…嗯…扎扎的，有点疼。"
      },
      {
        "Title": "早上好…",
        "Context": "太阳出来了。狩猎一起去？"
      },
      {
        "Title": "中午好…",
        "Context": "大块吃肉，开心！"
      },
      {
        "Title": "晚上好…",
        "Context": "你去睡觉吧，我看月亮。"
      },
      {
        "Title": "晚安…",
        "Context": "你睡觉，我看守。明天一起狩猎。"
      },
      {
        "Title": "关于雷泽自己…",
        "Context": "我是狼。人的爸爸、妈妈，没有。"
      },
      {
        "Title": "关于我们·朋友",
        "Context": "你是朋友。我和你一起狩猎。"
      },
      {
        "Title": "关于我们·武器",
        "Context": "我有铁的爪子和雷的牙。我保护你。"
      },
      {
        "Title": "关于「神之眼」…",
        "Context": "「神之眼」，师父帮忙。雷的牙打架，保护「卢皮卡」。"
      },
      {
        "Title": "有什么想要分享…",
        "Context": "晚上，星星很好看。天空，湖里，都有很多很多星星。\n晚上，城市里，也有很多星星。"
      },
      {
        "Title": "感兴趣的见闻…",
        "Context": "我的「卢皮卡」的狼。它们是家人。"
      },
      {
        "Title": "关于丽莎…",
        "Context": "师父的雷，天空会变黑。很可怕，很强。"
      },
      {
        "Title": "关于芭芭拉…",
        "Context": "芭芭拉，亮晶晶的女孩子。很善良。"
      },
      {
        "Title": "关于迪卢克…",
        "Context": "迪卢克，红红的、黑黑的。又冷又热。"
      },
      {
        "Title": "关于温迪…",
        "Context": "诗歌…唔，不明白。虽然不明白，「卢皮卡」喜欢。"
      },
      {
        "Title": "关于班尼特…",
        "Context": "班尼特，话很多，和他一起，吃不饱。"
      },
      {
        "Title": "关于可莉…",
        "Context": "可莉，朋友！朋友，但是，头疼。"
      },
      {
        "Title": "关于法尔伽·陌生",
        "Context": "法尔伽？不认识…"
      },
      {
        "Title": "关于法尔伽·回忆",
        "Context": "哦…法尔伽，是名字。那个男人，高大。雷泽名字，铁的爪子，他给的。唔…想见他。"
      },
      {
        "Title": "想要了解雷泽·其一",
        "Context": "你的气味，善良的味道。喜欢吃肉？"
      },
      {
        "Title": "想要了解雷泽·其二",
        "Context": "你很强。和狼一样强。喜欢和你狩猎。收获很多。"
      },
      {
        "Title": "想要了解雷泽·其三",
        "Context": "卢皮卡是「狼的家」。不对，是「狼的家人」。我的卢皮卡在树林里。它们保护我，说我是卢皮卡。"
      },
      {
        "Title": "想要了解雷泽·其四",
        "Context": "我只有卢皮卡。\n但是，就算是卢皮卡，我没有四只脚，不是真的狼。有时候心里难过。"
      },
      {
        "Title": "想要了解雷泽·其五",
        "Context": "和你一起奔跑开心，和你一起狩猎开心。和你一起，我是狼，我是人，都没关系。\n你是朋友，你是我的「卢皮卡」。我想要你也开心。"
      },
      {
        "Title": "雷泽的爱好…",
        "Context": "喜欢卢皮卡。喜欢树林。喜欢朋友。喜欢奔跑。"
      },
      {
        "Title": "雷泽的烦恼…",
        "Context": "说话很累，很难。但是，不说话不行。"
      },
      {
        "Title": "喜欢的食物…",
        "Context": "喜欢肉。喜欢土豆。"
      },
      {
        "Title": "讨厌的食物…",
        "Context": "蔬菜不好。我吃的肉才吃菜。"
      },
      {
        "Title": "收到赠礼·其一",
        "Context": "气味很香，味道一样好。喜欢。"
      },
      {
        "Title": "收到赠礼·其二",
        "Context": "吃了有力气，很开心。"
      },
      {
        "Title": "收到赠礼·其三",
        "Context": "吃，不好。不吃，不好。有些难过。"
      },
      {
        "Title": "生日…",
        "Context": "今天是你的…你是在很多很多个月以前的，今天出生的。想和你一起开心。今天一起吃肉。"
      },
      {
        "Title": "突破的感受·起",
        "Context": "手臂，更粗了…？"
      },
      {
        "Title": "突破的感受·承",
        "Context": "磨爪子，磨牙，要更强！"
      },
      {
        "Title": "突破的感受·转",
        "Context": "跑，狩猎。不够，不行！我要…更强。"
      },
      {
        "Title": "突破的感受·合",
        "Context": "牙齿，爪子，腿。更强，更有力气…保护你！"
      },
      {
        "Title": "元素战技·其一",
        "Context": "走开！"
      },
      {
        "Title": "元素战技·其二",
        "Context": "啊！"
      },
      {
        "Title": "元素战技·其三",
        "Context": "嗷！"
      },
      {
        "Title": "元素战技·其四",
        "Context": "别过来！"
      },
      {
        "Title": "元素爆发·其一",
        "Context": "嗷——"
      },
      {
        "Title": "元素爆发·其二",
        "Context": "Blitz！"
      },
      {
        "Title": "元素爆发·其三",
        "Context": "嚎——"
      },
      {
        "Title": "元素爆发·其四",
        "Context": "啊——"
      },
      {
        "Title": "打开宝箱·其一",
        "Context": "这些东西，可能有用？"
      },
      {
        "Title": "打开宝箱·其二",
        "Context": "箱子，用完可以，装东西。"
      },
      {
        "Title": "打开宝箱·其三",
        "Context": "宝藏的气味。奇怪。"
      },
      {
        "Title": "生命值低·其一",
        "Context": "疼。"
      },
      {
        "Title": "生命值低·其二",
        "Context": "嗷——"
      },
      {
        "Title": "生命值低·其三",
        "Context": "杀了你！…"
      },
      {
        "Title": "同伴生命值低·其一",
        "Context": "不行。"
      },
      {
        "Title": "同伴生命值低·其二",
        "Context": "活下来！"
      },
      {
        "Title": "倒下·其一",
        "Context": "唔，好难呼吸…"
      },
      {
        "Title": "倒下·其二",
        "Context": "想回去…"
      },
      {
        "Title": "倒下·其三",
        "Context": "我的…卢皮卡…"
      },
      {
        "Title": "重受击·其一",
        "Context": "嘴里，咸的…"
      },
      {
        "Title": "加入队伍·其一",
        "Context": "我打头阵。"
      },
      {
        "Title": "加入队伍·其二",
        "Context": "要去哪里？"
      },
      {
        "Title": "加入队伍·其三",
        "Context": "背后，交给我。"
      }
    ],
    "FetterStories": [
      {
        "Title": "角色详细",
        "Context": "雷泽是生活在奔狼领的神秘少年，很少有蒙德居民能发现他的行踪。\n但据少数目击者称，雷泽五感敏锐，身手矫健，能在树林中高速穿梭，又常与狼群共同出没，不会主动靠近人类。\n有人猜测，他是被狼群抚养大的弃婴。也有人说，他是幻化成少年模样的狼灵。\n种种猜测，为「狼少年」这一别称增添了许多神秘色彩。\n而「狼少年」雷泽本人，今日依旧站在山岗上，仰头沐浴着温暖的阳光。"
      },
      {
        "Title": "角色故事1",
        "Context": "雷泽日夜生活在狼群之中。\n每匹狼都与他亲密无间，谁的嚎声更响，谁的跑速更快，谁更擅长偷袭…没有雷泽不了解的狼。\n雷泽听得懂风的情绪，闻得见远方的气味，记得住许多花草的用途，唯独想不起亲生父母的面容。\n他们究竟是怎样的人呢？雷泽费尽力气也回忆不起。\n记事起，他就和狼生活在一起。狼待他如「卢皮卡」——这是别人教他的词，意为「家人」。"
      },
      {
        "Title": "角色故事2",
        "Context": "天空中飞着小小的、会唱歌的东西。\n云朵拉长成一条，蓬蓬绒绒，好像狼的尾巴。\n雷泽的世界很简单。\n晴朗的日子狂奔追捕，背着猎物采摘成熟的水果；下雨的日子钻进树洞，抱住狼的尾巴枕着草叶入睡。\n大口大口进食，咕咚咕咚喝水，热了跳进湖水里游泳，渴了就找香甜多汁的果子。\n雷泽看看自己的身躯和手臂，又看看「狼」的身躯和手臂。\n他知道自己与「狼」很不一样。\n但雷泽觉得这样的生活很好。"
      },
      {
        "Title": "角色故事3",
        "Context": "某一天，陌生的高个子男人来到山里，打破了雷泽平静的生活。\n雷泽不认识他，只知道面前站着的是一个「人类」。他的迷茫让陌生人露出友善的微笑。\n「孩子，跟我回蒙德城怎么样？」\n男人说着，向雷泽伸出手。\n雷泽和狼都不明白他的意思。群狼护在雷泽身前，不许男人靠近他。\n雷泽缩在狼尾巴堆里，看看自己的身躯和手臂，又透过皮毛的缝隙看看那个「人」的身躯和手臂。\n他知道自己算不上聪明，有个问题，他从那时就一直想不明白。\n「我属于狼，还是属于人…？」"
      },
      {
        "Title": "角色故事4",
        "Context": "「雷泽」这个名字，是那个男人为他取的。\n单纯的狼少年还无法理解人类的语言，却隐约从男人脸上读懂了含义——这是男人赠予自己的称呼。\n「雷，泽。」\n奔狼领的树影从长变短，又从短变长。\n男人教会了雷泽挥舞剑的方法。笨重的「铁爪子」，却锐利到连树木都能劈断。\n「今后，也要保护好你的朋友。」\n「朋，友。」\n雷泽笨拙地重复着男人吐出的音节。他还不太明白他的意思。\n就像他也不明白名字到底算不算重要的东西。因为直到那个男人离开，雷泽都未能从他口中获知他的「名字」。"
      },
      {
        "Title": "角色故事5",
        "Context": "「师父，朋友，是什么意思？」\n雷泽用自己并不算丰富的词汇，磕磕绊绊地问他新认识的师父。\n从地里结的土豆如何做成好吃的土豆饼，到夏夜中最亮的星的名字，他紫色的师父无所不知。\n师父丽莎打了个哈欠，朝他笑着，没有回答。\n雷泽吹风的时候在想，淋雨的时候也在想，想到钩钩果黏满了背后的头发，都没能想出来。\n后来雷泽遇到了一个红红的、很烫的女孩子。\n他们一起吹风，一起淋雨，一起在长满钩钩果的灌木丛边打滚。\n女孩的名字是可莉。跟她一起玩闹，雷泽就像重新回到童年。那时跟狼群伙伴打闹，也让他如此快乐。\n「原来朋友，就跟卢皮卡一样啊。」\n雷泽不太理解人情世故，但他有着野兽般原始而率直的忠诚。\n「——那么，你也跟卢皮卡一样，是要用生命守护的人了。」\n远处传来隐隐的狼嚎，是呼唤他回家的声音。\n雷泽依旧不知道自己属于狼，还是属于人。\n但雷泽觉得这样的生活很好。"
      },
      {
        "Title": "雷泽的糙木箱",
        "Context": "粗糙到打开都要小心扎手的木箱里，装着雷泽的宝物。\n一把断裂的大剑刀柄、一本名叫《风车菊与狼》的童话故事书、一株已经枯黄的四叶草。\n对不懂人情世故的雷泽而言，这些「朋友」们送给他的礼物，就是他最珍贵的财富。"
      },
      {
        "Title": "神之眼",
        "Context": "获得「神之眼」的经过，是雷泽为数不多的，不愿想起的记忆。\n那个雷雨天，一个深渊法师从背后偷袭并带走了雷泽。前来营救他的狼群朝深渊法师发起了无畏的攻击，然而，却被法术尽数击倒在地。\n眼看同伴被残害，无能为力的雷泽如同困兽一般痛苦咆哮起来。\n——「卢皮卡」。\n暴怒的雷电在他身上缠绕，过量的元素力在他体内奔流。\n他想保护，他想复仇。\n他挣脱锁链，举起武器。\n深渊法师被无序的狂暴雷电击溃，但这次倒下的那些同伴，已经来不及保护了。\n……\n尽管获得了「神之眼」，那时的雷泽还不知道该如何驾驭这种力量。很久以后的某一天，他遇到了蔷薇魔女丽莎，开始向她学习人类的知识。\n「不想再让任何同伴受伤了。」\n雷泽使用「神之眼」的技巧日渐熟练。他暗暗下了决心：要变强，变得比谁都强。\n危险来临时，他必将保护他的「卢皮卡」。"
      }
    ]
  },
  "Costumes": [
    {
      "Id": 202000,
      "Name": "奔行原野",
      "Description": "雷泽的装扮款式。便于野外奔行的简约装束。",
      "IsDefault": true
    }
  ],
  "CultivationItems": [
    104144,
    113002,
    100021,
    112007,
    104306,
    113004
  ],
  "NameCard": {
    "Name": "雷泽·奔狼",
    "Description": "名片纹饰。\n雷泽和群狼一起弄晚饭的姿态十分飒爽。但是不能给可莉和旅行者看到。",
    "Icon": "UI_NameCardIcon_Razor",
    "PicturePrefix": "UI_NameCardPic_Razor"
  }
}