{
  "Id": 10000038,
  "PromoteId": 38,
  "Sort": 27,
  "Body": 1,
  "Icon": "UI_AvatarIcon_Albedo",
  "SideIcon": "UI_AvatarIcon_Side_Albedo",
  "Name": "阿贝多",
  "Description": "西风骑士团首席炼金术士兼调查小队队长，被称做「白垩之子」的天才。",
  "BeginTime": "2020-12-22T00:00:00+08:00",
  "Quality": 5,
  "Weapon": 1,
  "BaseValue": {
    "HpBase": 1029.5856,
    "AttackBase": 19.551,
    "DefenseBase": 68.2062
  },
  "GrowCurves": [
    {
      "Type": 1,
      "Value": 21
    },
    {
      "Type": 4,
      "Value": 31
    },
    {
      "Type": 7,
      "Value": 21
    }
  ],
  "SkillDepot": {
    "Arkhe": 0,
    "Skills": [
      {
        "GroupId": 3831,
        "Proud": {
          "Descriptions": [
            "一段伤害|{param1:F1P}",
            "二段伤害|{param2:F1P}",
            "三段伤害|{param3:F1P}",
            "四段伤害|{param4:F1P}",
            "五段伤害|{param5:F1P}",
            "重击伤害|{param6:F1P}+{param7:F1P}",
            "重击体力消耗|{param8:F1}点",
            "下坠期间伤害|{param9:F1P}",
            "低空/高空坠地冲击伤害|{param10:P}/{param11:P}"
          ],
          "Parameters": [
            {
              "Level": 1,
              "Parameters": [
                0.367392,
                0.367392,
                0.474548,
                0.49751,
                0.620739,
                0.473,
                0.602,
                20,
                0.639324,
                1.278377,
                1.596762
              ]
            },
            {
              "Level": 2,
              "Parameters": [
                0.397296,
                0.397296,
                0.513174,
                0.538005,
                0.671265,
                0.5115,
                0.651,
                20,
                0.691362,
                1.382431,
                1.726731
              ]
            },
            {
              "Level": 3,
              "Parameters": [
                0.4272,
                0.4272,
                0.5518,
                0.5785,
                0.72179,
                0.55,
                0.7,
                20,
                0.7434,
                1.486485,
                1.8567
              ]
            },
            {
              "Level": 4,
              "Parameters": [
                0.46992,
                0.46992,
                0.60698,
                0.63635,
                0.793969,
                0.605,
                0.77,
                20,
                0.81774,
                1.635134,
                2.04237
              ]
            },
            {
              "Level": 5,
              "Parameters": [
                0.499824,
                0.499824,
                0.645606,
                0.676845,
                0.844494,
                0.6435,
                0.819,
                20,
                0.869778,
                1.739187,
                2.172339
              ]
            },
            {
              "Level": 6,
              "Parameters": [
                0.534,
                0.534,
                0.68975,
                0.723125,
                0.902238,
                0.6875,
                0.875,
                20,
                0.92925,
                1.858106,
                2.320875
              ]
            },
            {
              "Level": 7,
              "Parameters": [
                0.580992,
                0.580992,
                0.750448,
                0.78676,
                0.981634,
                0.748,
                0.952,
                20,
                1.011024,
                2.02162,
                2.525112
              ]
            },
            {
              "Level": 8,
              "Parameters": [
                0.627984,
                0.627984,
                0.811146,
                0.850395,
                1.061031,
                0.8085,
                1.029,
                20,
                1.092798,
                2.185133,
                2.729349
              ]
            },
            {
              "Level": 9,
              "Parameters": [
                0.674976,
                0.674976,
                0.871844,
                0.91403,
                1.140428,
                0.869,
                1.106,
                20,
                1.174572,
                2.348646,
                2.933586
              ]
            },
            {
              "Level": 10,
              "Parameters": [
                0.72624,
                0.72624,
                0.93806,
                0.98345,
                1.227043,
                0.935,
                1.19,
                20,
                1.26378,
                2.527025,
                3.15639
              ]
            },
            {
              "Level": 11,
              "Parameters": [
                0.78498,
                0.78498,
                1.013932,
                1.062994,
                1.326289,
                1.010625,
                1.28625,
                20,
                1.352988,
                2.705403,
                3.379194
              ]
            },
            {
              "Level": 12,
              "Parameters": [
                0.854058,
                0.854058,
                1.103159,
                1.156537,
                1.443003,
                1.09956,
                1.39944,
                20,
                1.442196,
                2.883781,
                3.601998
              ]
            },
            {
              "Level": 13,
              "Parameters": [
                0.923136,
                0.923136,
                1.192385,
                1.250081,
                1.559716,
                1.188495,
                1.51263,
                20,
                1.531404,
                3.062159,
                3.824802
              ]
            },
            {
              "Level": 14,
              "Parameters": [
                0.992215,
                0.992215,
                1.281611,
                1.343624,
                1.676429,
                1.27743,
                1.62582,
                20,
                1.620612,
                3.240537,
                4.047606
              ]
            },
            {
              "Level": 15,
              "Parameters": [
                1.067573,
                1.067573,
                1.378948,
                1.445671,
                1.803753,
                1.37445,
                1.7493,
                20,
                1.70982,
                3.418915,
                4.27041
              ]
            }
          ]
        },
        "Id": 10386,
        "Name": "普通攻击·西风剑术·白",
        "Description": "<color=#FFD780FF>普通攻击</color>\n进行至多五段的连续剑击。\n\n<color=#FFD780FF>重击</color>\n消耗一定体力，瞬间向前方挥出两剑。\n\n<color=#FFD780FF>下落攻击</color>\n从空中下坠冲击地面，攻击下落路径上的敌人，并在落地时造成范围伤害。",
        "Icon": "Skill_A_01"
      },
      {
        "GroupId": 3832,
        "Proud": {
          "Descriptions": [
            "技能伤害|{param1:P}",
            "刹那之花伤害|{param2:P}防御力",
            "持续时间|{param3:F1}秒",
            "技能冷却|{param4:F1}秒"
          ],
          "Parameters": [
            {
              "Level": 1,
              "Parameters": [
                1.304,
                1.336,
                30,
                4
              ]
            },
            {
              "Level": 2,
              "Parameters": [
                1.4018,
                1.4362,
                30,
                4
              ]
            },
            {
              "Level": 3,
              "Parameters": [
                1.4996,
                1.5364,
                30,
                4
              ]
            },
            {
              "Level": 4,
              "Parameters": [
                1.63,
                1.67,
                30,
                4
              ]
            },
            {
              "Level": 5,
              "Parameters": [
                1.7278,
                1.7702,
                30,
                4
              ]
            },
            {
              "Level": 6,
              "Parameters": [
                1.8256,
                1.8704,
                30,
                4
              ]
            },
            {
              "Level": 7,
              "Parameters": [
                1.956,
                2.004,
                30,
                4
              ]
            },
            {
              "Level": 8,
              "Parameters": [
                2.0864,
                2.1376,
                30,
                4
              ]
            },
            {
              "Level": 9,
              "Parameters": [
                2.2168,
                2.2712,
                30,
                4
              ]
            },
            {
              "Level": 10,
              "Parameters": [
                2.3472,
                2.4048,
                30,
                4
              ]
            },
            {
              "Level": 11,
              "Parameters": [
                2.4776,
                2.5384,
                30,
                4
              ]
            },
            {
              "Level": 12,
              "Parameters": [
                2.608,
                2.672,
                30,
                4
              ]
            },
            {
              "Level": 13,
              "Parameters": [
                2.771,
                2.839,
                30,
                4
              ]
            },
            {
              "Level": 14,
              "Parameters": [
                2.934,
                3.006,
                30,
                4
              ]
            },
            {
              "Level": 15,
              "Parameters": [
                3.097,
                3.173,
                30,
                4
              ]
            }
          ]
        },
        "Id": 10387,
        "Name": "创生法·拟造阳华",
        "Description": "炼成阳华，造成<color=#FFE699FF>岩元素范围伤害</color>。\n\n<color=#FFD780FF>阳华</color>\n具有如下特性：\n·以阳华为中心的领域中的敌人受到伤害时，阳华将会生成刹那之花，绽放造成<color=#FFE699FF>岩元素范围伤害</color>，伤害基于阿贝多的防御力。\n·每2秒只能生成一次刹那之花。\n·角色处在阳华上时，阳华将会凝聚岩元素的力量，形成将角色托起至一定高度的晶台。同时只能存在一个晶台。\n·同时只能存在一个由阿贝多自己创造的阳华，视为<color=#FFE699FF>岩元素创造物</color>。\n\n<color=#FFD780FF>长按</color>\n可以调整技能生效位置。\n\n<i>这种岩花有着奇异的特性，和炼金术的目的一致。诞生自大地，却一直希望上升至高天，化作太阳。</i>",
        "Icon": "Skill_S_Albedo_01"
      }
    ],
    "EnergySkill": {
      "GroupId": 3839,
      "Proud": {
        "Descriptions": [
          "爆发伤害|{param1:P}",
          "生灭之花伤害|每朵{param2:F1P}",
          "冷却时间|{param3:F1}秒",
          "元素能量|{param4:I}"
        ],
        "Parameters": [
          {
            "Level": 1,
            "Parameters": [
              3.672,
              0.72,
              12,
              40
            ]
          },
          {
            "Level": 2,
            "Parameters": [
              3.9474,
              0.774,
              12,
              40
            ]
          },
          {
            "Level": 3,
            "Parameters": [
              4.2228,
              0.828,
              12,
              40
            ]
          },
          {
            "Level": 4,
            "Parameters": [
              4.59,
              0.9,
              12,
              40
            ]
          },
          {
            "Level": 5,
            "Parameters": [
              4.8654,
              0.954,
              12,
              40
            ]
          },
          {
            "Level": 6,
            "Parameters": [
              5.1408,
              1.008,
              12,
              40
            ]
          },
          {
            "Level": 7,
            "Parameters": [
              5.508,
              1.08,
              12,
              40
            ]
          },
          {
            "Level": 8,
            "Parameters": [
              5.8752,
              1.152,
              12,
              40
            ]
          },
          {
            "Level": 9,
            "Parameters": [
              6.2424,
              1.224,
              12,
              40
            ]
          },
          {
            "Level": 10,
            "Parameters": [
              6.6096,
              1.296,
              12,
              40
            ]
          },
          {
            "Level": 11,
            "Parameters": [
              6.9768,
              1.368,
              12,
              40
            ]
          },
          {
            "Level": 12,
            "Parameters": [
              7.344,
              1.44,
              12,
              40
            ]
          },
          {
            "Level": 13,
            "Parameters": [
              7.803,
              1.53,
              12,
              40
            ]
          },
          {
            "Level": 14,
            "Parameters": [
              8.262,
              1.62,
              12,
              40
            ]
          },
          {
            "Level": 15,
            "Parameters": [
              8.721,
              1.71,
              12,
              40
            ]
          }
        ]
      },
      "Id": 10388,
      "Name": "诞生式·大地之潮",
      "Description": "岩晶在阿贝多的指示下涌动爆发，在阿贝多前方造成<color=#FFE699FF>岩元素范围伤害</color>。\n场上存在阿贝多自己创造的阳华时，会在阳华的领域内生成7朵生灭之花，猛烈绽放并造成<color=#FFE699FF>岩元素范围伤害</color>。\n\n爆发伤害与生灭之花的伤害不会生成刹那之花。\n\n<i>在白垩色王子的命令之下，大地的造物之潮翻涌了起来。</i>",
      "Icon": "Skill_E_Albedo_01"
    },
    "Inherents": [
      {
        "GroupId": 3821,
        "Proud": {
          "Descriptions": [],
          "Parameters": [
            {
              "Level": 1,
              "Parameters": []
            }
          ]
        },
        "Id": 382101,
        "Name": "白垩色的威压",
        "Description": "<color=#FFD780FF>创生法·拟造阳华</color>的刹那之花对生命值低于50%的敌人造成的伤害提高25%。",
        "Icon": "UI_Talent_S_Albedo_05"
      },
      {
        "GroupId": 3822,
        "Proud": {
          "Descriptions": [],
          "Parameters": [
            {
              "Level": 1,
              "Parameters": [
                125,
                10
              ]
            }
          ]
        },
        "Id": 382201,
        "Name": "瓶中人的天慧",
        "Description": "施放<color=#FFD780FF>诞生式·大地之潮</color>时，使附近的队伍中角色的元素精通提高125点，持续10秒。",
        "Icon": "UI_Talent_S_Albedo_06"
      },
      {
        "GroupId": 3823,
        "Proud": {
          "Descriptions": [],
          "Parameters": [
            {
              "Level": 1,
              "Parameters": [
                0.1,
                2
              ]
            }
          ]
        },
        "Id": 382301,
        "Name": "天才的发现",
        "Description": "合成武器突破素材时，有10%概率获得2倍产出。",
        "Icon": "UI_Talent_Combine_Weapon_Double"
      }
    ],
    "Talents": [
      {
        "Id": 381,
        "Name": "伊甸之花",
        "Description": "阿贝多的<color=#FFD780FF>创生法·拟造阳华</color>生成的刹那之花绽放时，为阿贝多自己回复1.2点元素能量。",
        "Icon": "UI_Talent_S_Albedo_01"
      },
      {
        "Id": 382,
        "Name": "显生之宙",
        "Description": "<color=#FFD780FF>创生法·拟造阳华</color>的刹那之花绽放时，会为阿贝多赋予生灭计数效果，持续30秒：\n·施放<color=#FFD780FF>诞生式·大地之潮</color>时，清除所有生灭计数效果，并根据清除的层数，提高诞生式·大地之潮的爆发伤害与生灭之花造成的伤害；\n·每层生灭计数，会提高等同于阿贝多防御力的30%的伤害；\n·该效果至多叠加4次。",
        "Icon": "UI_Talent_S_Albedo_02"
      },
      {
        "Id": 383,
        "Name": "太阳之华",
        "Description": "<color=#FFD780FF>创生法·拟造阳华</color>的技能等级提高3级。\n至多提升至15级。",
        "Icon": "UI_Talent_U_Albedo_01",
        "ExtraLevel": {
          "Index": 2,
          "Level": 3
        }
      },
      {
        "Id": 384,
        "Name": "神性之陨",
        "Description": "处于阳华的领域中的队伍中当前场上角色，造成的下落攻击伤害提高30%。",
        "Icon": "UI_Talent_S_Albedo_03"
      },
      {
        "Id": 385,
        "Name": "冥古之潮",
        "Description": "<color=#FFD780FF>诞生式·大地之潮</color>的技能等级提高3级。\n至多提升至15级。",
        "Icon": "UI_Talent_U_Albedo_02",
        "ExtraLevel": {
          "Index": 9,
          "Level": 3
        }
      },
      {
        "Id": 386,
        "Name": "无垢之土",
        "Description": "处在阳华的领域中的队伍中当前场上角色，若处于结晶反应产生的护盾庇护下，造成的伤害提高17%。",
        "Icon": "UI_Talent_S_Albedo_04"
      }
    ]
  },
  "FetterInfo": {
    "Title": "白垩之子",
    "Detail": "西风骑士团首席炼金术士兼调查小队队长，被称做「白垩之子」的天才。",
    "Association": 1,
    "Native": "西风骑士团",
    "BirthMonth": 9,
    "BirthDay": 13,
    "VisionBefore": "岩",
    "ConstellationBefore": "白垩之子座",
    "CvChinese": "Mace",
    "CvJapanese": "野岛健儿",
    "CvEnglish": "科伊·道",
    "CvKorean": "金明俊",
    "CookBonus": {
      "OriginItemId": 108208,
      "ItemId": 108214,
      "InputList": [
        110004,
        100084,
        100075,
        100055
      ]
    },
    "Fetters": [
      {
        "Title": "初次见面…",
        "Context": "我是阿贝多，西风骑士团首席炼金术士。我对你身上星海的气息很感兴趣，想要就近观察研究。相信以后我们会有很多独处的机会。"
      },
      {
        "Title": "闲聊·写生",
        "Context": "风景不错，趁着休息，就把这一幕画下来吧。"
      },
      {
        "Title": "闲聊·探究",
        "Context": "「世界的真相」…究竟是什么呢？"
      },
      {
        "Title": "闲聊·怀旧",
        "Context": "用自己的双脚丈量土地，将「未知」变为知识。…这种感觉，真怀念啊。"
      },
      {
        "Title": "下雨的时候…",
        "Context": "土壤湿润，适合采集爆爆瓜的根。没事，我来动手就可以。"
      },
      {
        "Title": "下雪的时候…",
        "Context": "师父…"
      },
      {
        "Title": "阳光很好…",
        "Context": "光线充足，生物行为活跃，嗯，很适合写生。"
      },
      {
        "Title": "早上好…",
        "Context": "早安，是准备出门寻找古代遗物吗？"
      },
      {
        "Title": "中午好…",
        "Context": "午安，我听到了你的脚步声。工坊之外真是热闹啊。"
      },
      {
        "Title": "晚上好…",
        "Context": "外面安静下来了，呼。"
      },
      {
        "Title": "晚安…",
        "Context": "晚安，你先去休息吧，我打算把最后一个实验做完。既然你那么感兴趣…明日再会时，我再与你一起探讨实验结果吧。"
      },
      {
        "Title": "关于阿贝多自己·天才",
        "Context": "天才？…不少人这么称呼我。其实，我不这样认为。"
      },
      {
        "Title": "关于阿贝多自己·人际",
        "Context": "与人交往…很麻烦。一旦开始就要不断维持，如果联系中断了，想再重新恢复，就得消耗更多的时间。"
      },
      {
        "Title": "关于我们·实验",
        "Context": "你…这是准备陪我做实验吗？呼，真荣幸。\n啊，不用紧张。我的实验虽然危险，通常不会伤及无辜。"
      },
      {
        "Title": "关于我们·助手",
        "Context": "能麻烦你当我的助手吗？鉴于你旁观了那么多次，想必早就熟练了吧。放心，我在你旁边。就算是第一次实际操作，也不会有问题的。我相信我的指导能力，更相信你的天赋。"
      },
      {
        "Title": "关于「神之眼」…",
        "Context": "「神之眼」？不过就是个实验用的工具罢了，和烧杯、坩埚没什么不同。唯一让我感兴趣的，就是它的原理…我总有一天会研究明白的，这只是时间问题。"
      },
      {
        "Title": "有什么想要分享…",
        "Context": "一直有些难以开口，因为假设被你拒绝的话，我可能会失落吧…\n嗯…我对你身边那个飞着的小家伙很感兴趣，方便让我拿去研究一下吗？"
      },
      {
        "Title": "感兴趣的见闻…",
        "Context": "想知道更多石化古树的事情？唔…你在附近秘境里观测到的那些，其实不算古老。稍微成熟一些的树，一般能长到两三公里高；在树的根部，常常聚集着一种大蜘蛛。那种蜘蛛啊，用地栀子和香茅草捆紧，抹上白豆蔻，熏烤上几个小时，那香味，是真的很…令我难忘。"
      },
      {
        "Title": "关于亲人…",
        "Context": "亲人吗？虽然艾莉丝总希望我喊她妈妈…唔，但在我心里，谈起亲人第一时间想到的还是师父吧。我从记事起就和她在一起探险了，她教会了我炼金术和无数世间的知识。或许…「亲人」或者「师父」，这些词汇都不足以描绘出她对我来说的意义吧。"
      },
      {
        "Title": "关于砂糖·方向",
        "Context": "砂糖吗？我大概能理解她一心专攻「生物炼金」的理由…不管怎样，看到她的研究越来越顺利，我也为她感到高兴。"
      },
      {
        "Title": "关于砂糖·坚持",
        "Context": "虽然在学术方面的合作非常愉快，但课题以外的部分，砂糖也有很多她自己的坚持。比如我告诉她我们是平辈，叫我阿贝多就好，她却坚持要用尊称。…只好随她去了。"
      },
      {
        "Title": "关于丽莎…",
        "Context": "丽莎吗？和她讨论总会得到很有价值的观点。如此有才华却满足于图书管理员一职，想必背后藏着与那才华等重的因缘吧。"
      },
      {
        "Title": "关于可莉…",
        "Context": "我的确把可莉当作亲妹妹一样看，所以每次当这位妹妹惹出麻烦的时候，我都只能安慰自己，至少她现在的破坏力，还不及艾莉丝女士的零头。"
      },
      {
        "Title": "关于琴…",
        "Context": "琴吗？她是一位正直的代理团长，甚至可以说比那位团长大人更为可靠。可能大家心中都在期待着她成为正式团长的那一天吧。"
      },
      {
        "Title": "关于行秋…",
        "Context": "行秋吗？他写的小说挺有趣的。稻妻那边的「八重堂」一直在旁敲侧击希望让我和别的作者合作，说这样版税收入也会更好。哼，我缺这点钱吗？"
      },
      {
        "Title": "关于芭芭拉…",
        "Context": "芭芭拉吗？她是一位认真的牧师，说来以前碰巧有机会给她画过速写…你问画哪儿去了？嗯…我拒绝了艾伯特的开价，直接把画送给了代理团长。人际交往…真是耗费精力啊。"
      },
      {
        "Title": "想要了解阿贝多·其一",
        "Context": "有问题想问我？请说吧。啊，冒昧地问一句，应该不会花费太长时间吧？手头的研究马上要进入最后一个阶段了。"
      },
      {
        "Title": "想要了解阿贝多·其二",
        "Context": "啊，只是随口一提。不人为介入的话，黄金需要杀死一个八倍大的太阳才能自然生成。"
      },
      {
        "Title": "想要了解阿贝多·其三",
        "Context": "人物画的耗时主要和心情有关。有时候霍夫曼我也能画半天，有时候凯亚都只需要三笔——这个圆是脸，这个是眼罩的带子…这个是眼罩。"
      },
      {
        "Title": "想要了解阿贝多·其四",
        "Context": "除了画画和研究之外的生活…我偶尔会去看稻妻和璃月的小说吧，能看到很多很有趣的想法，有时也会为创作提供意想不到的灵感。"
      },
      {
        "Title": "想要了解阿贝多·其五",
        "Context": "即便到了现在，师父传授给我的「黑土之术」仍是充满了谜团，师父到底想要用这个技术创造出什么呢？…研究之期还远未到尽头，得麻烦你和我一起继续探索了。"
      },
      {
        "Title": "阿贝多的爱好…",
        "Context": "嗯…研究之外我最愿意花时间去做的应该是画画吧。一开始只是为了理解物体与材料的构成，便于研究开展，不过到了后来就变成了爱好。嗯，也是一种很好的放松方式。"
      },
      {
        "Title": "阿贝多的烦恼…",
        "Context": "时间真是不够用啊，即使把大部分麻烦的事情都推掉还是会觉得时间不够。"
      },
      {
        "Title": "喜欢的食物…",
        "Context": "我挺喜欢甜点的。怎么说呢…在体力和精力同时消耗殆尽的时候，高能量的物质会提供原始而高效的支持吧。"
      },
      {
        "Title": "讨厌的食物…",
        "Context": "讨厌的食物？餐馆里分量比较大的肉吧。我的胃口吃不了多少，只会面临「浪费」或者「失去风味」的结局。后来我就干脆不去餐馆了，虽然这也意味着要花更多时间在做菜上…"
      },
      {
        "Title": "收到赠礼·其一",
        "Context": "味觉仿佛折射出了色彩…我想它是金色的。"
      },
      {
        "Title": "收到赠礼·其二",
        "Context": "你似乎很愿意花时间在做菜上，所以才能做出这样的味道。"
      },
      {
        "Title": "收到赠礼·其三",
        "Context": "量有点大…要一起分享吗？"
      },
      {
        "Title": "生日…",
        "Context": "生日快乐。你看起来很高兴，可以将你的样子画下来吗？大脑的容量是有限的，人总会不断忘记。如果画在纸上，那么这些画就成了记忆的延伸，在未来重新看到这些画面时，一定能回想起当时的感觉吧。"
      },
      {
        "Title": "突破的感受·起",
        "Context": "「黑土」，是炼金术的词源，也是最初的状态。活在这个世界上，我等俗类必须寻找意义。"
      },
      {
        "Title": "突破的感受·承",
        "Context": "「白垩」，即是变化的开始。抽离了杂质，准备好接受一切知识。要和我一起去探索世界吗？"
      },
      {
        "Title": "突破的感受·转",
        "Context": "「赤成」，炼金术中的意思是，情感的炼化。我的赤色好像来自于你。"
      },
      {
        "Title": "突破的感受·合",
        "Context": "「黄金」，炼金术最后的阶段。无价值的事物终于找到了自己的意义，变化成了黄金。我，也找到了意义。"
      },
      {
        "Title": "元素战技·其一",
        "Context": "绽放吧。"
      },
      {
        "Title": "元素战技·其二",
        "Context": "拟造阳华。"
      },
      {
        "Title": "元素战技·其三",
        "Context": "创生之法。"
      },
      {
        "Title": "元素爆发·其一",
        "Context": "此即，诞生之刻。"
      },
      {
        "Title": "元素爆发·其二",
        "Context": "冥古，于此显生。"
      },
      {
        "Title": "元素爆发·其三",
        "Context": "见证伟业吧。"
      },
      {
        "Title": "打开宝箱·其一",
        "Context": "大地的秘宝。"
      },
      {
        "Title": "打开宝箱·其二",
        "Context": "无言的叙事。"
      },
      {
        "Title": "打开宝箱·其三",
        "Context": "虽无法比拟「黄金」，但终有价值。"
      },
      {
        "Title": "生命值低·其一",
        "Context": "计算失误…"
      },
      {
        "Title": "生命值低·其二",
        "Context": "需要重新评估…"
      },
      {
        "Title": "生命值低·其三",
        "Context": "必须改变策略。"
      },
      {
        "Title": "同伴生命值低·其一",
        "Context": "交给我吧。"
      },
      {
        "Title": "同伴生命值低·其二",
        "Context": "换人，对你来说太危险了。"
      },
      {
        "Title": "倒下·其一",
        "Context": "尘归尘，土归土…"
      },
      {
        "Title": "倒下·其二",
        "Context": "实验失败了吗？"
      },
      {
        "Title": "倒下·其三",
        "Context": "我的研究，结束了…"
      },
      {
        "Title": "普通受击·其一",
        "Context": "阈值以内…"
      },
      {
        "Title": "重受击·其一",
        "Context": "失算了…"
      },
      {
        "Title": "加入队伍·其一",
        "Context": "了解。"
      },
      {
        "Title": "加入队伍·其二",
        "Context": "是拓展课题吗？"
      },
      {
        "Title": "加入队伍·其三",
        "Context": "一起探索吧。"
      }
    ],
    "FetterStories": [
      {
        "Title": "角色详细",
        "Context": "「炼金」这门技术历史悠久，且已严重失传。如今，广为人知的那些炼金技法只够用来拼接物件碎块，起到一些节省胶水钱的作用罢了。\n如果听见别人这么说，炼金术士们一定会大喊：这门学问才没那么不堪！\n可惜在蒙德民众眼里，这差不多就是炼金术的本质了。\n直到有一天，阿贝多突然出现并定居在蒙德城。\n这位年轻人，以其惊人技术为大家揭露了炼金术的真正境界。\n连须弥教令院都未能掌握的庞大知识体系，被这名少年娓娓道来。\n「宇宙——即颠倒之天。地层——乃是时间都忘记的梦。这是灰，是生命这种复杂结构的最简状态。」\n像是为了佐证这一神妙说法，阿贝多捧起草史莱姆头顶花朵烧出的灰烬。\n几秒之后，他手中的灰堆里开出了一朵塞西莉亚花。\n「这是新生。」"
      },
      {
        "Title": "角色故事1",
        "Context": "阿贝多在骑士团里担任着相当重要的职务，不过，他很少抛头露面。\n并非因为他有学者式的古怪脾气。相反，他待人接物都非常真诚。\n只是，用过量热情建立起的亲密并不牢靠，想要维持它，就要付出更多能量。\n因此，阿贝多选择与他人保持恰当而友善的距离。\n如果赶上他闭锁工坊外出游历或是寻找素材的日子，蒙德城里谁都找不到他。\n但疏离的人际并不意味着阿贝多是个内心冷淡的人。\n在指导助手蒂玛乌斯和砂糖时，他会发自真心感到愉快。\n在为蒙德市民递送刚画好的速写时，他也会感到由衷的高兴。\n而在见到那位丽莎小姐明明拥有如此才华却自愿屈居图书管理员一职时…他则会由衷地感到可惜。"
      },
      {
        "Title": "角色故事2",
        "Context": "「阿贝多是凭借师父的推荐信才得以在蒙德安身。」\n这句话倒也算是事实。不过蒙德城永远欢迎任何人，有没有推荐信并不重要。\n不如说，要是没有这封推荐信，阿贝多在蒙德城会过得更舒服吧。\n——因为，推荐信的收件人是著名游记作者艾莉丝，阿贝多师父莱茵多特的故交。\n艾莉丝读完推荐信，沉思了好一会儿。\n「莱茵说，要我给你配一个实验室…这可不是民间力量能建起的规模啊。嗯…我想到了！」\n就这样，阿贝多被艾莉丝丢进了西风骑士团。\n骑士团的工作对阿贝多来说较为轻松，只花百分之五的精力，就能把那些事情处理得很好。\n本以为除此之外的精力都可以用于实验，骑士团的实验室及全套器材也能任凭自己折腾。\n然而。\n艾莉丝有个女儿，叫做可莉。\n…没错，就是「那个」可莉。\n「从今往后我们就是一家人了。你就把她当作亲妹妹吧！」\n未来的日子里，为可莉善后一事占据了阿贝多剩余精力的大半。"
      },
      {
        "Title": "角色故事3",
        "Context": "阿贝多没有关于血亲的记忆。自记事起，他就与师父一起在秘境深界探险。\n骑士团的大家、艾莉丝阿姨，以及那位有着星海气息的旅行者。他们都是重要之人，但在阿贝多的生命中，师父的地位显然最为特殊。\n对阿贝多来说，她是唯一的亲人。\n师父是一位冷淡、严格的女性。她养育了阿贝多，也教给他炼金术的奥秘。\n「宇宙——是真实星空那玄黑色的本质，地层——是时间和生命堆积的记忆。\n白垩——是你，黑土——是炼金术的语源，也是生命的根基。而这——」\n她为阿贝多展示了她的技法。巨大的生命破卵而出，培养槽的碎片散落一地。\n「这是诞生。」"
      },
      {
        "Title": "角色故事4",
        "Context": "曾经的阿贝多过着简单而又快乐的生活。\n他不用思考什么。生命似乎是单调的，意义仅在于陪伴师父、完成师父的吩咐、达成师父的期待。\n然而某一天，这对师徒在世界的深处找到一件名为「纳贝里士之心」的圣遗物。\n从那以后，师父便消失了。只留下了字条、一封推荐信和一部典籍。\n字条上写着：让阿贝多前往蒙德，寻找师父的故交艾莉丝，转交推荐信，并完成最后的课题。\n典籍，则是师父珍藏的「大仪秘典」残章。\n此外，还有一件较为特殊的礼物：师父对阿贝多出师一事给予书面认可，并授予他「白垩之子」的称号。\n阿贝多从前面对的每一个课题都很困难。\n他也相信，师父那些「办不到就抛弃你」的威胁，每一次都是认真说出口的。\n但现在，阿贝多接到的这个课题实在太过困难，已经超出了他能承受的极限…\n这是否意味着他再也没有完成课题、与师父重聚的机会了呢？\n「最后的课题：向我展示世界的真相，与世界的意义。」"
      },
      {
        "Title": "角色故事5",
        "Context": "阿贝多所掌握的「炼金术」，不同于提瓦特七国中任何一国的现有技术。\n他的师承，来自七国之外的国度——名为「坎瑞亚」之国。\n坎瑞亚深藏于地下，天然动物种类相当之少。因此，它所持有的「炼金术」，更侧重于「创造生命」这一分支领域。\n孕育生命之术，「黑土之术」。\n年幼的阿贝多曾在师父笔记中了解到这一信息。\n「黑土」的进阶乃是「白垩」。这件事，师父也曾提起过。\n「白垩是无垢之土，也是原初之人的质料。」\n如今的阿贝多对炼金术造诣更深，对知识的理解也比过去更完整。\n「黑土诞生白垩。」\n他已完全读懂这句话所代表的无上深意。\n这些不可言说的奥秘，与对师父的怀念紧紧相连。\n师父固然有别于生母，可毫无疑问，阿贝多的生命来自于她。\n「哎呀，希望我没自作多情。父母对孩子所说的『世界的意义』…应该只是幸福生活的意思吧。」\n阿贝多偶尔会这么想。"
      },
      {
        "Title": "阿贝多的画",
        "Context": "阿贝多绘画的习惯，是在跟随师父旅行的时代养成的。\n一开始，只是学习笔记的配图。后来他发觉，画出细节有助于理解物体的结构与规律，对于学习炼金术大有裨益。\n而且绘画时，心灵会进入某种澄澈的境界，除去观察与动笔什么都不考虑，十分舒适。\n最终，阿贝多无师自通，成为了绘画高手。\n到蒙德城内闲逛时，阿贝多总会写生。他喜欢记录人们幸福的时刻。\n有时，他还会把画赠送给不知情的「模特」。因为他始终认为，凝固了瞬间欢愉的画面值得珍藏。\n时光飞逝，阿贝多的画技日渐高超。即便如此，初次看到「稻妻插画」时，他仍受到了不小的冲击。\n为什么世上会有如此依靠图像概括，却又带有巨大叙事力量的画作？\n太奇妙了。阿贝多非常想要试一试。\n…后来，在与名为行秋的某位小说作者合作后，《沉秋拾剑录》付梓问世了。\n只可惜这本小说反响平平，被普遍评价为「神插画配字典」。"
      },
      {
        "Title": "神之眼",
        "Context": "获得「神之眼」并没有让阿贝多太过意外。\n得到神之眼的瞬间，阿贝多瞥了一眼便继续投入工作。\n他没有任何情感上的波动，仿佛这一切都是理所当然。\n对阿贝多而言，这一物件只是方便他研究的工具罢了。\n真正让他感到喜悦的，还是将「未知」变为知识。\n总有一天，他会读懂世上一切奥秘与智慧——包括「神之眼」在内。"
      }
    ]
  },
  "Costumes": [
    {
      "Id": 203800,
      "Name": "朔分星芒",
      "Description": "阿贝多的装扮款式。阿贝多实验时常穿着的西风骑士团炼金术士制服。",
      "IsDefault": true
    }
  ],
  "CultivationItems": [
    104174,
    113009,
    100023,
    112010,
    104309,
    113013
  ],
  "NameCard": {
    "Name": "阿贝多·阳花",
    "Description": "名片纹饰。\n请让我来当这项奇迹的见证者吧。",
    "Icon": "UI_NameCardIcon_Albedo",
    "PicturePrefix": "UI_NameCardPic_Albedo"
  }
}