{
  "Id": 10000047,
  "PromoteId": 47,
  "Sort": 33,
  "Body": 1,
  "Icon": "UI_AvatarIcon_Kazuha",
  "SideIcon": "UI_AvatarIcon_Side_Kazuha",
  "Name": "枫原万叶",
  "Description": "来自稻妻的浪人武士，如今栖身于璃月船队「南十字」中。性情温和而洒脱，心中埋藏着许多往事。",
  "BeginTime": "2021-06-29T18:00:00+08:00",
  "Quality": 5,
  "Weapon": 1,
  "BaseValue": {
    "HpBase": 1039.1188,
    "AttackBase": 23.0888,
    "DefenseBase": 62.8215
  },
  "GrowCurves": [
    {
      "Type": 1,
      "Value": 21
    },
    {
      "Type": 4,
      "Value": 31
    },
    {
      "Type": 7,
      "Value": 21
    }
  ],
  "SkillDepot": {
    "Arkhe": 0,
    "Skills": [
      {
        "GroupId": 4731,
        "Proud": {
          "Descriptions": [
            "一段伤害|{param1:F1P}",
            "二段伤害|{param2:F1P}",
            "三段伤害|{param3:F1P}+{param4:F1P}",
            "四段伤害|{param5:F1P}",
            "五段伤害|{param6:F1P}*3",
            "重击伤害|{param7:F1P}+{param8:F1P}",
            "重击体力消耗|{param9:F1}点",
            "下坠期间伤害|{param10:F1P}",
            "低空/高空坠地冲击伤害|{param11:P}/{param12:P}"
          ],
          "Parameters": [
            {
              "Level": 1,
              "Parameters": [
                0.44978,
                0.45236,
                0.258,
                0.3096,
                0.60716,
                0.2537,
                0.43,
                0.74648,
                20,
                0.818335,
                1.636323,
                2.043855
              ]
            },
            {
              "Level": 2,
              "Parameters": [
                0.48639,
                0.48918,
                0.279,
                0.3348,
                0.65658,
                0.27435,
                0.465,
                0.80724,
                20,
                0.884943,
                1.769512,
                2.210216
              ]
            },
            {
              "Level": 3,
              "Parameters": [
                0.523,
                0.526,
                0.3,
                0.36,
                0.706,
                0.295,
                0.5,
                0.868,
                20,
                0.951552,
                1.902701,
                2.376576
              ]
            },
            {
              "Level": 4,
              "Parameters": [
                0.5753,
                0.5786,
                0.33,
                0.396,
                0.7766,
                0.3245,
                0.55,
                0.9548,
                20,
                1.046707,
                2.092971,
                2.614234
              ]
            },
            {
              "Level": 5,
              "Parameters": [
                0.61191,
                0.61542,
                0.351,
                0.4212,
                0.82602,
                0.34515,
                0.585,
                1.01556,
                20,
                1.113316,
                2.22616,
                2.780594
              ]
            },
            {
              "Level": 6,
              "Parameters": [
                0.65375,
                0.6575,
                0.375,
                0.45,
                0.8825,
                0.36875,
                0.625,
                1.085,
                20,
                1.18944,
                2.378376,
                2.97072
              ]
            },
            {
              "Level": 7,
              "Parameters": [
                0.71128,
                0.71536,
                0.408,
                0.4896,
                0.96016,
                0.4012,
                0.68,
                1.18048,
                20,
                1.294111,
                2.587673,
                3.232143
              ]
            },
            {
              "Level": 8,
              "Parameters": [
                0.76881,
                0.77322,
                0.441,
                0.5292,
                1.03782,
                0.43365,
                0.735,
                1.27596,
                20,
                1.398781,
                2.79697,
                3.493567
              ]
            },
            {
              "Level": 9,
              "Parameters": [
                0.82634,
                0.83108,
                0.474,
                0.5688,
                1.11548,
                0.4661,
                0.79,
                1.37144,
                20,
                1.503452,
                3.006267,
                3.75499
              ]
            },
            {
              "Level": 10,
              "Parameters": [
                0.8891,
                0.8942,
                0.51,
                0.612,
                1.2002,
                0.5015,
                0.85,
                1.4756,
                20,
                1.617638,
                3.234591,
                4.040179
              ]
            },
            {
              "Level": 11,
              "Parameters": [
                0.961013,
                0.966525,
                0.55125,
                0.6615,
                1.297275,
                0.542063,
                0.91875,
                1.59495,
                20,
                1.731825,
                3.462915,
                4.325368
              ]
            },
            {
              "Level": 12,
              "Parameters": [
                1.045582,
                1.051579,
                0.59976,
                0.719712,
                1.411435,
                0.589764,
                0.9996,
                1.735306,
                20,
                1.846011,
                3.69124,
                4.610557
              ]
            },
            {
              "Level": 13,
              "Parameters": [
                1.130151,
                1.136633,
                0.64827,
                0.777924,
                1.525595,
                0.637465,
                1.08045,
                1.875661,
                20,
                1.960197,
                3.919564,
                4.895747
              ]
            },
            {
              "Level": 14,
              "Parameters": [
                1.21472,
                1.221688,
                0.69678,
                0.836136,
                1.639756,
                0.685167,
                1.1613,
                2.016017,
                20,
                2.074383,
                4.147888,
                5.180936
              ]
            },
            {
              "Level": 15,
              "Parameters": [
                1.306977,
                1.314474,
                0.7497,
                0.89964,
                1.764294,
                0.737205,
                1.2495,
                2.169132,
                20,
                2.18857,
                4.376212,
                5.466125
              ]
            }
          ]
        },
        "Id": 10471,
        "Name": "普通攻击·我流剑术",
        "Description": "<color=#FFD780FF>普通攻击</color>\n进行至多五段的连续剑击。\n\n<color=#FFD780FF>重击</color>\n消耗一定体力，瞬间向前方挥出两剑。\n\n<color=#FFD780FF>下落攻击</color>\n从空中下坠冲击地面，攻击下落路径上的敌人，并在落地时造成范围伤害。若这次下落攻击经由千早振施放，则会转为施放下落攻击·乱岚拨止。\n\n<color=#FFD780FF>下落攻击·乱岚拨止</color>\n通过元素战技·千早振施放的下落攻击，造成的伤害将转化为<color=#80FFD7FF>风元素伤害</color>，并在落地时施展秘剑产生小型的风穴，牵引附近的物体与敌人。",
        "Icon": "Skill_A_01"
      },
      {
        "GroupId": 4732,
        "Proud": {
          "Descriptions": [
            "点按技能伤害|{param1:P}",
            "点按冷却时间|{param2:F1}秒",
            "长按技能伤害|{param3:P}",
            "长按冷却时间|{param4:F1}秒"
          ],
          "Parameters": [
            {
              "Level": 1,
              "Parameters": [
                1.92,
                6,
                2.608,
                9
              ]
            },
            {
              "Level": 2,
              "Parameters": [
                2.064,
                6,
                2.8036,
                9
              ]
            },
            {
              "Level": 3,
              "Parameters": [
                2.208,
                6,
                2.9992,
                9
              ]
            },
            {
              "Level": 4,
              "Parameters": [
                2.4,
                6,
                3.26,
                9
              ]
            },
            {
              "Level": 5,
              "Parameters": [
                2.544,
                6,
                3.4556,
                9
              ]
            },
            {
              "Level": 6,
              "Parameters": [
                2.688,
                6,
                3.6512,
                9
              ]
            },
            {
              "Level": 7,
              "Parameters": [
                2.88,
                6,
                3.912,
                9
              ]
            },
            {
              "Level": 8,
              "Parameters": [
                3.072,
                6,
                4.1728,
                9
              ]
            },
            {
              "Level": 9,
              "Parameters": [
                3.264,
                6,
                4.4336,
                9
              ]
            },
            {
              "Level": 10,
              "Parameters": [
                3.456,
                6,
                4.6944,
                9
              ]
            },
            {
              "Level": 11,
              "Parameters": [
                3.648,
                6,
                4.9552,
                9
              ]
            },
            {
              "Level": 12,
              "Parameters": [
                3.84,
                6,
                5.216,
                9
              ]
            },
            {
              "Level": 13,
              "Parameters": [
                4.08,
                6,
                5.542,
                9
              ]
            },
            {
              "Level": 14,
              "Parameters": [
                4.32,
                6,
                5.868,
                9
              ]
            },
            {
              "Level": 15,
              "Parameters": [
                4.56,
                6,
                6.194,
                9
              ]
            }
          ]
        },
        "Id": 10472,
        "Name": "千早振",
        "Description": "施展如同冲风般激昂的秘剑，将敌人与物体牵引至所在位置，击飞范围内的敌人，造成<color=#80FFD7FF>风元素伤害</color>，并借由喷薄的气流如登泷般腾空而起。\n枫原万叶因元素战技·千早振而升空后的10秒内并持续处于空中时，若进行下落攻击，则会施展格外强劲的下落攻击·乱岚拨止。\n\n<color=#FFD780FF>点按</color>\n可以在空中施放。\n\n<color=#FFD780FF>长按</color>\n积蓄力量后施展，相对于点按，在更大的范围内造成更高的<color=#80FFD7FF>风元素伤害</color>。\n\n<color=#FFD780FF>下落攻击·乱岚拨止</color>\n通过元素战技·千早振施放的下落攻击，造成的伤害将转化为<color=#80FFD7FF>风元素伤害</color>，并在落地时施展秘剑产生小型的风穴，牵引附近的物体与敌人。\n乱岚拨止造成的伤害视为下落攻击伤害。\n\n<i>「枫袖起悲风，神代万世人百年，秋山落唐红。」</i>",
        "Icon": "Skill_S_Kazuha_01"
      }
    ],
    "EnergySkill": {
      "GroupId": 4739,
      "Proud": {
        "Descriptions": [
          "斩击伤害|{param1:P}",
          "持续伤害|{param2:P}",
          "附加元素伤害|{param3:P}",
          "持续时间|{param4:F1}秒",
          "冷却时间|{param5:F1}秒",
          "元素能量|{param6:I}"
        ],
        "Parameters": [
          {
            "Level": 1,
            "Parameters": [
              2.624,
              1.2,
              0.36,
              8,
              15,
              60
            ]
          },
          {
            "Level": 2,
            "Parameters": [
              2.8208,
              1.29,
              0.387,
              8,
              15,
              60
            ]
          },
          {
            "Level": 3,
            "Parameters": [
              3.0176,
              1.38,
              0.414,
              8,
              15,
              60
            ]
          },
          {
            "Level": 4,
            "Parameters": [
              3.28,
              1.5,
              0.45,
              8,
              15,
              60
            ]
          },
          {
            "Level": 5,
            "Parameters": [
              3.4768,
              1.59,
              0.477,
              8,
              15,
              60
            ]
          },
          {
            "Level": 6,
            "Parameters": [
              3.6736,
              1.68,
              0.504,
              8,
              15,
              60
            ]
          },
          {
            "Level": 7,
            "Parameters": [
              3.936,
              1.8,
              0.54,
              8,
              15,
              60
            ]
          },
          {
            "Level": 8,
            "Parameters": [
              4.1984,
              1.92,
              0.576,
              8,
              15,
              60
            ]
          },
          {
            "Level": 9,
            "Parameters": [
              4.4608,
              2.04,
              0.612,
              8,
              15,
              60
            ]
          },
          {
            "Level": 10,
            "Parameters": [
              4.7232,
              2.16,
              0.648,
              8,
              15,
              60
            ]
          },
          {
            "Level": 11,
            "Parameters": [
              4.9856,
              2.28,
              0.684,
              8,
              15,
              60
            ]
          },
          {
            "Level": 12,
            "Parameters": [
              5.248,
              2.4,
              0.72,
              8,
              15,
              60
            ]
          },
          {
            "Level": 13,
            "Parameters": [
              5.576,
              2.55,
              0.765,
              8,
              15,
              60
            ]
          },
          {
            "Level": 14,
            "Parameters": [
              5.904,
              2.7,
              0.81,
              8,
              15,
              60
            ]
          },
          {
            "Level": 15,
            "Parameters": [
              6.232,
              2.85,
              0.855,
              8,
              15,
              60
            ]
          }
        ]
      },
      "Id": 10475,
      "Name": "万叶之一刀",
      "Description": "施展我流的奥义，斩出初岚般的一刀，造成<color=#80FFD7FF>风元素范围伤害</color>。\n刀风会留下名为「流风秋野」的领域，对其中的敌人造成间歇的<color=#80FFD7FF>风元素伤害</color>。\n\n<color=#FFD780FF>元素转化</color>\n若流风秋野在持续期间接触了<color=#80C0FFFF>水元素</color>/<color=#FF9999FF>火元素</color>/<color=#99FFFFFF>冰元素</color>/<color=#FFACFFFF>雷元素</color>，则会获得对应元素属性，额外造成该元素附加伤害。\n这种转化在技能持续期间仅会发生一次。\n\n<i>「须臾照见万世长，一叶便知天下秋。我欲凭切枫一闪，做万世之问叩——」</i>",
      "Icon": "Skill_E_Kazuha_01"
    },
    "Inherents": [
      {
        "GroupId": 4721,
        "Proud": {
          "Descriptions": [],
          "Parameters": [
            {
              "Level": 1,
              "Parameters": [
                2
              ]
            }
          ]
        },
        "Id": 472101,
        "Name": "相闻之剑法",
        "Description": "<color=#FFD780FF>千早振</color>在施放时，如果接触了<color=#80C0FFFF>水元素</color>/<color=#FF9999FF>火元素</color>/<color=#99FFFFFF>冰元素</color>/<color=#FFACFFFF>雷元素</color>，则会使这次<color=#FFD780FF>千早振</color>的下落攻击·乱岚拨止，发生元素转化，将附加200%攻击力的对应元素伤害，该伤害视为下落攻击伤害。每次<color=#FFD780FF>千早振</color>的技能效果中，元素转化仅会发生一次。",
        "Icon": "UI_Talent_S_Kazuha_05"
      },
      {
        "GroupId": 4722,
        "Proud": {
          "Descriptions": [],
          "Parameters": [
            {
              "Level": 1,
              "Parameters": [
                0.0004,
                8
              ]
            }
          ]
        },
        "Id": 472201,
        "Name": "风物之诗咏",
        "Description": "枫原万叶触发扩散反应后，枫原万叶的每点元素精通，会为队伍中所有角色提供0.04%对应元素伤害加成，持续8秒。通过这种方式获得的不同元素伤害加成可以共存。",
        "Icon": "UI_Talent_S_Kazuha_06"
      },
      {
        "GroupId": 4723,
        "Proud": {
          "Descriptions": [],
          "Parameters": [
            {
              "Level": 1,
              "Parameters": []
            }
          ]
        },
        "Id": 472301,
        "Name": "松风霞立",
        "Description": "队伍中自己的角色冲刺消耗的体力降低20%。\n无法与效果完全相同的固有天赋叠加。",
        "Icon": "UI_Talent_Explosion_Sprint"
      }
    ],
    "Talents": [
      {
        "Id": 471,
        "Name": "千山红遍",
        "Description": "<color=#FFD780FF>千早振</color>的冷却时间减少10%。\n施放<color=#FFD780FF>万叶之一刀</color>时，重置<color=#FFD780FF>千早振</color>的冷却时间。",
        "Icon": "UI_Talent_S_Kazuha_01"
      },
      {
        "Id": 472,
        "Name": "山岚残芯",
        "Description": "<color=#FFD780FF>万叶之一刀</color>的流风秋野具有以下效果：\n·持续期间内，枫原万叶自己的元素精通提升200点；\n·其中的场上角色的元素精通提升200点。\n\n该命之座提供的元素精通提升效果无法叠加。",
        "Icon": "UI_Talent_S_Kazuha_02"
      },
      {
        "Id": 473,
        "Name": "枫袖奇谭",
        "Description": "<color=#FFD780FF>千早振</color>的技能等级提高3级。\n至多提升至15级。",
        "Icon": "UI_Talent_U_Kazuha_01",
        "ExtraLevel": {
          "Index": 2,
          "Level": 3
        }
      },
      {
        "Id": 474,
        "Name": "大空幻法",
        "Description": "当枫原万叶的元素能量低于45点时，具有如下效果：\n·点按、长按施放<color=#FFD780FF>千早振</color>时，将分别为枫原万叶恢复3、4点元素能量；\n·处于滑翔状态下时，每秒为枫原万叶恢复2点元素能量。",
        "Icon": "UI_Talent_S_Kazuha_03"
      },
      {
        "Id": 475,
        "Name": "万世之集",
        "Description": "<color=#FFD780FF>万叶之一刀</color>的技能等级提高3级。\n至多提升至15级。",
        "Icon": "UI_Talent_U_Kazuha_02",
        "ExtraLevel": {
          "Index": 9,
          "Level": 3
        }
      },
      {
        "Id": 476,
        "Name": "血赤叶红",
        "Description": "枫原万叶施放<color=#FFD780FF>千早振</color>或<color=#FFD780FF>万叶之一刀</color>后的5秒内，获得<color=#80FFD7FF>风元素附魔</color>，并且枫原万叶的每点元素精通，都会使他的普通攻击、重击、下落攻击造成的伤害提高0.2%。",
        "Icon": "UI_Talent_S_Kazuha_04"
      }
    ]
  },
  "FetterInfo": {
    "Title": "红叶逐荒波",
    "Detail": "来自稻妻的浪人武士，如今栖身于璃月船队「南十字」中。性情温和而洒脱，心中埋藏着许多往事。",
    "Association": 5,
    "Native": "南十字船队",
    "BirthMonth": 10,
    "BirthDay": 29,
    "VisionBefore": "风",
    "ConstellationBefore": "枫红座",
    "CvChinese": "斑马",
    "CvJapanese": "岛崎信长",
    "CvEnglish": "马克·威顿",
    "CvKorean": "金信旴",
    "CookBonus": {
      "OriginItemId": 108268,
      "ItemId": 108301,
      "InputList": [
        100084,
        100075
      ]
    },
    "Fetters": [
      {
        "Title": "初次见面…",
        "Context": "「飘摇风雨中，带刀归来赤脚行」…我的名字是枫原万叶，游历四方的浪人。既然你我都在旅行的路上，这段路不妨结伴同行。"
      },
      {
        "Title": "闲聊·自然",
        "Context": "见到了这么美丽的景色，自然会产生云游四海的想法吧？"
      },
      {
        "Title": "闲聊·吹奏",
        "Context": "既然手边有树叶，我可以为你吹奏一曲。"
      },
      {
        "Title": "闲聊·剑技",
        "Context": "飘摇风雨中，睹物思故乡，这把刀…是我与故乡唯一的联系了。"
      },
      {
        "Title": "下雨的时候…",
        "Context": "在大雨中漫步，让人神志清醒。不过等雨停之后，还是尽快把衣服烤干比较好。"
      },
      {
        "Title": "打雷的时候…",
        "Context": "比起在海上航行时遇到的雷暴，这倒也算不上什么。"
      },
      {
        "Title": "下雪的时候…",
        "Context": "我喜欢下雪，雪后的世界很安静，无人来扰我清梦。"
      },
      {
        "Title": "阳光很好…",
        "Context": "晴空万里，真让人心情愉快。"
      },
      {
        "Title": "早上好…",
        "Context": "清晨的鸟鸣，是大自然的馈赠。启程吧，属于我们的旅途也要开始了。"
      },
      {
        "Title": "中午好…",
        "Context": "正午的阳光，让人想要小睡片刻。找个地方休息一下如何？"
      },
      {
        "Title": "晚上好…",
        "Context": "抬头见月，侧耳听风，壶中有酒，我心太平…\n晚上好。"
      },
      {
        "Title": "晚安…",
        "Context": "风停了…\n安静的世界，适合好好休息。明天见。"
      },
      {
        "Title": "关于枫原万叶自己·航行",
        "Context": "其实，大海并非每晚都充满风浪。天气清朗的时候，月光倒映在摇晃的海面上，鱼群在船舶的周围随行。我坐在船头眺望远方，会觉得这段旅程非常值得…唯一的遗憾是水手们的歌声太吵了，他们不用睡觉的吗？"
      },
      {
        "Title": "关于枫原万叶自己·贵族武士",
        "Context": "枫原家曾经也是有名的武士门第，可惜传承到我这里时，除了贵族的名号外已经别无长物。不过对我来说倒也足够了，武士不需要富足的生活，我们需要的是诗歌、美酒与手中的刀。"
      },
      {
        "Title": "关于我们·出海",
        "Context": "找个好天气，出海看看如何？"
      },
      {
        "Title": "关于我们·畅谈",
        "Context": "我喜欢性格爽朗的人，这样相处时可以畅所欲言。有什么想说的不必藏在心里，我能够听到自然万物的声音，其中也包括你的声音。"
      },
      {
        "Title": "关于「神之眼」…",
        "Context": "在我看来，神之眼是力量的「证明」，而不是力量的「来源」。神之眼象征的是凡人继续向前的愿望，而我们武士的底气，一直都是手里的刀。"
      },
      {
        "Title": "有什么想要分享·竹刀",
        "Context": "想学剑道的话…我想想，拿着这个吧，这是我刚刚做好的竹刀。用这个切磋的话，我们就都不会受伤了。"
      },
      {
        "Title": "有什么想要分享·枫叶",
        "Context": "「深山踏红叶，耳畔闻鹿鸣」…我很喜欢枫叶，可惜枫叶红时总多离别。"
      },
      {
        "Title": "感兴趣的见闻…",
        "Context": "海鸥别叫啦，从今天起，我也是漂泊者呀。"
      },
      {
        "Title": "关于北斗…",
        "Context": "北斗大姐头是我的恩人。大姐头她收留了从稻妻逃出来的我，并在我最困难的那段时期里，给了我重返稻妻的勇气。她是我和所有船员可以托付后背的战友。"
      },
      {
        "Title": "关于五郎…",
        "Context": "我在被通缉的那段时间里，反抗军给了我许多帮助。那时候我与五郎只有短暂的接触，但我对他的印象很深刻。他是那种有话就说的直性子，与部下同甘共苦，为朋友两肋插刀，与我很合得来。"
      },
      {
        "Title": "关于九条裟罗·态度…",
        "Context": "能在御前决斗中战胜我的朋友，我确实认可她的实力。但她却用这样的力量为虎作伥，带领九条军不断回收「神之眼」，我无法原谅。"
      },
      {
        "Title": "关于九条裟罗·改观…",
        "Context": "原来如此。看来她也有自己坚持的信念。只是不知道风波平息后，「九条」家还能否延续曾经的昌盛。"
      },
      {
        "Title": "关于雷电将军…",
        "Context": "离开稻妻后，我许多次扪心自问，我对雷电将军的不满是否源于那一次御前决斗，是否源于她对友人落下的那一刀？\n我想了很久，觉得不是的。我的友人是堂堂正正地死在了决斗场上，雷电将军的那一刀也并无不妥。我对她的不满，来源于「眼狩令」。没有任何人有资格剥夺他人的愿望，即便是「神」也不行。"
      },
      {
        "Title": "关于神里绫华…",
        "Context": "生活在稻妻的人，应该都听过「白鹭公主」这个名字吧。神里家的大小姐，近乎完美的一个人，不过我跟她没什么交集，不知道她对如今的稻妻抱有怎样的看法。"
      },
      {
        "Title": "关于宵宫…",
        "Context": "上次她托大姐头把烟火运到璃月，还是我亲自去卸的货。好沉！除了她以外，应该没人能造出这么大的烟火了吧。"
      },
      {
        "Title": "关于珊瑚宫心海…",
        "Context": "我在反抗军的时候，周围的同伴无不对珊瑚宫大人充满敬仰。她爱惜兵力，很少会做出不计死伤的打法，总是能够用最小的代价取得胜利。听说她还要统管海祇岛的政务和外交，真的忙得过来吗…"
      },
      {
        "Title": "关于鹿野院平藏…",
        "Context": "别看我这位侦探朋友平日里潇洒随性，一旦他办起案子来，那些原本围绕在他身旁活泼灵动的风，就聚成了凌厉锐气。确实让人钦佩。"
      },
      {
        "Title": "想要了解枫原万叶·其一",
        "Context": "想要了解我的事？如你所见，我只是个随处可见的流浪武士。"
      },
      {
        "Title": "想要了解枫原万叶·其二",
        "Context": "我的耳朵很敏锐，能够听到各种各样的声音。比如风吹过山岗的声音，云散开的声音，林间的小狐狸啃咬苹果的声音，螃蟹吐泡泡的声音…这是自然万物对我的眷顾，让我总能提前发现危险的到来。"
      },
      {
        "Title": "想要了解枫原万叶·其三",
        "Context": "小时候我很喜欢下雨，那种沙沙的声响容易给人一个安稳的梦。但长大了以后，对雨的感情就变得复杂了许多…虽然依旧喜欢听雨，但每次看到乌云的时候，却又忍不住感叹「今天能不能找到好心人让我借宿呢」。穿着湿漉漉的衣服听雨，往往会被喷嚏声打断了情调。"
      },
      {
        "Title": "想要了解枫原万叶·其四",
        "Context": "我不会在一个地方驻足太久。因为太久的停留会让我跟「自然」产生隔阂，也会让我手里的刀变钝。趁我还能远航，我希望自己能去各种各样的地方，见到不同的人们。"
      },
      {
        "Title": "想要了解枫原万叶·其五",
        "Context": "不必担心，就算有一天我们去往不同的地方，也一定会在世界的某处再次相遇。人与人的「缘」不是那么容易就断掉的东西。"
      },
      {
        "Title": "枫原万叶的爱好…",
        "Context": "躺在被正午的阳光晒暖的岩石上休息，醒来后继续漫无目的地前行。只要与刀相伴，我可以去任何地方。"
      },
      {
        "Title": "枫原万叶的烦恼…",
        "Context": "每逢风暴降临的时候，「自然」的声音就会变得嘈杂，我的耳朵也会嗡嗡作响。如果是在晚上的话，往往会辗转许久都无法入眠，让人有些头痛。"
      },
      {
        "Title": "喜欢的食物…",
        "Context": "在大海上航行时，最容易获取到的食材便是鱼肉。怎么样把鱼做得好吃，是每个在海上冒险的人都要思考的问题。有机会的话，也想让你尝尝看我的手艺。"
      },
      {
        "Title": "讨厌的食物…",
        "Context": "我呢，不是特别喜欢那些粗制的食物。在我看来，就算是一条普普通通的鱼也要烧得好吃才行，吃东西本应是让人身心愉快的事情，怎么能将就呢？"
      },
      {
        "Title": "收到赠礼·其一",
        "Context": "能将鱼肉烹调出如此滋味，你的手艺当真了得。"
      },
      {
        "Title": "收到赠礼·其二",
        "Context": "你做的饭菜不仅能够饱腹，对我而言也是慰藉。"
      },
      {
        "Title": "收到赠礼·其三",
        "Context": "要休息一下吗？内心疲惫的话，做出来的菜也会失去风味。"
      },
      {
        "Title": "生日…",
        "Context": "哈…得知今天的生日，我特地写了新的诗歌。只可惜诗才不佳，几个晚上只想到前两句，就先送给你吧。\n「流光换日月，鹤归云起庆生时」…欸等等，先别说话，我有灵感了。最后一句…「异乡有故知」，如何？\n生日快乐，今天一起去…吃点甜品吧。"
      },
      {
        "Title": "突破的感受·起",
        "Context": "这把刀，更加锋利了。"
      },
      {
        "Title": "突破的感受·承",
        "Context": "雪落在地上的声音，细不可闻…但现在的我，应该可以听到了。"
      },
      {
        "Title": "突破的感受·转",
        "Context": "海上的风浪很大，我也要变得更强。"
      },
      {
        "Title": "突破的感受·合",
        "Context": "行走世间，自然会有各种烦恼相伴，但既得与你相遇，不管是武艺还是内心都有了新的成长。想必今后的人生也会更加自在吧。"
      },
      {
        "Title": "元素战技·其一",
        "Context": "起！"
      },
      {
        "Title": "元素战技·其二",
        "Context": "嘿！"
      },
      {
        "Title": "元素战技·其三",
        "Context": "踏风！"
      },
      {
        "Title": "元素战技·其四",
        "Context": "御风而行。"
      },
      {
        "Title": "元素战技·其五",
        "Context": "朔风解意。"
      },
      {
        "Title": "元素战技·其六",
        "Context": "往返自然！"
      },
      {
        "Title": "元素爆发·其一",
        "Context": "云隐…雁鸣！"
      },
      {
        "Title": "元素爆发·其二",
        "Context": "风共云行。"
      },
      {
        "Title": "元素爆发·其三",
        "Context": "可叹，落叶飘零。"
      },
      {
        "Title": "冲刺开始·其一",
        "Context": "该出发了。"
      },
      {
        "Title": "打开风之翼·其一",
        "Context": "顺着风的方向。"
      },
      {
        "Title": "打开宝箱·其一",
        "Context": "令人快慰。"
      },
      {
        "Title": "打开宝箱·其二",
        "Context": "天地的馈赠。"
      },
      {
        "Title": "打开宝箱·其三",
        "Context": "偶遇珍宝，是云游四方的妙趣之一。"
      },
      {
        "Title": "生命值低·其一",
        "Context": "呼、有一套嘛…"
      },
      {
        "Title": "生命值低·其二",
        "Context": "静心凝神。"
      },
      {
        "Title": "生命值低·其三",
        "Context": "保持专注！"
      },
      {
        "Title": "同伴生命值低·其一",
        "Context": "换我来保护你了！"
      },
      {
        "Title": "同伴生命值低·其二",
        "Context": "你可以把后背交给我。"
      },
      {
        "Title": "倒下·其一",
        "Context": "深感遗憾…"
      },
      {
        "Title": "倒下·其二",
        "Context": "下次…绝不会再…"
      },
      {
        "Title": "倒下·其三",
        "Context": "结束了吗…"
      },
      {
        "Title": "重受击·其一",
        "Context": "不要…紧。"
      },
      {
        "Title": "重受击·其二",
        "Context": "好痛！"
      },
      {
        "Title": "加入队伍·其一",
        "Context": "要带上我吗？"
      },
      {
        "Title": "加入队伍·其二",
        "Context": "出发出发。"
      },
      {
        "Title": "加入队伍·其三",
        "Context": "就这么做吧。"
      }
    ],
    "FetterStories": [
      {
        "Title": "角色详细",
        "Context": "初见枫原万叶时，大多数人都以为他不过是「南十字」船队的见习水手。\n毕竟，这位少年的个性实在是平和，闲时又酷爱吟诗，与人谈话时又总是一副悠然模样。谁能看出他是受到稻妻幕府通缉的危险人物呢？\n就算是擅于识人的船长北斗，在决定收留枫原万叶前，也没能看出这个平和的少年出刀竟能如此利落，简直是身经百战之辈。\n不知是风雨磨平了少年人的棱角，还是本性内敛的他藏起了自己的锋芒。"
      },
      {
        "Title": "角色故事1",
        "Context": "璃月武装船队「南十字」经年航行于海波之上，船员们早见惯了异域风情，甚至旗舰「死兆星」号上就有一名出身别国的水手。\n水手是在「死兆星」号停泊于稻妻口岸——离岛时，被接上船的。\n船长北斗与这位年轻人是朋友，他来时，北斗告诉手下们：「这位兄弟要在船上停留一段时日，大家多关照关照他。」\n船员们相信北斗的眼光，也欣赏这个稻妻人一身好武艺又有预判天气的本事，所以，哪怕他不愿透露私事，仍同意将他留在船上。\n然而，大家不会就此罢休，总是找些借口，旁敲侧击地打听他的经历。\n「听说稻妻出产的刀剑非常了不起，而且越是大人物越是会用好刀，你的刀怎么样？厉不厉害？」\n「……」\n对此，他只会保持沉默。\n如此尝试了许多次，从未得到答案，船员们只得放弃。\n直到数天后，大副重佐随口一句抱怨，却引来了意料之外的回答。\n「喂稻妻来的，你都没个名字，叫兄弟们怎么称呼你啊…」\n水手抬起布满粗茧的手，擦了擦汗。\n「我姓枫原，名万叶，原本是一名浪人武士。承蒙收留，大家请直接叫我万叶吧。」"
      },
      {
        "Title": "角色故事2",
        "Context": "万叶本非庶民，而是昔年的稻妻贵胄——枫原家的末代子弟。\n在豪门林立的稻妻城中，枫原一姓也曾叱咤风云。然而时运无常，当家业传至万叶手中时，枫原家已经是颓势如山倒了。\n对于这一点，当时的少爷万叶颇为无奈。虽说无奈，可真到了宅屋抵债、家仆散去的那一刻，他反倒松了口气：以此为契机，做个浪迹天涯的自在人也不错。\n漫游山林一直是万叶的心愿。自幼年起，他便懂得欣赏自然的美与真。\n对万叶而言，自然从不是静默的。它一直在用独特的语言诉说心情。\n风声忽而止息，万物静默，那是天空垂泪前的平静。清泉忽而跃起，即是大地震怒的征兆。\n这是自然赠予他的独特诗性，万叶生来就不是汲汲于荣华之人。既然家族重担不再，那么便轻装上路吧。\n仿佛庭院中垂下一片落叶，随风散入天涯，万叶开始了他的旅程。"
      },
      {
        "Title": "角色故事3",
        "Context": "旅人在外行走，总要有些傍身功夫。听风观云的本事，便是万叶的底牌。\n离开稻妻城之后，万叶四处游历。自从踏上旅途，一切都变得不同了：天地山海成了他最亲近的家园，走在云下听着风声水声，身心总是无比舒畅。\n一路的见闻，更令他倍感新奇。如此心境之中，万叶来到了位于南边的一座山丘。\n初夏多雨，山路因而变得泥泞。眼看夜晚降临，万叶想找一处屋舍避雨，甫一转身，便在路的尽头看见了一座草庵。\n同在赶路的还有一位偶然结识的行商，见此草庵，不由得欢呼起来：「万叶快看！晚上有地方住了！」\n万叶却不作声，侧耳倾听了许久，才道：若要问我的意见…恐怕还是不去为好。\n行商不愿淋在雨中，当即丢下万叶，一人去了草庵。\n行商敲门后，有一位相貌美丽的妇人出来迎接，请他入内避雨，并为他端来香茶、美味饭食与被褥。\n或许是食物太过美味，行商吃着吃着便困了，倒头就睡。\n再度醒来已是次日凌晨，头上的房顶不知哪儿去了，阳光直射在脸上无比刺目，视野内只有万叶，正笑着俯视他。\n行商未等开口就吐出了大把嚼过的树叶与泥巴。至于身下，哪有什么被褥，只是脏兮兮的泥地而已。\n万叶笑道：「有房屋的地方，风声会比别处轻些。可这山上风声照常，面前却有一处突如其来的草庵。依我看，你多半是被狸妖捉弄了吧？哎呀…出门行走，可得多听风声、多留个心眼啊。」"
      },
      {
        "Title": "角色故事4",
        "Context": "万叶在旅途中结识了形形色色的朋友。其中有一位，与他感情尤其笃厚，两人一度结伴同行。\n但友人旅行的目的地与万叶并不相同，二人只得中途分别。\n与友人本是萍水相逢，却能惺惺相惜，足见缘分颇深。虽然暂时分别，但或许不期之时又会重逢，万叶本是这么想的。\n但随后发生的时事却破坏了他这份悠然的心态——将军大人亲颁眼狩令，誓要猎尽神之眼。\n包括万叶在内，身怀神之眼者，无不惶惶。隐姓埋名，终日躲藏。\n就在这时，万叶竟得知一个惊人的消息。有人毅然发起了「御前决斗」，而此人，正是万叶的友人。\n「御前决斗」中，战败者将受将军之罚。友人不惜冒此大险也要步上御前，既是为了与强者决胜，也是为了向世人昭示何为勇气。\n但在如此关头发起「御前决斗」，一旦落败，他的生命恐怕会被将军大人的万丈雷明吞没。\n一向淡泊的万叶再难平静，提刀一路风行闯入天守阁，但一切为时已晚…\n刀已断，神之眼成了空壳，抱憾逃离的万叶也遭到幕府通缉。\n从此以后，万叶无奈卷入一场又一场争斗，他的生活再也没有了从容。\n万叶并不惧怕争斗，只是这样无止尽的争斗让他感到茫然。\n他不后悔自己那次无结果的营救行动，也不埋怨壮烈成仁留他孤身一人的友人，只是…\n「要贯彻道义，难道就必须如此与人相争吗？」"
      },
      {
        "Title": "角色故事5",
        "Context": "如今的万叶以「南十字」船队为家，漂泊于四海之上。\n偶尔地，麻烦依然会找上门来，但有「南十字」一众人支持，这些麻烦处理起来也不再棘手。\n坐在「死兆星」号那高高的观测台上，眺望着碧海蓝天，他终于有心情去回味自己在过去那段动荡日子里的感受。\n武士们都愿自己一生热烈，以手中之刀博取无上名誉。\n但其中总有人受欲念引诱，偏离「仁」与「义」的正道，挥刀留下无穷的仇恨。\n上天赋予众生血肉，神明护佑他们的生命，不是为了让人举刀相争的。\n我所握的，不应当是杀人刀，而应是活人剑。\n终武士一生，须守一道，这便是我的「道」。\n如此想着，万叶不禁起了诗兴，正想留下数句作日后的座右铭，但这时船上传来了不满的声音：\n「万叶啊，别窝在观测台上望天了，快下来搭把手啊！」\n好吧，掌舵手海龙在叫他了，那座右铭的事便下次再想吧。"
      },
      {
        "Title": "神之眼的空壳",
        "Context": "那场大战中，「神之眼」竟然短暂亮起，万叶自己也感到十分意外。\n千万般找寻，本想借别人的手再次点亮这枚「神之眼」，没想到它最终却因自己而亮起。如此情景，就像是从前的朋友仍在背后支持自己一般。\n「神之眼」的空壳不仅证明了这一点，还牵引着万叶获得了许多新的缘分——\n旅途中受反抗军接济，被大姐头救下、收留，与传闻中的旅人相逢…\n活在世上固然有颠沛流离的时刻，却也有及时无比的邂逅。\n人生一途，如山路起伏，虽苦难万般，仍有触及云顶之时。"
      },
      {
        "Title": "神之眼",
        "Context": "清晨山崖间纱雾蒙蒙，小径上，正在行路的，唯有万叶一人。\n此时万籁俱寂，既不见一羽之振，又不闻一虫之鸣。\n就连涛涛海浪似乎也已眠去，仅剩风声幽响，万叶伸出舌头。空气中的味道阴郁沉闷。\n他知道，天要下雨了。\n万叶抬头眺望，视线尽头，有一缕炊烟，几间茅屋。那么今晚的宿处应该有着落了。\n他告诉茅屋的主人，大雨将至。主人起初将信将疑，但刚至晌午，瓢泼大雨忽然簌簌而下。\n主人便衷心佩服起这个旅人来，殷勤供上膳宿。\n夜晚窗外依旧潇然，万叶拥着被子，卧听雨打秋叶，不由得发起呆来。\n自从枫原家家财散尽，少爷万叶踏上旅程，他已走过数座岛屿，知道旅人行路的诸多难处。\n从稻妻的一座岛到另一座岛，通常需要渡海。万叶孤身旅行，乘一叶小舟在海上缓慢前行时，若遭遇逆风或雷暴，路途将愈发艰险…\n不过，这一路以天地为屋宇，万灵为诗友，亦有无穷趣味。\n心至「空」处，天地万物皆为「空」；\n心中「净」澈，万物天地皆为「净」。\n手中有刀，心中有道，他便能一路歌咏前行，再多崎岖也无畏惧。\n如此重整心情的他，带着满足沉沉睡去。\n翌日，万叶被鸟鸣唤醒时，怀中多出了一枚莹亮的神之眼。"
      }
    ]
  },
  "Costumes": [
    {
      "Id": 204700,
      "Name": "叶落天涯",
      "Description": "枫原万叶的装扮款式。染有枫叶纹样的浪人衣装。",
      "IsDefault": true
    }
  ],
  "CultivationItems": [
    104154,
    113022,
    101206,
    112037,
    104315,
    113019
  ],
  "NameCard": {
    "Name": "枫原万叶·秋山椛狩",
    "Description": "名片纹饰。\n「松籁枯波送红叶。」",
    "Icon": "UI_NameCardIcon_Kazuha",
    "PicturePrefix": "UI_NameCardPic_Kazuha"
  }
}