{
  "Id": 10000037,
  "PromoteId": 37,
  "Sort": 26,
  "Body": 2,
  "Icon": "UI_AvatarIcon_Ganyu",
  "SideIcon": "UI_AvatarIcon_Side_Ganyu",
  "Name": "甘雨",
  "Description": "月海亭的秘书，体内流淌着仙兽「麒麟」的血脉。",
  "BeginTime": "2021-01-12T18:00:00+08:00",
  "Quality": 5,
  "Weapon": 12,
  "BaseValue": {
    "HpBase": 762.656,
    "AttackBase": 26.068,
    "DefenseBase": 49.0606
  },
  "GrowCurves": [
    {
      "Type": 1,
      "Value": 21
    },
    {
      "Type": 4,
      "Value": 31
    },
    {
      "Type": 7,
      "Value": 21
    }
  ],
  "SkillDepot": {
    "Arkhe": 0,
    "Skills": [
      {
        "GroupId": 3731,
        "Proud": {
          "Descriptions": [
            "一段伤害|{param1:F1P}",
            "二段伤害|{param2:F1P}",
            "三段伤害|{param3:F1P}",
            "四段伤害|{param4:F1P}",
            "五段伤害|{param5:F1P}",
            "六段伤害|{param6:F1P}",
            "瞄准射击|{param7:F1P}",
            "一段蓄力瞄准射击|{param8:P}",
            "霜华矢命中伤害|{param9:P}",
            "霜华矢·霜华绽发伤害|{param10:P}",
            "下坠期间伤害|{param11:F1P}",
            "低空/高空坠地冲击伤害|{param12:P}/{param13:P}"
          ],
          "Parameters": [
            {
              "Level": 1,
              "Parameters": [
                0.31734,
                0.35604,
                0.45494,
                0.45494,
                0.48246,
                0.5762,
                0.4386,
                1.24,
                1.28,
                2.176,
                0.568288,
                1.136335,
                1.419344
              ]
            },
            {
              "Level": 2,
              "Parameters": [
                0.34317,
                0.38502,
                0.49197,
                0.49197,
                0.52173,
                0.6231,
                0.4743,
                1.333,
                1.376,
                2.3392,
                0.614544,
                1.228828,
                1.534872
              ]
            },
            {
              "Level": 3,
              "Parameters": [
                0.369,
                0.414,
                0.529,
                0.529,
                0.561,
                0.67,
                0.51,
                1.426,
                1.472,
                2.5024,
                0.6608,
                1.32132,
                1.6504
              ]
            },
            {
              "Level": 4,
              "Parameters": [
                0.4059,
                0.4554,
                0.5819,
                0.5819,
                0.6171,
                0.737,
                0.561,
                1.55,
                1.6,
                2.72,
                0.72688,
                1.453452,
                1.81544
              ]
            },
            {
              "Level": 5,
              "Parameters": [
                0.43173,
                0.48438,
                0.61893,
                0.61893,
                0.65637,
                0.7839,
                0.5967,
                1.643,
                1.696,
                2.8832,
                0.773136,
                1.545944,
                1.930968
              ]
            },
            {
              "Level": 6,
              "Parameters": [
                0.46125,
                0.5175,
                0.66125,
                0.66125,
                0.70125,
                0.8375,
                0.6375,
                1.736,
                1.792,
                3.0464,
                0.826,
                1.65165,
                2.063
              ]
            },
            {
              "Level": 7,
              "Parameters": [
                0.50184,
                0.56304,
                0.71944,
                0.71944,
                0.76296,
                0.9112,
                0.6936,
                1.86,
                1.92,
                3.264,
                0.898688,
                1.796995,
                2.244544
              ]
            },
            {
              "Level": 8,
              "Parameters": [
                0.54243,
                0.60858,
                0.77763,
                0.77763,
                0.82467,
                0.9849,
                0.7497,
                1.984,
                2.048,
                3.4816,
                0.971376,
                1.94234,
                2.426088
              ]
            },
            {
              "Level": 9,
              "Parameters": [
                0.58302,
                0.65412,
                0.83582,
                0.83582,
                0.88638,
                1.0586,
                0.8058,
                2.108,
                2.176,
                3.6992,
                1.044064,
                2.087686,
                2.607632
              ]
            },
            {
              "Level": 10,
              "Parameters": [
                0.6273,
                0.7038,
                0.8993,
                0.8993,
                0.9537,
                1.139,
                0.867,
                2.232,
                2.304,
                3.9168,
                1.12336,
                2.246244,
                2.80568
              ]
            },
            {
              "Level": 11,
              "Parameters": [
                0.678037,
                0.760725,
                0.972038,
                0.972038,
                1.030838,
                1.231125,
                0.9282,
                2.356,
                2.432,
                4.1344,
                1.202656,
                2.404802,
                3.003728
              ]
            },
            {
              "Level": 12,
              "Parameters": [
                0.737705,
                0.827669,
                1.057577,
                1.057577,
                1.121551,
                1.339464,
                0.9894,
                2.48,
                2.56,
                4.352,
                1.281952,
                2.563361,
                3.201776
              ]
            },
            {
              "Level": 13,
              "Parameters": [
                0.797372,
                0.894613,
                1.143116,
                1.143116,
                1.212265,
                1.447803,
                1.0506,
                2.635,
                2.72,
                4.624,
                1.361248,
                2.721919,
                3.399824
              ]
            },
            {
              "Level": 14,
              "Parameters": [
                0.857039,
                0.961556,
                1.228655,
                1.228655,
                1.302979,
                1.556142,
                1.1118,
                2.79,
                2.88,
                4.896,
                1.440544,
                2.880478,
                3.597872
              ]
            },
            {
              "Level": 15,
              "Parameters": [
                0.922131,
                1.034586,
                1.321971,
                1.321971,
                1.401939,
                1.67433,
                1.173,
                2.945,
                3.04,
                5.168,
                1.51984,
                3.039036,
                3.79592
              ]
            }
          ]
        },
        "Id": 10371,
        "Name": "普通攻击·流天射术",
        "Description": "<color=#FFD780FF>普通攻击</color>\n进行至多六段的连续弓箭射击。\n\n<color=#FFD780FF>重击</color>\n进行伤害更高、更为精准的<color=#FFD780FF>瞄准射击</color>。\n瞄准时，冰寒之气会在箭矢上持续积聚，并随攻击发射出去。根据蓄力时间长短，能造成不同的效果：\n·一段蓄力：射出附有寒气的箭矢，造成<color=#99FFFFFF>冰元素伤害</color>；\n·二段蓄力：发射霜华矢，造成<color=#99FFFFFF>冰元素伤害</color>；命中后霜华绽发，再次造成<color=#99FFFFFF>冰元素范围伤害</color>。\n\n<color=#FFD780FF>下落攻击</color>\n从空中射出箭雨，并迅速下坠冲击地面，在落地时造成范围伤害。",
        "Icon": "Skill_A_02"
      },
      {
        "GroupId": 3732,
        "Proud": {
          "Descriptions": [
            "继承生命|{param1:P}",
            "技能伤害|{param2:P}",
            "持续时间|{param3:F1}秒",
            "冷却时间|{param4:F1}秒"
          ],
          "Parameters": [
            {
              "Level": 1,
              "Parameters": [
                1.2,
                1.32,
                6,
                10
              ]
            },
            {
              "Level": 2,
              "Parameters": [
                1.29,
                1.419,
                6,
                10
              ]
            },
            {
              "Level": 3,
              "Parameters": [
                1.38,
                1.518,
                6,
                10
              ]
            },
            {
              "Level": 4,
              "Parameters": [
                1.5,
                1.65,
                6,
                10
              ]
            },
            {
              "Level": 5,
              "Parameters": [
                1.59,
                1.749,
                6,
                10
              ]
            },
            {
              "Level": 6,
              "Parameters": [
                1.68,
                1.848,
                6,
                10
              ]
            },
            {
              "Level": 7,
              "Parameters": [
                1.8,
                1.98,
                6,
                10
              ]
            },
            {
              "Level": 8,
              "Parameters": [
                1.92,
                2.112,
                6,
                10
              ]
            },
            {
              "Level": 9,
              "Parameters": [
                2.04,
                2.244,
                6,
                10
              ]
            },
            {
              "Level": 10,
              "Parameters": [
                2.16,
                2.376,
                6,
                10
              ]
            },
            {
              "Level": 11,
              "Parameters": [
                2.28,
                2.508,
                6,
                10
              ]
            },
            {
              "Level": 12,
              "Parameters": [
                2.4,
                2.64,
                6,
                10
              ]
            },
            {
              "Level": 13,
              "Parameters": [
                2.55,
                2.805,
                6,
                10
              ]
            },
            {
              "Level": 14,
              "Parameters": [
                2.7,
                2.97,
                6,
                10
              ]
            },
            {
              "Level": 15,
              "Parameters": [
                2.85,
                3.135,
                6,
                10
              ]
            }
          ]
        },
        "Id": 10372,
        "Name": "山泽麟迹",
        "Description": "甘雨留下一朵冰莲并迅速后退，远离一切魑魅魍魉，造成<color=#99FFFFFF>冰元素范围伤害</color>。\n\n<color=#FFD780FF>冰莲</color>\n·持续嘲讽周围的敌人，吸引敌人攻击；\n·耐久度按比例继承甘雨的生命值上限；\n·被摧毁或持续时间结束时，会剧烈地绽放，造成<color=#99FFFFFF>冰元素范围伤害</color>。\n\n<i>「你说你看到我了？那应该是错觉吧。那个时间我应该在加班才对。」</i>",
        "Icon": "Skill_S_Ganyu_01"
      }
    ],
    "EnergySkill": {
      "GroupId": 3739,
      "Proud": {
        "Descriptions": [
          "冰棱伤害|{param1:P}",
          "持续时间|{param2:F1}秒",
          "冷却时间|{param3:F1}秒",
          "元素能量|{param4:I}"
        ],
        "Parameters": [
          {
            "Level": 1,
            "Parameters": [
              0.70272,
              15,
              15,
              60
            ]
          },
          {
            "Level": 2,
            "Parameters": [
              0.755424,
              15,
              15,
              60
            ]
          },
          {
            "Level": 3,
            "Parameters": [
              0.808128,
              15,
              15,
              60
            ]
          },
          {
            "Level": 4,
            "Parameters": [
              0.8784,
              15,
              15,
              60
            ]
          },
          {
            "Level": 5,
            "Parameters": [
              0.931104,
              15,
              15,
              60
            ]
          },
          {
            "Level": 6,
            "Parameters": [
              0.983808,
              15,
              15,
              60
            ]
          },
          {
            "Level": 7,
            "Parameters": [
              1.05408,
              15,
              15,
              60
            ]
          },
          {
            "Level": 8,
            "Parameters": [
              1.124352,
              15,
              15,
              60
            ]
          },
          {
            "Level": 9,
            "Parameters": [
              1.194624,
              15,
              15,
              60
            ]
          },
          {
            "Level": 10,
            "Parameters": [
              1.264896,
              15,
              15,
              60
            ]
          },
          {
            "Level": 11,
            "Parameters": [
              1.335168,
              15,
              15,
              60
            ]
          },
          {
            "Level": 12,
            "Parameters": [
              1.40544,
              15,
              15,
              60
            ]
          },
          {
            "Level": 13,
            "Parameters": [
              1.49328,
              15,
              15,
              60
            ]
          },
          {
            "Level": 14,
            "Parameters": [
              1.58112,
              15,
              15,
              60
            ]
          },
          {
            "Level": 15,
            "Parameters": [
              1.66896,
              15,
              15,
              60
            ]
          }
        ]
      },
      "Id": 10373,
      "Name": "降众天华",
      "Description": "凝聚大气中的霜雪，召唤退魔的冰灵珠。\n存在期间内，冰灵珠会持续降下冰棱，攻击范围内的敌人，造成<color=#99FFFFFF>冰元素伤害</color>。\n\n<i>甘雨当然可以降下清甜之雨。但是对于邪魔外道，这些都会变成寒苦之雪。</i>",
      "Icon": "Skill_E_Ganyu_01"
    },
    "Inherents": [
      {
        "GroupId": 3721,
        "Proud": {
          "Descriptions": [],
          "Parameters": [
            {
              "Level": 1,
              "Parameters": [
                5,
                0.2
              ]
            }
          ]
        },
        "Id": 372101,
        "Name": "唯此一心",
        "Description": "霜华矢发射后的5秒内，会使接下来的发射的霜华矢与这些霜华矢引发的霜华绽发的暴击率提高20%。",
        "Icon": "UI_Talent_S_Ganyu_05"
      },
      {
        "GroupId": 3722,
        "Proud": {
          "Descriptions": [],
          "Parameters": [
            {
              "Level": 1,
              "Parameters": [
                0.2
              ]
            }
          ]
        },
        "Id": 372201,
        "Name": "天地交泰",
        "Description": "<color=#FFD780FF>降众天华</color>领域内的队伍中当前场上角色获得20%<color=#99FFFFFF>冰元素伤害加成</color>。",
        "Icon": "UI_Talent_S_Ganyu_06"
      },
      {
        "GroupId": 3723,
        "Proud": {
          "Descriptions": [],
          "Parameters": [
            {
              "Level": 1,
              "Parameters": []
            }
          ]
        },
        "Id": 372301,
        "Name": "藏弓待用",
        "Description": "锻造弓类武器时，返还15%消耗的矿石。",
        "Icon": "UI_Talent_Forge_Bow"
      }
    ],
    "Talents": [
      {
        "Id": 371,
        "Name": "饮露",
        "Description": "二段蓄力重击的霜华矢或霜华绽发命中敌人时，会使敌人的<color=#99FFFFFF>冰元素抗性</color>降低15%，持续6秒；\n此外，命中时会为甘雨恢复2点元素能量。每次二段蓄力重击只能触发一次元素能量恢复效果，无论霜华矢或霜华绽发是否都命中目标。",
        "Icon": "UI_Talent_S_Ganyu_01"
      },
      {
        "Id": 372,
        "Name": "获麟",
        "Description": "<color=#FFD780FF>山泽麟迹</color>的可使用次数增加1次。",
        "Icon": "UI_Talent_S_Ganyu_02"
      },
      {
        "Id": 373,
        "Name": "云行",
        "Description": "<color=#FFD780FF>降众天华</color>的技能等级提高3级。\n至多提升至15级。",
        "Icon": "UI_Talent_U_Ganyu_01",
        "ExtraLevel": {
          "Index": 9,
          "Level": 3
        }
      },
      {
        "Id": 374,
        "Name": "西狩",
        "Description": "在<color=#FFD780FF>降众天华</color>的领域内，敌人受到的伤害会增加，这个效果会随时间逐步加强。\n受伤害加成初始为5%，每3秒提升5%，至多提升至25%。\n离开领域后，效果至多持续3秒。",
        "Icon": "UI_Talent_S_Ganyu_03"
      },
      {
        "Id": 375,
        "Name": "折草",
        "Description": "<color=#FFD780FF>山泽麟迹</color>的技能等级提高3级。\n至多提升至15级。",
        "Icon": "UI_Talent_U_Ganyu_02",
        "ExtraLevel": {
          "Index": 2,
          "Level": 3
        }
      },
      {
        "Id": 376,
        "Name": "履虫",
        "Description": "施放<color=#FFD780FF>山泽麟迹</color>后30秒内的第一次霜华矢，无需蓄力即可施放。",
        "Icon": "UI_Talent_S_Ganyu_04"
      }
    ]
  },
  "FetterInfo": {
    "Title": "循循守月",
    "Detail": "月海亭的秘书，体内流淌着仙兽「麒麟」的血脉。",
    "Association": 2,
    "Native": "月海亭",
    "BirthMonth": 12,
    "BirthDay": 2,
    "VisionBefore": "冰",
    "ConstellationBefore": "仙麟座",
    "CvChinese": "林簌",
    "CvJapanese": "上田丽奈",
    "CvEnglish": "珍妮佛·罗希",
    "CvKorean": "金仙惠",
    "CookBonus": {
      "OriginItemId": 108202,
      "ItemId": 108213,
      "InputList": [
        100092,
        100026,
        100013,
        100051
      ]
    },
    "Fetters": [
      {
        "Title": "初次见面…",
        "Context": "我明白了，外派工作的「契约」已经拟好了，请过目，即日起就可以为你…欸！名字没有签吗？请让我看一下。唔…名字是甘，甘雨…呼，补上了。话，话说回来，工作具体是指哪些呢？"
      },
      {
        "Title": "闲聊·松弛",
        "Context": "安逸的氛围…喜欢。"
      },
      {
        "Title": "闲聊·聆听",
        "Context": "趴在草地上，能听见大地的心跳。"
      },
      {
        "Title": "闲聊·焦虑",
        "Context": "工作…工作还没有做完…真的可以提前休息吗？"
      },
      {
        "Title": "下雨的时候·担忧",
        "Context": "飞云商会种植的霓裳花需要充足的雨露，唔...和记交通的伙计们却不喜欢雨后泥泞的山路…"
      },
      {
        "Title": "下雨的时候·听雨",
        "Context": "在庭院里听雨的感觉很好，但是，太奢侈了。"
      },
      {
        "Title": "雨过天晴…",
        "Context": "嗯？天晴了吗？是什么时候…"
      },
      {
        "Title": "阳光很好…",
        "Context": "嗯，空气很适宜。"
      },
      {
        "Title": "起风的时候…",
        "Context": "啊，琉璃百合的味道，真好啊…"
      },
      {
        "Title": "早上好…",
        "Context": "早上好…唔？是哪里没有梳理好吗，请不要盯着我的…盯着我的头饰看。"
      },
      {
        "Title": "中午好…",
        "Context": "啊…需要午觉。如果没有什么特别的事情…我就先行告退了。"
      },
      {
        "Title": "晚上好…",
        "Context": "万家灯火就在眼前，人们的生活究竟是什么样的呢…欸？你想邀我去夜市？啊…不，不好意思，我就不去了吧。"
      },
      {
        "Title": "晚安…",
        "Context": "愿帝君保佑你，愿你的每个梦都踏实而香甜。"
      },
      {
        "Title": "关于甘雨自己…",
        "Context": "我的工作，就是遵循与帝君的「契约」，为璃月的多数生命，谋求最大的福祉。"
      },
      {
        "Title": "关于我们·工作",
        "Context": "今天的工作已经提前完成了。加…加班？我理解了，我会好好完成的。"
      },
      {
        "Title": "关于我们·请求",
        "Context": "我想了解更多有关人类的故事…尤其，想知道你对他们的看法和评价。因为，那个，你跟提瓦特大陆上的普通人不太一样吧。而我也…请务必，和我交流。"
      },
      {
        "Title": "关于我们·评价",
        "Context": "嗯…我，我一直想知道你对我工作的评价。是…普通宝箱的等级还是华丽宝箱的等级。没，没关系的。我的心理…能承受得住。"
      },
      {
        "Title": "关于「神之眼」…",
        "Context": "「一千种权力伴随着一千种责任。」那位拥有着博览古今的视野，却被迫放弃了自己生活的帝君，才是整个璃月最辛苦的人吧。相比起来，只拥有着普通「神之眼」，只需要去行使普通责任的我，已经轻松得多了。"
      },
      {
        "Title": "有什么想要分享…",
        "Context": "「万商云来、千船继至、百货迭出、诸海历览。」人们用这样的话来称赞璃月。但成就这样的壮景，依靠的也是细小到每一个人的努力。我是怀着要对得起这份繁荣的心情工作的。"
      },
      {
        "Title": "感兴趣的见闻·名字",
        "Context": "生活在璃月的每一只小狗，我都给它们取了名字。不过，有的狗狗如果用别的名字叫它也会有反应。真是了不起呢。如果有谁突然叫我「苦雪」什么的，我一定回应不上来。"
      },
      {
        "Title": "感兴趣的见闻·清心",
        "Context": "清心的花瓣，很好吃…应该说特别好吃。就是因为太好吃了，所以我才不敢在玉京台种它。生怕哪天一个不小心就会忍不住…嗯？你说…特别苦？可是…这不就是它的味道吗？"
      },
      {
        "Title": "关于摩拉克斯·信任",
        "Context": "我对帝君有着绝对的信任。当年，正是有帝君率领，我们才能击退魔物、降伏海兽，保住了这一方平安。帝君守护众人的身姿，千年以来的情谊，我不会忘记。"
      },
      {
        "Title": "关于摩拉克斯·追随",
        "Context": "帝君的决断，总是能够为璃月的多数生命带来福祉。我很敬佩这一点，也很想像他一样…但有时，越想着要去追赶帝君的脚步，就越容易紧张得出错…"
      },
      {
        "Title": "关于凝光…",
        "Context": "历任「天权」都会对璃月的古老律法进行释义和补充。在这之中，当代「天权」凝光的处理效率是无人能及的。只不过，她那追求效率和效益的作风常常遭人指摘。挑刺，总是比包容简单得多吧。"
      },
      {
        "Title": "关于刻晴·隔阂",
        "Context": "我无法认同她对帝君的态度。但是…但是…「甘雨，这才是璃月现今需要的人。」帝君反而这样说。我还是太愚钝了，要理解帝君话语中的意思，还得更努力地接触更多事务才行吧。"
      },
      {
        "Title": "关于刻晴·改观",
        "Context": "最近她主动与我讨论起了修复碧水商路的方案，还问我，是帝君的话会怎么做。我们商量出来的举措固然不比帝君，不过…看到她反复推演着沙盘的样子，隐约能够理解她的心情了。"
      },
      {
        "Title": "关于行秋…",
        "Context": "飞云商会那位青衣少年，并不像他的父亲和兄长那般操心织物的经营。是因为对他来说，有更重要的事情值得去做吧。当然…这也只是我的猜测…"
      },
      {
        "Title": "关于香菱…",
        "Context": "香菱很有名！但...我不太敢去「万民堂」那一带…不敢就是…不敢啦。好，好吧，也不是秘密。那边的饭菜香味飘得满街都是。一旦被勾住了，点上了菜，就算是素菜也...很难控制住食欲吧。这样的话，这样的话…"
      },
      {
        "Title": "关于北斗…",
        "Context": "近来，玉京台之上对南十字船队的怨言不断。可是在我看来，北斗船长对璃月所做的贡献，远非沉溺于伪造流言之徒所能想象…啊，抱歉，失言了…"
      },
      {
        "Title": "关于瑶瑶…",
        "Context": "瑶瑶啊…我是受总务司那边的熟人托付，在城内好生照顾她，别让她再往船上跑…你问我总务司的业务范围？唔…不，不知道呢。"
      },
      {
        "Title": "关于魈…",
        "Context": "他一直与人间保持距离，应该说是性格使然吧…我能够理解他，但是我无法「接近」他。毕竟…与他履行同一份「契约」的同伴，都已经不在了啊…"
      },
      {
        "Title": "关于烟绯…",
        "Context": "烟绯呀…她还是个懵懂的小女孩时，就和我说过，要遵守契约，过上快乐的生活。如今她亭亭玉立，成了璃月的名人。\n律法咨询师的工作很繁杂，但她总是一副无忧无虑的模样，这让我十分安心。"
      },
      {
        "Title": "关于申鹤…",
        "Context": "我和她并不能算是熟悉。只是听留云真君提过几句，听说她性子较凶，要是压抑不住心性，容易对周围造成严重破坏。嗯…会不会是因为平日里太闲了呢？我…我该给她推荐些工作吗？"
      },
      {
        "Title": "关于夜兰…",
        "Context": "虽说夜兰小姐每年有将近七成时间缺勤，但凝光会给她这样的特权，想必事出有因。当然，这不该是由我打听的事项，具体内容就不清楚了。不过，有天我回月海亭的路上，看到她和许多人有说有笑地吃着早点、喝着茶。我的内心深处…竟然有些羡慕。"
      },
      {
        "Title": "关于闲云…",
        "Context": "留云真君…啊，我是说，闲云小姐，她不久前约我一同逛街，却在每个摊位前都停下脚步，一定要把每件商品细细看过一遍才离开。等我们记起要吃饭时，已经夕阳西下了。这让我想起了从前在山中修行的日子，光阴也如同现在一样，转瞬即逝…"
      },
      {
        "Title": "想要了解甘雨·其一",
        "Context": "临时的工作吗？啊，不用和我具体说。将你的要求写下来，放在这边就好。"
      },
      {
        "Title": "想要了解甘雨·其二",
        "Context": "「想要了解更多甘雨的事情」…这，这是什么工作要求啊。我，我还从来没有处理过这样的…去年年底述职报告的背诵可以吗？啊，不行啊。"
      },
      {
        "Title": "想要了解甘雨·其三",
        "Context": "我思考过了…既然是「工作」，处理「工作」就没有害羞的必要。如果你想要了解我的话，这个头上的…发饰。其实是我的角。我的身上，有着仙兽「麒麟」的血脉。唔…理解了的话，请签下这份保密协议，不要对别人讲…"
      },
      {
        "Title": "想要了解甘雨·其四",
        "Context": "虽然身为仙兽的混血后裔，但同时也有着人类的血脉。这么多年来，我也不知道自己算不算融入了璃月港的人类生活…可能，我只是像钻进地里的草史莱姆一样，把自己埋在数据和报表中间来逃避吧。"
      },
      {
        "Title": "想要了解甘雨·其五",
        "Context": "谢谢你一直陪我说话。遇见你之后，好像说了十几年都没有说过的那么多话…如果保持这样的锻炼，有朝一日也能从事秘书以外的职业了吧。用上几百年时间来熟练，应该就不会犯什么要紧的错了吧。"
      },
      {
        "Title": "甘雨的爱好…",
        "Context": "爱好吗，爱好的话…工作吧。嗯？工作不能算？但是，为什么呢？难道爱好不是指自己想要去做，做了就会感到开心的事情吗。那么爱好是工作，又有什么问题呢？"
      },
      {
        "Title": "甘雨的烦恼…",
        "Context": "为何人们总是拼命证明…自己的存在比其他人更有价值呢？存在本身，就是足够美好的事情了吧？"
      },
      {
        "Title": "喜欢的食物…",
        "Context": "「饮必甘露，食必嘉禾。」这是我的守则。所以，请把那盘「仙跳墙」，从我的视线范围里拿开…"
      },
      {
        "Title": "讨厌的食物…",
        "Context": "我们一族是严格的素食主义者，肉类料理就请允许我谢绝了。嗯，没错，即使是荤油混在蔬菜丸子里也不行…不可以。不可以哟。我能够闻出来的。"
      },
      {
        "Title": "收到赠礼·其一",
        "Context": "地道的美味佳肴…啊！我是不是已经吃多了？"
      },
      {
        "Title": "收到赠礼·其二",
        "Context": "我在饮食方面还挺挑剔的，让你费心了…"
      },
      {
        "Title": "收到赠礼·其三",
        "Context": "我明白你的好意，但油荤…还是算了。"
      },
      {
        "Title": "生日…",
        "Context": "生日快乐。这么久以来受你的关照，但却没有准备礼物，这点实在…藏在手后面的？欸，你看到了啊…是，失败了的清心花凉糕…抱着必须做完美的决心结果…欸，好，好吃的？真…真的吗。"
      },
      {
        "Title": "突破的感受·起",
        "Context": "力量？…真是久违了。"
      },
      {
        "Title": "突破的感受·承",
        "Context": "如果…可以用和平的方式解决。不，没什么…"
      },
      {
        "Title": "突破的感受·转",
        "Context": "这就是新的生活之道吧…我明白了，我不会抱怨的。"
      },
      {
        "Title": "突破的感受·合",
        "Context": "我曾经看到古书上说，「麟斗则日无光」。其实没有那么夸张。但是，如果需要战斗，如果需要为你而战，我会献出自己的全部力量。"
      },
      {
        "Title": "元素战技·其一",
        "Context": "禁止接触。"
      },
      {
        "Title": "元素战技·其二",
        "Context": "闲人勿扰。"
      },
      {
        "Title": "元素战技·其三",
        "Context": "霜寒化生。"
      },
      {
        "Title": "元素爆发·其一",
        "Context": "风雪的缩影。"
      },
      {
        "Title": "元素爆发·其二",
        "Context": "如琉璃般飘落。"
      },
      {
        "Title": "元素爆发·其三",
        "Context": "这项工作，该划掉了。"
      },
      {
        "Title": "元素爆发·其四",
        "Context": "为了岩王帝君！"
      },
      {
        "Title": "冲刺开始·其一",
        "Context": "下一项工作是…"
      },
      {
        "Title": "冲刺开始·其二",
        "Context": "我会跟上的…"
      },
      {
        "Title": "冲刺结束·其一",
        "Context": "运动，是必要的…"
      },
      {
        "Title": "打开宝箱·其一",
        "Context": "有所收获，就是一件好事。"
      },
      {
        "Title": "打开宝箱·其二",
        "Context": "瑰丽的珍宝，令人欣喜。"
      },
      {
        "Title": "打开宝箱·其三",
        "Context": "留下宝箱的人，也遵循着某种「契约」吗？"
      },
      {
        "Title": "生命值低·其一",
        "Context": "…是我久疏战场。"
      },
      {
        "Title": "生命值低·其二",
        "Context": "欸？好像弄砸了？"
      },
      {
        "Title": "生命值低·其三",
        "Context": "需要…补充能量。"
      },
      {
        "Title": "同伴生命值低·其一",
        "Context": "请您退后！"
      },
      {
        "Title": "同伴生命值低·其二",
        "Context": "呃…「不可贸然进攻」！"
      },
      {
        "Title": "倒下·其一",
        "Context": "帝君…对不起…"
      },
      {
        "Title": "倒下·其二",
        "Context": "「契约」…尚未完成…"
      },
      {
        "Title": "倒下·其三",
        "Context": "我得…再撑一会…"
      },
      {
        "Title": "普通受击·其一",
        "Context": "疏忽了…"
      },
      {
        "Title": "重受击·其一",
        "Context": "没有关系…"
      },
      {
        "Title": "加入队伍·其一",
        "Context": "工作时间到了么？"
      },
      {
        "Title": "加入队伍·其二",
        "Context": "请向我下达指令。"
      },
      {
        "Title": "加入队伍·其三",
        "Context": "谨遵你我「契约」。"
      }
    ],
    "FetterStories": [
      {
        "Title": "角色详细",
        "Context": "在璃月，百姓们大多对「玉京台」的生活心驰神往，对其中的运转规则却知之甚少。\n人们知道「璃月七星」是人中翘楚，掌握着城市的命脉。但他们很难了解，每个决议背后的数据支撑，是如何建立起来的。\n人们知道每一年新颁布的条例都会给市场带来全新的变数，却不知道它们是怎样从繁杂的会议纪要中被摘录出来，逐渐整编成为晓畅的文字的。\n甘雨，「月海亭」的秘书，承担了诸多世人看不见的工作。\n纵然世人得知甘雨的地位，恐怕他们也很难将「月海亭」的秘书与破晓时分站在码头上、安静享用早点的少女联系起来。\n但在旭日东升之前，她一定会重新回到高踞玉京台之上的月海亭，继续完成她的「契约」。\n——那是远在三千年前，她与「岩王帝君」签订的契约。"
      },
      {
        "Title": "角色故事1",
        "Context": "甘雨并非七星中「某一颗星」的秘书，而是辅助「璃月七星」这个整体的秘书。\n在文静温柔的表象下，甘雨具备着磐石一般的毅力。\n关于这点，统领仙人的岩王帝君早已察明。\n千百年前，当「璃月七星」之位最初显现于璃月时，甘雨就成为了初代七星的秘书。\n此后多年里，璃月七星不断更迭，唯有甘雨始终陪伴左右。\n这也意味着，璃月各司各部、方方面面的文书事务，在这些年间层层汇聚积压，最终落到了甘雨肩上。\n但即使面对七倍、百倍、千倍的工作量，她的责任感依旧数年如一日，从未衰减。\n曾有人探究过甘雨动力的来源，得到的回答却稍稍对不上提问。\n「我所做的，距离帝君的功绩…还差得远呢。」"
      },
      {
        "Title": "角色故事2",
        "Context": "「我的工作，是为璃月的多数生命，谋求最大的福祉。」\n在绝大多数情况下，甘雨都是一名值得托付信任的秘书。\n很难想象在面对这样庞大工作量的情况下，还有谁能比她做得更出色。更不用提她对璃月所有的事物，都能作出独到而敏锐的见解。\n但甘雨的可靠性，只能维持在「绝大多数情况」之下。\n越是在关键的节点上，越是努力想要做到分毫不错，甘雨就越是紧张，往往会在巨大的心理压力之下忙中出错。\n例如「七星请仙典仪」，可谓璃月一年中最重要的仪式。\n甘雨却在某年的「七星请仙典仪」上迟到了三分钟，在众目睽睽之下，勉强挤入了人群。\n事后，甘雨红着脸支支吾吾，说不出所以然来，只是在心里对「岩王帝君」道歉了一千遍。\n朝夕相处的同僚们，都猜想这次的疏忽应该是事出有因。\n关系淡漠些的，见帝君毫不在意，也就不再多舌。\n私交好一些的，则在私底下关心着她的状况，询问是否需要调整工作量，或者安排短期休假，甘雨却摇着头拒绝。\n「今年出席典仪时的衣饰穿戴，和去年相比应该怎样调整？为此举棋不定了两小时…」\n——这种理由，甘雨是绝对说不出口的！"
      },
      {
        "Title": "角色故事3",
        "Context": "千年有多长？\n长到开满荻花洲的琉璃百合，在洪水后绝迹；长到归离原人声鼎沸的集镇，在战后化为断壁残垣。\n千年有多短？\n对甘雨来说，正如白驹过隙间。\n在这凡人难以想象的漫长时光里，甘雨一直端坐玉京台，处理各种事务。\n亲手记录每一座楼阁的落成，亲眼见证每一个产业的繁荣。\n甘雨对于时间流逝的客观感受，来自于白纸上不断庞大的数字，来自于总是需要更多颜色才能区分内容的表格。\n时间几乎没能改变甘雨的心智，她的内心始终在「人」和「仙兽」之间摇摆。\n一方面，身为麒麟的她，难以理解人类世界的诸多纷争。\n而另一方面，人类的血脉却总是提醒她，要对融入社会抱有希望。"
      },
      {
        "Title": "角色故事4",
        "Context": "一旦脱离了工作的范畴，甘雨就很容易显露出本性上的与众不同之处。\n她有睡午觉的习惯，同时仿佛内置了极其精准的生物钟。一旦到了午休时间，便不分地点不分场合，只要将身子蜷作一团就能立刻睡着，即使吵闹到有一群丘丘人围在她身边跳舞，也不会醒来。\n这种习性，最初也只是「璃月七星」内部流传的笑谈。\n然而，有次陪同某一代的「天璇星」，在午间外出就餐后，酒足饭饱的甘雨直接缩进了路边的干草堆里，被一路运去了荻花洲，直到卸货时脑袋砸到了地面，才醒了过来。\n在这往返的三小时内，四处找不见甘雨、又深知甘雨不会不告而别的那位「天璇星」，险些填报了人口失踪信息。\n在那之后，面对「今后只能在安全之地午睡」的告诫，甘雨有些委屈地回应：\n「璃月全境…不都是安全的地方吗。」\n究其原因，或许是身为仙兽的混血后裔，甘雨对于世间事物的认知，与多数的人类原本就有所不同。"
      },
      {
        "Title": "角色故事5",
        "Context": "甘雨有着仙兽「麒麟」血脉这件事情，在璃月港鲜为人知。\n每当路经绯云坡，有不明真相的路人问起她长发间显眼的突起时，她总谎称那是家传的头饰。\n「如果让大家知道真相的话，就会和大家更疏远了…」\n虽然实际上也不曾跟市民们亲近过，但在甘雨心里，疏远总不是好事。\n当然，更重要的原因是，一旦老实告诉了大家「这是麒麟的角」，就无法保证不会有人怀着好奇的心情，伸手来摸。\n——而角这种器官也是有感觉的，无论心理上还是生理上。\n同样被甘雨着重隐藏起来的秘密，还有「需要保持体型」一事。\n尽管麒麟一族是严格的素食主义者，但璃月料理作为天下美食之集大成作，即使是素菜，也会令食客难以控制食欲。\n因此，习惯了城市生活的甘雨，会非常在意自己的体型与体重。\n不自觉地便会被美味吸引，又要严格控制好自己的进食——对甘雨来说，困难程度不亚于在龙脊雪山上找到一朵烈焰花。\n但甘雨绝不会在半山腰放弃。\n她曾在数千年前的魔神战争中，因为体胖如球而卡住了巨兽的食道，最终轻松降伏了对手。\n这样令人啼笑皆非的过往，甘雨是无论如何也不想它再次重现的。"
      },
      {
        "Title": "玉京台植物志",
        "Context": "记载着玉京台常见植物形态特征及习性的手写册，秀美的字体正是出自甘雨本人的手笔。\n手册分类清晰，内容简练而翔实，甚至涵盖了市面上少见的难点归纳，诸如琉璃百合的养护要点、霓裳花的嫁接方法等等。\n其可读性和科普性，作为正式的刊物出版都毫不为过。\n——以上，是从前往后翻阅时的阅读体验。\n而如果从后往前翻阅，就不免令人瞠目结舌。\n手册的最后几页，是触目惊心的大量黑色涂改痕迹。\n如果有足够耐心细加辨认的话，或许能够勉强发现，这里原先记录着各类蔬菜的培养方法。\n「如果自己学会种菜的话，肯定会更加难以控制食欲。」\n甘雨攥着拳头强忍着欲望，才将好不容易总结出来的成果删去。\n但过了一段时间，因为能量摄入不足而饿着肚子去浇花的甘雨，就已把整个脑袋凑入霓裳花堆里，幻想着那是甜甜花，来安慰自己了。\n在不知不觉地袭来的午觉中，她梦见了满山的甜甜花。"
      },
      {
        "Title": "神之眼",
        "Context": "麒麟是仙兽中的仁兽，饮必甘露，食必嘉禾。\n不履生虫，不折生草，不群居，不旅行，不入阱陷，幽闲则循循如也，动则有容仪，是温柔而优雅的一族。\n而当海中巨兽为非作恶、足下的土地遭遇危机时，和平便不再成为生活的选项。\n三千年前，甘雨回应岩之神摩拉克斯的召唤，成为他在魔神战争中的助力。\n战争结束后，她选择留在璃月帮助人们建设更完美的城邦。\n初代璃月七星需要辅佐，甘雨毅然接过这一差事，出任他们的秘书。\n她作出这一决定的瞬间，「神之眼」在腰间显现，令她拥有了超越肉身、与世界共鸣的力量。\n这一刻，甘雨内心充满了平和的安定感。\n哪怕变得更为强大，也无需驱动「神之眼」之力，而是将「神之眼」作为保护璃月的终极手段。\n作为仙兽与人类的混血，她选择成为两个种族的桥梁。「神之眼」，便是她的新责任与新见证。"
      }
    ]
  },
  "Costumes": [
    {
      "Id": 203701,
      "Name": "玄玉瑶芳",
      "Description": "轻盈优雅的佳节服饰，以龙葵紫黑和玉鈫蓝为主调，发饰则如清心般明丽，正是甘雨最喜爱的搭配。",
      "IsDefault": false,
      "FrontIcon": "UI_AvatarIcon_GanyuCostumeYu",
      "SideIcon": "UI_AvatarIcon_Side_GanyuCostumeYu"
    },
    {
      "Id": 203700,
      "Name": "霜麟聚露",
      "Description": "甘雨的装扮款式。得到「三眼五显仙人」祝福的典雅衣装。",
      "IsDefault": true
    }
  ],
  "CultivationItems": [
    104164,
    113010,
    100031,
    112040,
    104315,
    113015
  ],
  "NameCard": {
    "Name": "甘雨·麟迹",
    "Description": "名片纹饰。\n不折草，不履虫。",
    "Icon": "UI_NameCardIcon_Ganyu",
    "PicturePrefix": "UI_NameCardPic_Ganyu"
  }
}