{
  "Id": 10000003,
  "PromoteId": 3,
  "Sort": 9,
  "Body": 3,
  "Icon": "UI_AvatarIcon_Qin",
  "SideIcon": "UI_AvatarIcon_Side_Qin",
  "Name": "琴",
  "Description": "正直严谨的蒲公英骑士，蒙德西风骑士团的代理团长。",
  "BeginTime": "2020-09-15T04:00:00+08:00",
  "Quality": 5,
  "Weapon": 1,
  "BaseValue": {
    "HpBase": 1143.984,
    "AttackBase": 18.62,
    "DefenseBase": 59.83
  },
  "GrowCurves": [
    {
      "Type": 1,
      "Value": 21
    },
    {
      "Type": 4,
      "Value": 31
    },
    {
      "Type": 7,
      "Value": 21
    }
  ],
  "SkillDepot": {
    "Arkhe": 0,
    "Skills": [
      {
        "GroupId": 331,
        "Proud": {
          "Descriptions": [
            "一段伤害|{param1:F1P}",
            "二段伤害|{param2:F1P}",
            "三段伤害|{param3:F1P}",
            "四段伤害|{param4:F1P}",
            "五段伤害|{param5:F1P}",
            "重击伤害|{param6:P}",
            "重击体力消耗|{param7:F1}点",
            "下坠期间伤害|{param8:F1P}",
            "低空/高空坠地冲击伤害|{param9:P}/{param10:P}"
          ],
          "Parameters": [
            {
              "Level": 1,
              "Parameters": [
                0.48332,
                0.4558,
                0.60286,
                0.65876,
                0.79206,
                1.62024,
                20,
                0.639324,
                1.278377,
                1.596762
              ]
            },
            {
              "Level": 2,
              "Parameters": [
                0.52266,
                0.4929,
                0.65193,
                0.71238,
                0.85653,
                1.75212,
                20,
                0.691362,
                1.382431,
                1.726731
              ]
            },
            {
              "Level": 3,
              "Parameters": [
                0.562,
                0.53,
                0.701,
                0.766,
                0.921,
                1.884,
                20,
                0.7434,
                1.486485,
                1.8567
              ]
            },
            {
              "Level": 4,
              "Parameters": [
                0.6182,
                0.583,
                0.7711,
                0.8426,
                1.0131,
                2.0724,
                20,
                0.81774,
                1.635134,
                2.04237
              ]
            },
            {
              "Level": 5,
              "Parameters": [
                0.65754,
                0.6201,
                0.82017,
                0.89622,
                1.07757,
                2.20428,
                20,
                0.869778,
                1.739187,
                2.172339
              ]
            },
            {
              "Level": 6,
              "Parameters": [
                0.7025,
                0.6625,
                0.87625,
                0.9575,
                1.15125,
                2.355,
                20,
                0.92925,
                1.858106,
                2.320875
              ]
            },
            {
              "Level": 7,
              "Parameters": [
                0.76432,
                0.7208,
                0.95336,
                1.04176,
                1.25256,
                2.56224,
                20,
                1.011024,
                2.02162,
                2.525112
              ]
            },
            {
              "Level": 8,
              "Parameters": [
                0.82614,
                0.7791,
                1.03047,
                1.12602,
                1.35387,
                2.76948,
                20,
                1.092798,
                2.185133,
                2.729349
              ]
            },
            {
              "Level": 9,
              "Parameters": [
                0.88796,
                0.8374,
                1.10758,
                1.21028,
                1.45518,
                2.97672,
                20,
                1.174572,
                2.348646,
                2.933586
              ]
            },
            {
              "Level": 10,
              "Parameters": [
                0.9554,
                0.901,
                1.1917,
                1.3022,
                1.5657,
                3.2028,
                20,
                1.26378,
                2.527025,
                3.15639
              ]
            },
            {
              "Level": 11,
              "Parameters": [
                1.032675,
                0.973875,
                1.288088,
                1.407525,
                1.692338,
                3.46185,
                20,
                1.352988,
                2.705403,
                3.379194
              ]
            },
            {
              "Level": 12,
              "Parameters": [
                1.12355,
                1.059576,
                1.401439,
                1.531387,
                1.841263,
                3.766493,
                20,
                1.442196,
                2.883781,
                3.601998
              ]
            },
            {
              "Level": 13,
              "Parameters": [
                1.214426,
                1.145277,
                1.514791,
                1.655249,
                1.990189,
                4.071136,
                20,
                1.531404,
                3.062159,
                3.824802
              ]
            },
            {
              "Level": 14,
              "Parameters": [
                1.305301,
                1.230978,
                1.628143,
                1.779112,
                2.139115,
                4.375778,
                20,
                1.620612,
                3.240537,
                4.047606
              ]
            },
            {
              "Level": 15,
              "Parameters": [
                1.404438,
                1.32447,
                1.751799,
                1.914234,
                2.301579,
                4.708116,
                20,
                1.70982,
                3.418915,
                4.27041
              ]
            }
          ]
        },
        "Id": 10031,
        "Name": "普通攻击·西风剑术",
        "Description": "<color=#FFD780FF>普通攻击</color>\n进行至多五段的连续剑击。\n\n<color=#FFD780FF>重击</color>\n消耗一定体力，进行饱含风之力的挑击。\n被挑飞的敌人，在短时间内会缓慢坠落。\n\n<color=#FFD780FF>下落攻击</color>\n从空中下坠冲击地面，攻击下落路径上的敌人，并在落地时造成范围伤害。",
        "Icon": "Skill_A_01"
      },
      {
        "GroupId": 332,
        "Proud": {
          "Descriptions": [
            "技能伤害|{param1:P}",
            "体力消耗|每秒{param2:F1}点",
            "最大持续时间|{param3:F1}秒",
            "冷却时间|{param4:F1}秒"
          ],
          "Parameters": [
            {
              "Level": 1,
              "Parameters": [
                2.92,
                20,
                5,
                6
              ]
            },
            {
              "Level": 2,
              "Parameters": [
                3.139,
                20,
                5,
                6
              ]
            },
            {
              "Level": 3,
              "Parameters": [
                3.358,
                20,
                5,
                6
              ]
            },
            {
              "Level": 4,
              "Parameters": [
                3.65,
                20,
                5,
                6
              ]
            },
            {
              "Level": 5,
              "Parameters": [
                3.869,
                20,
                5,
                6
              ]
            },
            {
              "Level": 6,
              "Parameters": [
                4.088,
                20,
                5,
                6
              ]
            },
            {
              "Level": 7,
              "Parameters": [
                4.38,
                20,
                5,
                6
              ]
            },
            {
              "Level": 8,
              "Parameters": [
                4.672,
                20,
                5,
                6
              ]
            },
            {
              "Level": 9,
              "Parameters": [
                4.964,
                20,
                5,
                6
              ]
            },
            {
              "Level": 10,
              "Parameters": [
                5.256,
                20,
                5,
                6
              ]
            },
            {
              "Level": 11,
              "Parameters": [
                5.548,
                20,
                5,
                6
              ]
            },
            {
              "Level": 12,
              "Parameters": [
                5.84,
                20,
                5,
                6
              ]
            },
            {
              "Level": 13,
              "Parameters": [
                6.205,
                20,
                5,
                6
              ]
            },
            {
              "Level": 14,
              "Parameters": [
                6.57,
                20,
                5,
                6
              ]
            },
            {
              "Level": 15,
              "Parameters": [
                6.935,
                20,
                5,
                6
              ]
            }
          ]
        },
        "Id": 10033,
        "Name": "风压剑",
        "Description": "将无形的风之力汇聚在剑上，释放微型的风暴，将敌人向瞄准的方向击飞，造成大量<color=#80FFD7FF>风元素伤害</color>。\n\n<color=#FFD780FF>长按</color>\n以持续消耗体力为代价，令旋风将周围的敌人与物体牵引至面前。\n可以调整方向。\n期间无法移动。\n\n<i>与一心守护的琴同行的，是能将危险驱离伙伴身边的守护之风。</i>",
        "Icon": "Skill_S_Qin_02"
      }
    ],
    "EnergySkill": {
      "GroupId": 339,
      "Proud": {
        "Descriptions": [
          "爆发伤害|{param1:P}",
          "出入领域伤害|{param2:F1P}",
          "领域发动治疗量|{param3:P}攻击力+{param4:I}",
          "持续治疗|每秒{param5:F2P}攻击力+{param6:I}",
          "冷却时间|{param7:F1}秒",
          "元素能量|{param8:I}"
        ],
        "Parameters": [
          {
            "Level": 1,
            "Parameters": [
              4.248,
              0.784,
              2.512,
              1540.3248,
              0.2512,
              154.03249,
              20,
              80
            ]
          },
          {
            "Level": 2,
            "Parameters": [
              4.5666,
              0.8428,
              2.7004,
              1694.3788,
              0.27004,
              169.43788,
              20,
              80
            ]
          },
          {
            "Level": 3,
            "Parameters": [
              4.8852,
              0.9016,
              2.8888,
              1861.2705,
              0.28888,
              186.12704,
              20,
              80
            ]
          },
          {
            "Level": 4,
            "Parameters": [
              5.31,
              0.98,
              3.14,
              2041,
              0.314,
              204.1,
              20,
              80
            ]
          },
          {
            "Level": 5,
            "Parameters": [
              5.6286,
              1.0388,
              3.3284,
              2233.5674,
              0.33284,
              223.35674,
              20,
              80
            ]
          },
          {
            "Level": 6,
            "Parameters": [
              5.9472,
              1.0976,
              3.5168,
              2438.9727,
              0.35168,
              243.89726,
              20,
              80
            ]
          },
          {
            "Level": 7,
            "Parameters": [
              6.372,
              1.176,
              3.768,
              2657.2156,
              0.3768,
              265.72156,
              20,
              80
            ]
          },
          {
            "Level": 8,
            "Parameters": [
              6.7968,
              1.2544,
              4.0192,
              2888.2964,
              0.40192,
              288.82965,
              20,
              80
            ]
          },
          {
            "Level": 9,
            "Parameters": [
              7.2216,
              1.3328,
              4.2704,
              3132.215,
              0.42704,
              313.2215,
              20,
              80
            ]
          },
          {
            "Level": 10,
            "Parameters": [
              7.6464,
              1.4112,
              4.5216,
              3388.9717,
              0.45216,
              338.89716,
              20,
              80
            ]
          },
          {
            "Level": 11,
            "Parameters": [
              8.0712,
              1.4896,
              4.7728,
              3658.566,
              0.47728,
              365.8566,
              20,
              80
            ]
          },
          {
            "Level": 12,
            "Parameters": [
              8.496,
              1.568,
              5.024,
              3940.998,
              0.5024,
              394.0998,
              20,
              80
            ]
          },
          {
            "Level": 13,
            "Parameters": [
              9.027,
              1.666,
              5.338,
              4236.268,
              0.5338,
              423.6268,
              20,
              80
            ]
          },
          {
            "Level": 14,
            "Parameters": [
              9.558,
              1.764,
              5.652,
              4544.376,
              0.5652,
              454.4376,
              20,
              80
            ]
          },
          {
            "Level": 15,
            "Parameters": [
              10.089,
              1.862,
              5.966,
              4865.3213,
              0.5966,
              486.53214,
              20,
              80
            ]
          }
        ]
      },
      "Id": 10034,
      "Name": "蒲公英之风",
      "Description": "呼唤风的护佑，创造千风涌动的蒲公英领域，击退周围的敌人并造成<color=#80FFD7FF>风元素伤害</color>。\n同时，为队伍中的所有角色瞬间恢复大量生命值，回复量受益于琴的攻击力。\n\n<color=#FFD780FF>蒲公英领域</color>\n·为其中的角色持续恢复生命值；\n·令其中的角色持续受到<color=#80FFD7FF>风元素影响</color>；\n·对出入领域的敌人造成<color=#80FFD7FF>风元素伤害</color>。\n\n<i>风的恩泽如同广布大地的蒲公英，这就是琴守护的根源与心意。</i>",
      "Icon": "Skill_E_Qin_01"
    },
    "Inherents": [
      {
        "GroupId": 321,
        "Proud": {
          "Descriptions": [],
          "Parameters": [
            {
              "Level": 1,
              "Parameters": [
                0.5,
                0.15
              ]
            }
          ]
        },
        "Id": 32101,
        "Name": "顺风而行",
        "Description": "琴的普通攻击命中时，有50%的几率为队伍中所有角色恢复等同于琴攻击力15%的生命值。",
        "Icon": "UI_Talent_S_Qin_05"
      },
      {
        "GroupId": 322,
        "Proud": {
          "Descriptions": [],
          "Parameters": [
            {
              "Level": 1,
              "Parameters": [
                16
              ]
            }
          ]
        },
        "Id": 32201,
        "Name": "听凭风引",
        "Description": "使用<color=#FFD780FF>蒲公英之风</color>后，恢复20%元素能量。",
        "Icon": "UI_Talent_S_Qin_06"
      },
      {
        "GroupId": 323,
        "Proud": {
          "Descriptions": [],
          "Parameters": [
            {
              "Level": 1,
              "Parameters": []
            }
          ]
        },
        "Id": 32301,
        "Name": "引领之风",
        "Description": "完美烹饪恢复类食物时，有12%概率获得2倍产出。",
        "Icon": "UI_Talent_Cook_Heal"
      }
    ],
    "Talents": [
      {
        "Id": 31,
        "Name": "流转剑脊的暴风",
        "Description": "<color=#FFD780FF>风压剑</color>长按超过1秒后，提升牵引速度，并使造成的伤害提升40%。",
        "Icon": "UI_Talent_S_Qin_01"
      },
      {
        "Id": 32,
        "Name": "守护众人的坚盾",
        "Description": "琴获得元素晶球或元素微粒时，队伍中所有角色获得15%攻击速度和15%移动速度提升，持续15秒。",
        "Icon": "UI_Talent_S_Qin_02"
      },
      {
        "Id": 33,
        "Name": "西风吹拂之时",
        "Description": "<color=#FFD780FF>蒲公英之风</color>的技能等级提高3级。\n至多提升至15级。",
        "Icon": "UI_Talent_U_Qin_02",
        "ExtraLevel": {
          "Index": 9,
          "Level": 3
        }
      },
      {
        "Id": 34,
        "Name": "蒲公英的国土",
        "Description": "在<color=#FFD780FF>蒲公英之风</color>的领域内，所有敌人的<color=#80FFD7FF>风元素抗性</color>下降40%。",
        "Icon": "UI_Talent_S_Qin_03"
      },
      {
        "Id": 35,
        "Name": "须臾一瞬的烈风",
        "Description": "<color=#FFD780FF>风压剑</color>的技能等级提高3级。\n至多提升至15级。",
        "Icon": "UI_Talent_U_Qin_01",
        "ExtraLevel": {
          "Index": 2,
          "Level": 3
        }
      },
      {
        "Id": 36,
        "Name": "恩眷万民的狮牙",
        "Description": "在<color=#FFD780FF>蒲公英之风</color>的领域内，角色受到的伤害降低35%。\n离开领域后，这个效果会在承受3次攻击或10秒后消失。",
        "Icon": "UI_Talent_S_Qin_04"
      }
    ]
  },
  "FetterInfo": {
    "Title": "蒲公英骑士",
    "Detail": "正直严谨的蒲公英骑士，蒙德西风骑士团的代理团长。",
    "Association": 1,
    "Native": "西风骑士团",
    "BirthMonth": 3,
    "BirthDay": 14,
    "VisionBefore": "风",
    "ConstellationBefore": "幼狮座",
    "CvChinese": "林簌",
    "CvJapanese": "斋藤千和",
    "CvEnglish": "斯蒂芬妮·萨瑟兰",
    "CvKorean": "安荣美",
    "CookBonus": {
      "OriginItemId": 108042,
      "ItemId": 108044,
      "InputList": [
        100011,
        110001,
        100018,
        110009
      ]
    },
    "Fetters": [
      {
        "Title": "初次见面…",
        "Context": "「蒲公英骑士」，琴，申请入队。从今往后，我的荣誉与忠诚将与你同在！"
      },
      {
        "Title": "闲聊·行动",
        "Context": "行动起来吧，我们不该在这里停留。"
      },
      {
        "Title": "闲聊·骑士团",
        "Context": "骑士团的大家…有没有认真工作呢？"
      },
      {
        "Title": "闲聊·目标",
        "Context": "走吧，前往下一个目标！"
      },
      {
        "Title": "下雨的时候…",
        "Context": "下雨也无法阻挡我的脚步。"
      },
      {
        "Title": "雨过天晴…",
        "Context": "这样的天气，正适合行动。"
      },
      {
        "Title": "下雪的时候…",
        "Context": "下雪了，要注意战靴的保养啊。"
      },
      {
        "Title": "起风的时候…",
        "Context": "舒适的天气。"
      },
      {
        "Title": "刮大风了…",
        "Context": "传说，那天也刮着罕见的大风…"
      },
      {
        "Title": "早上好…",
        "Context": "「一日之计在于晨」，今天也请加油。"
      },
      {
        "Title": "中午好…",
        "Context": "好，现在开始处理任务吧。"
      },
      {
        "Title": "晚上好…",
        "Context": "看样子，差不多已经对咖啡免疫了。如果有什么替代品的话…问问丽莎好了。"
      },
      {
        "Title": "晚安…",
        "Context": "今日的修炼就到此为止，做得很棒，辛苦你了。"
      },
      {
        "Title": "关于琴自己…",
        "Context": "今天为了保护民众，把五座遗迹守卫斩成了碎片。唉，我还需要继续磨练自己…这么珍贵的文化遗产，下次应该尝试空手制服…"
      },
      {
        "Title": "关于我们·信条",
        "Context": "我会全力帮助你，当然，如果你的方向偏离了正义，我也会毫不犹豫地指出。"
      },
      {
        "Title": "关于我们·誓言",
        "Context": "我以此剑起誓，必将胜利献给你。"
      },
      {
        "Title": "关于我们·任务",
        "Context": "任务可是不会自动完成的，但适当放松一下也好。今天就破例午休几分钟吧。"
      },
      {
        "Title": "关于「神之眼」…",
        "Context": "「永护蒙德」是古恩希尔德家族的家训。每当驱动「神之眼」，我都会想起母亲、还有蒙德民众的期盼。为蒙德而战，为自由而战——我，在所不辞。"
      },
      {
        "Title": "有什么想要分享…",
        "Context": "我谨代表西风骑士团，向你为蒙德所做的一切致以谢意。还请你劳逸结合，量力而…怎么了，你突然笑了起来，我说了什么奇怪的话吗？"
      },
      {
        "Title": "感兴趣的见闻…",
        "Context": "「蒲公英，蒲公英，跟风一起，到远方去吧。」…它乘上风，说不定连天空岛都能飞到呢。"
      },
      {
        "Title": "关于芭芭拉…",
        "Context": "芭芭拉非常努力，只不过有时过于勉强自己…嗯？问我为什么了解得这么清楚？因为西风教会也归属骑士团管辖。"
      },
      {
        "Title": "关于丽莎…",
        "Context": "丽莎，有她在的话，我会安心很多。"
      },
      {
        "Title": "关于安柏…",
        "Context": "安柏这段时间确实有所成长。希望有朝一日，她的事迹也会被吟游诗人传颂。"
      },
      {
        "Title": "关于凯亚…",
        "Context": "是吗…凯亚也向你提出建言了啊。他是一名优秀的西风骑士，这点毋庸置疑。"
      },
      {
        "Title": "关于可莉…",
        "Context": "虽说玩乐是孩子的天性，但可莉中意的玩具却都是些危险品。让人难以放心。"
      },
      {
        "Title": "关于阿贝多…",
        "Context": "「天才」这种名词，或许正是为了阿贝多这样的人准备的吧。"
      },
      {
        "Title": "关于法尔伽…",
        "Context": "法尔伽大团长，他是西风骑士团的当代传奇。等到他凯旋归来的那一天，就请你亲自和他交谈吧。相信你也能从中受益。"
      },
      {
        "Title": "关于诺艾尔…",
        "Context": "诺艾尔，嗯…那个努力想要成为西风骑士的少女。她的内心仍有软弱之处，现在这个阶段，也许还不适合让她接触外界的凶险。"
      },
      {
        "Title": "关于罗莎莉亚…",
        "Context": "罗莎莉亚修女总是把「麻烦」挂在嘴边，实际却十分称职。上次我和她说「如果觉得麻烦也可以找我帮忙」，她却回答「这样更麻烦」。嗯…我果然还有很多欠缺啊。"
      },
      {
        "Title": "关于迪卢克·愧欠",
        "Context": "迪卢克前辈对骑士团的指摘事出有因，即使心中愧疚也无法改变既定的结果…我只想通过我的努力，让他对骑士团有所改观…嗯，这是我的责任。"
      },
      {
        "Title": "关于迪卢克·敬重",
        "Context": "迪卢克…是一位非常可敬的前辈。虽然我们选择的道路不同，但这份共通的守护蒙德的心意，我能感受得到。"
      },
      {
        "Title": "关于砂糖…",
        "Context": "作为炼金术士，砂糖也算天赋异禀。况且她的身边还有阿贝多指点，未来应该不用担心。只是…不，没什么，沉浸在自己的世界里，也不算坏事吧。"
      },
      {
        "Title": "关于优菈…",
        "Context": "优菈？咳…请不要对她的身世耿耿于怀，西风骑士会公正地评价每个人。优菈明辨是非，才华出众，偶尔发表危险言论，也只是她的性格使然。哪怕她总是说要挑战我，我也不介意。"
      },
      {
        "Title": "关于米卡…",
        "Context": "大团长选中米卡作为远征队的前侦骨干，不仅是出于任务需要，更是看中了他踏实勤恳的品质。从我个人角度而言，我也很荣幸能与这样的同伴共事。"
      },
      {
        "Title": "想要了解琴·其一",
        "Context": "我肩负着西风骑士团的信任，还有蒙德民众的期待。为此，我不能松懈。"
      },
      {
        "Title": "想要了解琴·其二",
        "Context": "温妮莎的「蒲公英骑士」之名传承至今，曾经有无数伟大的骑士获授这一荣誉。我不能辱没这个名字。因此，决不能松懈。要成为守护众人的坚盾与利剑。"
      },
      {
        "Title": "想要了解琴·其三",
        "Context": "无论是传奇故事还是史书，都只记载了伟大骑士的功绩。难道，他们一次也不曾迷失过吗…？\n风啊，请指引我前进的道路。"
      },
      {
        "Title": "想要了解琴·其四",
        "Context": "全身心投入工作的时候，烦恼和时间会一并被忘却。「你是最适合做这种事情的人选。」…那个时候，大团长法尔伽就是这样对我说的。"
      },
      {
        "Title": "想要了解琴·其五",
        "Context": "与你同行时，前进的道路变得无比清晰。就好像，终于有人能依靠，这究竟是…\n不，一定是我还不够努力。绝对不能松懈，不能辜负西风骑士团和蒙德…但是，谢谢你。"
      },
      {
        "Title": "琴的爱好…",
        "Context": "或许可以和你聊聊书上那些英雄传记。嗯，你听说过「坎瑞亚英雄王」的故事吗？"
      },
      {
        "Title": "琴的烦恼…",
        "Context": "假如有什么神奇的药剂，喝了就不需要睡觉…嗯，要不明天问问丽莎吧？"
      },
      {
        "Title": "喜欢的食物…",
        "Context": "猫尾酒馆的披萨…很久没吃过了。如果能外送到办公室就好了呢。"
      },
      {
        "Title": "讨厌的食物…",
        "Context": "优秀的骑士不能挑食。"
      },
      {
        "Title": "收到赠礼·其一",
        "Context": "不仅味道好，还兼顾了健康。让你费心了。"
      },
      {
        "Title": "收到赠礼·其二",
        "Context": "嗯，精神振奋不少。谢谢你。"
      },
      {
        "Title": "收到赠礼·其三",
        "Context": "呼…总之，辛苦你了。"
      },
      {
        "Title": "生日…",
        "Context": "今天是值得庆祝的日子。要说为何的话，因为这是受风护佑的你，诞生的日子啊。既然是生日，那就好好休息一下吧。\n咳咳…祝你生日快乐…\n啊，请原谅我的冒昧。不知这份礼物，是否能令你满意呢？"
      },
      {
        "Title": "突破的感受·起",
        "Context": "好，一鼓作气前往下一个目标。"
      },
      {
        "Title": "突破的感受·承",
        "Context": "只要风不停歇，我就不会停下脚步。"
      },
      {
        "Title": "突破的感受·转",
        "Context": "就算暂时获得了平静，也不能掉以轻心。身为代理团长，我必须未雨绸缪。"
      },
      {
        "Title": "突破的感受·合",
        "Context": "我做得还不够好。自从与你相遇，一直承蒙你的关照。这份感激…\n风啊，请容许我的私心。并非作为代理团长，只是作为「琴」，在此起誓——我的剑将与你同在。"
      },
      {
        "Title": "元素战技·其一",
        "Context": "一决胜负！"
      },
      {
        "Title": "元素战技·其二",
        "Context": "…哈！"
      },
      {
        "Title": "元素战技·其三",
        "Context": "…散！"
      },
      {
        "Title": "元素爆发·其一",
        "Context": "风，回应我吧。"
      },
      {
        "Title": "元素爆发·其二",
        "Context": "以剑为誓！"
      },
      {
        "Title": "元素爆发·其三",
        "Context": "风之神，请指引我们。"
      },
      {
        "Title": "打开宝箱·其一",
        "Context": "惊喜的收获。"
      },
      {
        "Title": "打开宝箱·其二",
        "Context": "嗯，真是幸运的一天。"
      },
      {
        "Title": "打开宝箱·其三",
        "Context": "希望大家都能获得宝藏。"
      },
      {
        "Title": "生命值低·其一",
        "Context": "我，没事…！"
      },
      {
        "Title": "生命值低·其二",
        "Context": "还有同伴…需要保护…"
      },
      {
        "Title": "生命值低·其三",
        "Context": "还不能放弃…"
      },
      {
        "Title": "同伴生命值低·其一",
        "Context": "你受伤了…请暂时退后吧！"
      },
      {
        "Title": "同伴生命值低·其二",
        "Context": "让我来吧。"
      },
      {
        "Title": "倒下·其一",
        "Context": "蒙德…"
      },
      {
        "Title": "倒下·其二",
        "Context": "个人的力量是有极限的…"
      },
      {
        "Title": "倒下·其三",
        "Context": "我…还不够称职…"
      },
      {
        "Title": "重受击·其一",
        "Context": "这点伤而已！"
      },
      {
        "Title": "加入队伍·其一",
        "Context": "随时可以出发。"
      },
      {
        "Title": "加入队伍·其二",
        "Context": "已做好万全准备。"
      },
      {
        "Title": "加入队伍·其三",
        "Context": "听凭风引。"
      }
    ],
    "FetterStories": [
      {
        "Title": "角色详细",
        "Context": "西风骑士团是守护蒙德的剑与盾。\n除了清扫荒野的魔物、守护城市与道路安全之外，骑士团最重要的工作是维护蒙德的秩序。\n虽说蒙德是自由之都，但无边际的散漫只会带来混沌与彷徨。\n琴非常明白这一道理，所以才坚持严谨刻苦的作风，以最严苛的要求对待自己。\n——然后一不留神，就在月初消耗完了当月所有的咖啡配额。"
      },
      {
        "Title": "角色故事1",
        "Context": "古恩希尔德家族是古老的骑士家族。据说自第一篇史诗写成之日，就已开始守护蒙德。\n但历史悠久的血脉必然伴随着沉重负担。琴自幼便被母亲作为骑士道继承者培养。\n象征骑士风度的形体、礼仪，锻造骑士灵魂的历史、诗歌，武装骑士精神的剑艺、体能…琴全都要训练。唯有如此，才能实践古恩希尔德的家训：「永护蒙德」。\n早年的酒馆里有这样一句玩笑话：古恩希尔德家族的长子长女，在学会喊「妈妈」之前，就已能够念出「永护蒙德」。\n从《林间风故事拔萃》抬起头，看见同龄孩子举着风车欢笑着跑过窗前。小小的琴，自然是明白其中含义的。\n而如今，从累牍公文中抬起头，看见蒙德的未来举着风车欢笑着跑过街道。代理团长大人对从前那些岁月依然毫无悔恨。\n「这是正确的事。无论多辛苦，正确的事就应全力以赴。」"
      },
      {
        "Title": "角色故事2",
        "Context": "「琴团长十分可靠。」\n「若是遇到难题，找她帮忙一定没错。」\n在蒙德，骑士和民众都十分仰赖琴。\n如果有人需要帮助，事情又合乎道理，那她一定会出手相助。\n即使是街市上的小口角，即使是恋爱的渺小烦恼…\n即使与骑士团的本职工作毫无关系，只要有人对琴开口，琴就会对他们伸出援手。\n「要问原因的话——帮助受困之人，不正是骑士职责所在吗？」\n对她而言，骑士的职责先于「代理团长」的勤务。对她而言，亲手帮助有需要的人最为实在。\n这也是她对麾下骑士的要求。\n图书管理员丽莎曾经劝琴放松，「应该适当享受淑女的下午茶时光」。\n可对琴来说，骑士的职责先于淑女的身份。\n「琴团长十分可靠。」\n人们一如既往地给予她这一评价。\n令她烦恼的是，一天时间只有那么多。即使牺牲睡眠，也无法帮助所有人。\n要成为可靠的人，需要付出难以想象的努力。"
      },
      {
        "Title": "角色故事3",
        "Context": "琴代行团长职责的如今，不少人已经忘记在她之上仍有一位「大团长」。\n而她本人从未在意过这种事。骑士团内的地位与称号丝毫不会影响她行事的原则。\n热忱、正直与一丝不苟，琴身上这些优良品质有两大来源。\n其一是自幼接受的教育和训练已将骑士道精神深深植入她灵魂深处。\n其二是现已缺席的西风骑士团团长法尔伽曾对她悉心教导。\n洒脱而散漫的北风骑士法尔伽，他给琴的成长带来了巨大影响。\n「大团长，请您认真对待工作，直面蒙德对您的期待。」\n「小姑娘，你是我的副手，为我分担工作天经地义。这样大团长才有精力做更重要的事啊。」\n「……」\n他是征服与创造传奇的骑士，而她是守护和平与自由的骑士。\n琴并不讨厌法尔伽。法尔伽的行事风格或许有其独到之处。琴需要完成的，是那些大团长没完成的正确之事。\n半年前，法尔伽率领西风骑士中的精锐再一次离开蒙德，踏上远征之路。\n远征——这是很符合大团长风格的冒险。\n「骑士团就交给你了。反正这些年也是你在做团长的工作。」\n「放心交给我吧，大团长。」\n站在窗前目送团长的她心想：\n等你回来，将会见到一座更加温暖、繁荣、平和的蒙德城。"
      },
      {
        "Title": "角色故事4",
        "Context": "风起地的神树，是初代「蒲公英骑士」道路的终点。\n据记载，建立西风骑士团、重振蒙德的初代蒲公英骑士温妮莎，曾在生命结束之刻来到此地。\n她永别了衷心守护的城邦，留下传奇与一株树苗。\n这株树苗在千风的眷顾中，在无数的日月照耀下，成长为参天巨木。\n琴十五岁时获授「蒲公英骑士」之名。\n「蒲公英骑士」又名「狮牙骑士」，随骑士团制度一同沿袭至今，是最杰出的骑士才能获得的荣誉。\n那日授衔仪式结束后，琴从庆祝活动中悄然离开，追随着一直憧憬的英雄骑士的脚步，来到那棵大树前。\n「蒲公英骑士」之名象征着温妮莎的抗争与仁爱。自己如何能拥有资格，来继承如此伟大的称号？\n蒙德城重建至今已逾千年。自己何德何能，能守护这座古老、自由、骄傲的城邦？\n隐藏在稳重成熟外表下的，是一颗刚刚完成骑士礼，尚未做好准备的少女之心。\n风从远方吹来，将骑士拥入怀中，轻柔地拂去她的疑虑与不安，展露出黄金般的决心：\n「永护蒙德。」\n——成为温妮莎那样温柔坚定的战士，为同胞战斗，为自由抗争。这便是那句简明严厉的家训中蕴含的心意吧。\n如今，每当感到疲惫动摇，琴仍会来到这棵树下，接受风的洗礼。风洗净她的困顿，令她重拾前行的力量。\n风起地的神树是初代「狮牙骑士」道路的终点。\n同时，也是「蒲公英骑士」琴的起点。"
      },
      {
        "Title": "角色故事5",
        "Context": "琴团长有一个秘密。\n古恩希尔德家族是古老的骑士家族。这一骄傲的血脉来自琴的母亲芙蕾德莉卡。\n琴的父亲则是名贯大陆的冒险家——西蒙·佩奇。来到蒙德后，他扫去身上风沙，以崭新的姿态加入西风教会，一路升为西风教会总管，人称「拂晓的枢机卿」。\n曾经的爱侣最终分道扬镳。年幼的琴牵着母亲的手，望着父亲与妹妹芭芭拉远去的背影。\n后来，芭芭拉也与父亲一样加入西风教会，成为了一位深受蒙德人喜爱的牧师。\n琴一直想要亲近这位血脉相通的妹妹，但面对芭芭拉躲闪的眼神，不知该如何开口。\n或许这份相似的笨拙，就是姐妹心意仍然相通的表现吧。\n琴团长还有一个秘密。\n尽管熟读历史典籍，尽管身戴「蒲公英骑士」之名，尽管成为了深受信赖的代理团长…\n琴，依然十分中意恋爱小说。\n并非因为在训练与勤务中虚度了少女年华，也不是因为父母婚姻有裂痕。\n琴仅仅是向往故事所描绘的两情相悦，向往蛛丝般精妙又脆弱的情感。\n身为骑士，凡事要以蒙德城和西风骑士团为最优先。\n但…\n「如果，我自己也能…」\n深夜的办公室里，琴再一次读完《少女薇拉的忧郁》。\n「要是有时间，去黎明前的誓言岬看看也没关系。没关系吧…」\n琴低下头，在洒满星辉的窗台边偷偷想着。"
      },
      {
        "Title": "琴团长生活作息表·第十七版",
        "Context": "这是一张精细到分钟的作息表。\n从清晨跟安柏一起晨跑并顺路为丽莎购置早饭，到夜间亲手洗衣服并把换洗物件收纳整齐，大小琐事均有条目，可见时间安排得相当紧凑。\n每件做完的事情上都有勾号标记，因外力延误的事项则备注了详细原因。\n在因身体不适未能按时完成的「蒙德城公共设施评审报告」条目后，备注了「凌晨3时已完成，取消本月末的书籍购置奖励。」\n琴有时想，这张表格的灵感来源，或许是十年前母亲为自己绘制的训练表。"
      },
      {
        "Title": "神之眼",
        "Context": "单论实力，琴早已是蒙德城数一数二的剑士。但在琴心中，比起成为一把能够刺穿腐朽与黑暗的利剑，她更愿意做守护歌声与自由的坚盾。\n「维护」向来比「破坏」更难。\n从小队队长晋升为副团长时，出现在琴面前的就是巨大的挑战。外有愚人众施加的邦交压力，内有叛徒——前任督察长的同党。想在如此形势下重振旗鼓开拓局面，并非易事。\n但琴独自扛住了来自外界的压力，引领一众骑士粉碎深渊教团的诸多阴谋，重新为西风骑士团树立威望。\n琴永远不会忘记得到「神之眼」的那一刻。感受着掌间升起的微风，顷刻间，四周沉寂下来，空间化作黑白，唯有古恩希尔德家族古老而严厉的家训浮现在她脑海之中。\n「永护蒙德。」"
      }
    ]
  },
  "Costumes": [
    {
      "Id": 200301,
      "Name": "海风之梦",
      "Description": "琴的夏日装束。清凉而不失优雅，是海滨之游的绝佳搭配。",
      "IsDefault": false,
      "FrontIcon": "UI_AvatarIcon_QinCostumeSea",
      "SideIcon": "UI_AvatarIcon_Side_QinCostumeSea"
    },
    {
      "Id": 200302,
      "Name": "古恩希尔德的传承",
      "Description": "琴的装扮款式。典雅干练的骑士礼服，适用于多种场合。",
      "IsDefault": false,
      "FrontIcon": "UI_AvatarIcon_QinCostumeWic",
      "SideIcon": "UI_AvatarIcon_Side_QinCostumeWic"
    },
    {
      "Id": 200300,
      "Name": "风之虔护",
      "Description": "琴的装扮款式。彰显骑士风度的利落装束。",
      "IsDefault": true
    }
  ],
  "CultivationItems": [
    104154,
    113001,
    100057,
    112007,
    104306,
    113003
  ],
  "NameCard": {
    "Name": "琴·风向",
    "Description": "名片纹饰。\n蒲公英又被叫做「狮子牙」，是对于风的方向感觉最敏锐的花。",
    "Icon": "UI_NameCardIcon_Qin",
    "PicturePrefix": "UI_NameCardPic_Qin"
  }
}