{
  "Id": 10000015,
  "PromoteId": 15,
  "Sort": 22,
  "Body": 4,
  "Icon": "UI_AvatarIcon_Kaeya",
  "SideIcon": "UI_AvatarIcon_Side_Kaeya",
  "Name": "凯亚",
  "Description": "异国面容的剑斗士，西风骑士团的头脑派人物。",
  "BeginTime": "2020-09-15T04:00:00+08:00",
  "Quality": 4,
  "Weapon": 1,
  "BaseValue": {
    "HpBase": 975.6164,
    "AttackBase": 18.6984,
    "DefenseBase": 66.381
  },
  "GrowCurves": [
    {
      "Type": 1,
      "Value": 22
    },
    {
      "Type": 4,
      "Value": 32
    },
    {
      "Type": 7,
      "Value": 22
    }
  ],
  "SkillDepot": {
    "Arkhe": 0,
    "Skills": [
      {
        "GroupId": 1531,
        "Proud": {
          "Descriptions": [
            "一段伤害|{param1:F1P}",
            "二段伤害|{param2:F1P}",
            "三段伤害|{param3:F1P}",
            "四段伤害|{param4:F1P}",
            "五段伤害|{param5:F1P}",
            "重击伤害|{param6:F1P}+{param7:F1P}",
            "重击体力消耗|{param8:F1}点",
            "下坠期间伤害|{param9:F1P}",
            "低空/高空坠地冲击伤害|{param10:P}/{param11:P}"
          ],
          "Parameters": [
            {
              "Level": 1,
              "Parameters": [
                0.5375,
                0.51686,
                0.65274,
                0.70864,
                0.88236,
                0.5504,
                0.731,
                20,
                0.639324,
                1.278377,
                1.596762
              ]
            },
            {
              "Level": 2,
              "Parameters": [
                0.58125,
                0.55893,
                0.70587,
                0.76632,
                0.95418,
                0.5952,
                0.7905,
                20,
                0.691362,
                1.382431,
                1.726731
              ]
            },
            {
              "Level": 3,
              "Parameters": [
                0.625,
                0.601,
                0.759,
                0.824,
                1.026,
                0.64,
                0.85,
                20,
                0.7434,
                1.486485,
                1.8567
              ]
            },
            {
              "Level": 4,
              "Parameters": [
                0.6875,
                0.6611,
                0.8349,
                0.9064,
                1.1286,
                0.704,
                0.935,
                20,
                0.81774,
                1.635134,
                2.04237
              ]
            },
            {
              "Level": 5,
              "Parameters": [
                0.73125,
                0.70317,
                0.88803,
                0.96408,
                1.20042,
                0.7488,
                0.9945,
                20,
                0.869778,
                1.739187,
                2.172339
              ]
            },
            {
              "Level": 6,
              "Parameters": [
                0.78125,
                0.75125,
                0.94875,
                1.03,
                1.2825,
                0.8,
                1.0625,
                20,
                0.92925,
                1.858106,
                2.320875
              ]
            },
            {
              "Level": 7,
              "Parameters": [
                0.85,
                0.81736,
                1.03224,
                1.12064,
                1.39536,
                0.8704,
                1.156,
                20,
                1.011024,
                2.02162,
                2.525112
              ]
            },
            {
              "Level": 8,
              "Parameters": [
                0.91875,
                0.88347,
                1.11573,
                1.21128,
                1.50822,
                0.9408,
                1.2495,
                20,
                1.092798,
                2.185133,
                2.729349
              ]
            },
            {
              "Level": 9,
              "Parameters": [
                0.9875,
                0.94958,
                1.19922,
                1.30192,
                1.62108,
                1.0112,
                1.343,
                20,
                1.174572,
                2.348646,
                2.933586
              ]
            },
            {
              "Level": 10,
              "Parameters": [
                1.0625,
                1.0217,
                1.2903,
                1.4008,
                1.7442,
                1.088,
                1.445,
                20,
                1.26378,
                2.527025,
                3.15639
              ]
            },
            {
              "Level": 11,
              "Parameters": [
                1.148438,
                1.104337,
                1.394662,
                1.5141,
                1.885275,
                1.176,
                1.561875,
                20,
                1.352988,
                2.705403,
                3.379194
              ]
            },
            {
              "Level": 12,
              "Parameters": [
                1.2495,
                1.201519,
                1.517393,
                1.647341,
                2.051179,
                1.279488,
                1.69932,
                20,
                1.442196,
                2.883781,
                3.601998
              ]
            },
            {
              "Level": 13,
              "Parameters": [
                1.350562,
                1.298701,
                1.640123,
                1.780582,
                2.217083,
                1.382976,
                1.836765,
                20,
                1.531404,
                3.062159,
                3.824802
              ]
            },
            {
              "Level": 14,
              "Parameters": [
                1.451625,
                1.395883,
                1.762853,
                1.913822,
                2.382988,
                1.486464,
                1.97421,
                20,
                1.620612,
                3.240537,
                4.047606
              ]
            },
            {
              "Level": 15,
              "Parameters": [
                1.561875,
                1.501899,
                1.896741,
                2.059176,
                2.563974,
                1.59936,
                2.12415,
                20,
                1.70982,
                3.418915,
                4.27041
              ]
            }
          ]
        },
        "Id": 10073,
        "Name": "普通攻击·仪典剑术",
        "Description": "<color=#FFD780FF>普通攻击</color>\n进行至多五段的连续剑击。\n\n<color=#FFD780FF>重击</color>\n消耗一定体力，瞬间向前方挥出两剑。\n\n<color=#FFD780FF>下落攻击</color>\n从空中下坠冲击地面，攻击下落路径上的敌人，并在落地时造成范围伤害。",
        "Icon": "Skill_A_01"
      },
      {
        "GroupId": 1532,
        "Proud": {
          "Descriptions": [
            "技能伤害|{param1:P}",
            "冷却时间|{param2:F1}秒"
          ],
          "Parameters": [
            {
              "Level": 1,
              "Parameters": [
                1.912,
                6
              ]
            },
            {
              "Level": 2,
              "Parameters": [
                2.0554,
                6
              ]
            },
            {
              "Level": 3,
              "Parameters": [
                2.1988,
                6
              ]
            },
            {
              "Level": 4,
              "Parameters": [
                2.39,
                6
              ]
            },
            {
              "Level": 5,
              "Parameters": [
                2.5334,
                6
              ]
            },
            {
              "Level": 6,
              "Parameters": [
                2.6768,
                6
              ]
            },
            {
              "Level": 7,
              "Parameters": [
                2.868,
                6
              ]
            },
            {
              "Level": 8,
              "Parameters": [
                3.0592,
                6
              ]
            },
            {
              "Level": 9,
              "Parameters": [
                3.2504,
                6
              ]
            },
            {
              "Level": 10,
              "Parameters": [
                3.4416,
                6
              ]
            },
            {
              "Level": 11,
              "Parameters": [
                3.6328,
                6
              ]
            },
            {
              "Level": 12,
              "Parameters": [
                3.824,
                6
              ]
            },
            {
              "Level": 13,
              "Parameters": [
                4.063,
                6
              ]
            },
            {
              "Level": 14,
              "Parameters": [
                4.302,
                6
              ]
            },
            {
              "Level": 15,
              "Parameters": [
                4.541,
                6
              ]
            }
          ]
        },
        "Id": 10074,
        "Name": "霜袭",
        "Description": "瞬间放出急冻的寒气，对前方的敌人造成<color=#99FFFFFF>冰元素伤害</color>。\n\n<i>看上去如此亲切的凯亚，是谁也无法融化的坚冰。</i>",
        "Icon": "Skill_S_Kaeya_01"
      }
    ],
    "EnergySkill": {
      "GroupId": 1539,
      "Proud": {
        "Descriptions": [
          "技能伤害|{param1:F1P}",
          "冷却时间|{param2:F1}秒",
          "持续时间|{param3:F1}秒",
          "元素能量|{param4:I}"
        ],
        "Parameters": [
          {
            "Level": 1,
            "Parameters": [
              0.776,
              15,
              8,
              60
            ]
          },
          {
            "Level": 2,
            "Parameters": [
              0.8342,
              15,
              8,
              60
            ]
          },
          {
            "Level": 3,
            "Parameters": [
              0.8924,
              15,
              8,
              60
            ]
          },
          {
            "Level": 4,
            "Parameters": [
              0.97,
              15,
              8,
              60
            ]
          },
          {
            "Level": 5,
            "Parameters": [
              1.0282,
              15,
              8,
              60
            ]
          },
          {
            "Level": 6,
            "Parameters": [
              1.0864,
              15,
              8,
              60
            ]
          },
          {
            "Level": 7,
            "Parameters": [
              1.164,
              15,
              8,
              60
            ]
          },
          {
            "Level": 8,
            "Parameters": [
              1.2416,
              15,
              8,
              60
            ]
          },
          {
            "Level": 9,
            "Parameters": [
              1.3192,
              15,
              8,
              60
            ]
          },
          {
            "Level": 10,
            "Parameters": [
              1.3968,
              15,
              8,
              60
            ]
          },
          {
            "Level": 11,
            "Parameters": [
              1.4744,
              15,
              8,
              60
            ]
          },
          {
            "Level": 12,
            "Parameters": [
              1.552,
              15,
              8,
              60
            ]
          },
          {
            "Level": 13,
            "Parameters": [
              1.649,
              15,
              8,
              60
            ]
          },
          {
            "Level": 14,
            "Parameters": [
              1.746,
              15,
              8,
              60
            ]
          },
          {
            "Level": 15,
            "Parameters": [
              1.843,
              15,
              8,
              60
            ]
          }
        ]
      },
      "Id": 10075,
      "Name": "凛冽轮舞",
      "Description": "凝聚空气中的寒霜，召唤3枚围绕自身旋转的寒冰之棱。\n存在期间内，寒冰之棱会跟随角色运动，对路径上的敌人造成<color=#99FFFFFF>冰元素伤害</color>。\n\n<i>亲切的笑容、和善的话语，和潜藏在这两者之下的毫不留情的冰霜，都是凯亚的武器。</i>",
      "Icon": "Skill_E_Kaeya_01"
    },
    "Inherents": [
      {
        "GroupId": 1521,
        "Proud": {
          "Descriptions": [],
          "Parameters": [
            {
              "Level": 1,
              "Parameters": []
            }
          ]
        },
        "Id": 152101,
        "Name": "冷血之剑",
        "Description": "<color=#FFD780FF>霜袭</color>每击中一个单位，便为凯亚恢复等同于攻击力15%的生命值。",
        "Icon": "UI_Talent_S_Kaeya_05"
      },
      {
        "GroupId": 1522,
        "Proud": {
          "Descriptions": [],
          "Parameters": [
            {
              "Level": 1,
              "Parameters": []
            }
          ]
        },
        "Id": 152201,
        "Name": "冰渊之心",
        "Description": "<color=#FFD780FF>霜袭</color>使敌人<color=#99FFFFFF>冻结</color>时，被冻结的敌人会掉落额外的元素微粒。\n一次霜袭至多因此产生2个额外元素微粒。",
        "Icon": "UI_Talent_S_Kaeya_06"
      },
      {
        "GroupId": 1523,
        "Proud": {
          "Descriptions": [],
          "Parameters": [
            {
              "Level": 1,
              "Parameters": []
            }
          ]
        },
        "Id": 152301,
        "Name": "隐藏的实力",
        "Description": "队伍中自己的角色冲刺消耗的体力降低20%。\n无法与效果完全相同的固有天赋叠加。",
        "Icon": "UI_Talent_Explosion_Sprint"
      }
    ],
    "Talents": [
      {
        "Id": 151,
        "Name": "卓越的血脉",
        "Description": "对受到<color=#99FFFFFF>冰元素</color>影响的敌人，凯亚的普通攻击与重击暴击率提升15%。",
        "Icon": "UI_Talent_S_Kaeya_01"
      },
      {
        "Id": 152,
        "Name": "无尽的霜舞",
        "Description": "在<color=#FFD780FF>凛冽轮舞</color>的持续时间内击败敌人时，持续时间延长2.5秒，最多不会超过15秒。",
        "Icon": "UI_Talent_S_Kaeya_02"
      },
      {
        "Id": 153,
        "Name": "凛冽的冰戏",
        "Description": "<color=#FFD780FF>霜袭</color>的技能等级提高3级。\n至多提升至15级。",
        "Icon": "UI_Talent_U_Kaeya_01",
        "ExtraLevel": {
          "Index": 2,
          "Level": 3
        }
      },
      {
        "Id": 154,
        "Name": "极寒的轻吻",
        "Description": "凯亚的生命值低于20%时自动触发：\n生成一个伤害吸收量等于生命值上限30%的护盾，持续20秒。\n该护盾对<color=#99FFFFFF>冰元素伤害</color>有250%的吸收效果。\n该效果每60秒只能触发一次。",
        "Icon": "UI_Talent_S_Kaeya_03"
      },
      {
        "Id": 155,
        "Name": "至冷的拥抱",
        "Description": "<color=#FFD780FF>凛冽轮舞</color>的技能等级提高3级。\n至多提升至15级。",
        "Icon": "UI_Talent_U_Kaeya_02",
        "ExtraLevel": {
          "Index": 9,
          "Level": 3
        }
      },
      {
        "Id": 156,
        "Name": "轮旋的冰凌",
        "Description": "<color=#FFD780FF>凛冽轮舞</color>会产生一个额外的寒冰之棱，并在施放时返还15点元素能量。",
        "Icon": "UI_Talent_S_Kaeya_04"
      }
    ]
  },
  "FetterInfo": {
    "Title": "寒风剑士",
    "Detail": "异国面容的剑斗士，西风骑士团的头脑派人物。",
    "Association": 1,
    "Native": "西风骑士团",
    "BirthMonth": 11,
    "BirthDay": 30,
    "VisionBefore": "冰",
    "ConstellationBefore": "孔雀羽座",
    "CvChinese": "孙晔",
    "CvJapanese": "鸟海浩辅",
    "CvEnglish": "乔西·蒙塔纳·麦科伊",
    "CvKorean": "郑周元",
    "CookBonus": {
      "OriginItemId": 108012,
      "ItemId": 108014,
      "InputList": [
        100011,
        100064
      ]
    },
    "Fetters": [
      {
        "Title": "初次见面…",
        "Context": "西风骑士团，凯亚。请让我与你同行吧。比起团里的差事，还是做你的护卫要有趣得多。"
      },
      {
        "Title": "闲聊·无所事事",
        "Context": "没想到你也知道忙里偷闲。"
      },
      {
        "Title": "闲聊·骑士团",
        "Context": "骑士团的战友们已经忙得不可开交了吧，哼哼。"
      },
      {
        "Title": "闲聊·懒散",
        "Context": "逗留够久了吧，再不活动活动筋骨，要长出蘑菇来了。"
      },
      {
        "Title": "下雨的时候…",
        "Context": "这雨天里，冰冻的力量会更强吧，有趣。"
      },
      {
        "Title": "下雪的时候·逸闻",
        "Context": "呼…趁着这雪天，跟你讲一个鬼故事吧。"
      },
      {
        "Title": "下雪的时候·寒冷",
        "Context": "怎么，你怕冷？"
      },
      {
        "Title": "起风的时候…",
        "Context": "真是和平啊，可又能持续多久呢？"
      },
      {
        "Title": "早上好…",
        "Context": "享受这一天吧。"
      },
      {
        "Title": "中午好…",
        "Context": "哟，要不要一起去酒馆坐坐。"
      },
      {
        "Title": "晚上好…",
        "Context": "你该不会怕黑吧？哦？那我…可找到新素材了。"
      },
      {
        "Title": "晚安…",
        "Context": "这就要走了吗。那就下回见了，别让我等太久啊。"
      },
      {
        "Title": "关于凯亚自己…",
        "Context": "你最近有没有被深渊教团找麻烦？有什么心烦的可以跟我聊聊。"
      },
      {
        "Title": "关于我们·雇佣关系",
        "Context": "需要我的时候就派我上场吧，别谈那些雇佣关系了。"
      },
      {
        "Title": "关于我们·实力",
        "Context": "哦？既然这么在意我们之间的雇佣关系，就多使唤我一点吧，老大？哼哼，可别被我的真正实力吓到哦。"
      },
      {
        "Title": "关于「神之眼」…",
        "Context": "不明白「神之眼」的原理？嗯…我想想，给你打个比方吧。引导视线的器官是眼睛，而引导元素力的器官是「神之眼」。这样就很简单了吧。"
      },
      {
        "Title": "有什么想要分享…",
        "Context": "你喜欢酒吗？蒲公英酒的口感就很特别。什么？还没到喝酒的年纪？呵呵，那试一试蒙德的苹果酿吧，我知道一家还算不错的店。"
      },
      {
        "Title": "感兴趣的见闻…",
        "Context": "你见过龙脊雪山的猫头鹰么？和它对视的时候，它好像看穿了你，而你却完全参不透它…很迷人的家伙，不是吗？"
      },
      {
        "Title": "关于琴…",
        "Context": "哦？代理团长大人，你可要多多支持她。"
      },
      {
        "Title": "关于丽莎…",
        "Context": "丽莎啊…你千万记得要准时还书哦？上次因为这事儿惹她生了气，直到现在我左手的尺骨还是麻麻的。"
      },
      {
        "Title": "关于安柏…",
        "Context": "侦察骑士是个机灵又正义的好骑士。可千万别在她面前做坏事喔。"
      },
      {
        "Title": "关于迪卢克…",
        "Context": "迪卢克？小时候的他挺可爱的。可如今却活在自己的世界里…总之是个无趣的家伙。"
      },
      {
        "Title": "关于可莉…",
        "Context": "可莉，看来还是没有掌握躲避代理团长检查的技巧啊，明明我已经点拨过她…哈哈，我说着玩玩的，你可别去揭发我哦。"
      },
      {
        "Title": "关于阿贝多…",
        "Context": "阿贝多啊，沉稳优雅的小帅哥，而且才华横溢，是很讨人喜欢的类型。怎么，你也心动了？"
      },
      {
        "Title": "关于迪奥娜…",
        "Context": "你也尝过了迪奥娜调的酒？还没到喝酒的年纪呐。哈哈，哎呀，可惜，真是可惜，这种快乐无法跟你共享。呵呵，只能期待你早点长大喽。"
      },
      {
        "Title": "关于法尔伽…",
        "Context": "说来可惜，现在的西风骑士团里，根本没人继承大团长的行事作风。唉…我个人倒还挺欣赏那种的。"
      },
      {
        "Title": "关于菲谢尔…",
        "Context": "什么？你说菲谢尔遮起一只眼睛的神秘样子，的确很符合「断罪皇女」的形象？哈哈哈，按照这个规律，我至少也得是个末代皇族后裔，对吧？"
      },
      {
        "Title": "关于诺艾尔…",
        "Context": "我受代理团长大人所托，暗中照顾这位后辈。不过她很懂事，不需要我操太多心。真是令人欣慰。"
      },
      {
        "Title": "关于罗莎莉亚…",
        "Context": "啊哈哈，你想知道罗莎莉亚修女的秘密吗？这个不能说。不过我对她印象还不错，比某人好多了。她能够诚实地面对自己。烂事就是烂事，提不起干劲就是提不起干劲。"
      },
      {
        "Title": "关于砂糖…",
        "Context": "别看砂糖文静又内向，据说，她在实验室里，收藏了很多特别的东西哦，很刺激，又很…露骨的那种。嗯？你问我？…我像是会偷看女孩子房间的人吗？"
      },
      {
        "Title": "关于柯莱…",
        "Context": "嗯，柯莱？真是个怀念的名字，你可找对人了！我来告诉你过去发生的事情吧，干脆从头说起——保证原汁原味！"
      },
      {
        "Title": "关于米卡…",
        "Context": "刚开始接触那会儿，我看米卡容易紧张，就跟他开了一点无关痛痒的小玩笑。哪知他更紧张了，连笑都笑得很僵硬…最后还特意写信道歉。欸，这种单纯老实的品质，难道是施密特家族的遗传？"
      },
      {
        "Title": "想要了解凯亚·其一",
        "Context": "骑兵队长的头衔可没什么了不起的。说起来，蒙德城的骑兵都被大团长带走了。呵呵。"
      },
      {
        "Title": "想要了解凯亚·其二",
        "Context": "其实西风骑士团一共有十位队长。但不是所有人都有队长级的实力。"
      },
      {
        "Title": "想要了解凯亚·其三",
        "Context": "我的眼睛？我的眼睛没事。想把身体的某些部分遮起来是很平常的事儿吧？衣服和裤子也是一个道理。"
      },
      {
        "Title": "想要了解凯亚·其四",
        "Context": "坎瑞亚？哦，你知道的真多。坎瑞亚的荣耀早已不在，剩下的如今都已沦为罪人，又何必再提起他们。"
      },
      {
        "Title": "想要了解凯亚·其五",
        "Context": "原来我们已经相遇这么久了。跟你一起旅行，大概是我这辈子遇上的最有趣的事儿了，今后可别让我失望哦。"
      },
      {
        "Title": "凯亚的爱好…",
        "Context": "品酒也是一种艺术，蒙德的酒是风神的恩赐，懂得好好品味才不会浪费了这份幸运。"
      },
      {
        "Title": "凯亚的烦恼…",
        "Context": "孤独？怎么会，现在不就有人在我身边唠叨么。"
      },
      {
        "Title": "喜欢的食物…",
        "Context": "蒙德特酿的起泡白葡萄酒，兑上三份蒲公英酒，苦味会被完美中和，这种酒名叫「午后之死」。美味。"
      },
      {
        "Title": "讨厌的食物…",
        "Context": "居然有人直接把葡萄汁拿来喝，明明只需少许时日就能变成佳酿的…啧，真是不懂浪漫。"
      },
      {
        "Title": "收到赠礼·其一",
        "Context": "哦！这味道好棒，看不出来，你真有两下子啊。"
      },
      {
        "Title": "收到赠礼·其二",
        "Context": "配上美酒，会变得更美味吧。"
      },
      {
        "Title": "收到赠礼·其三",
        "Context": "放心，我只是吃得慢了一点，我会好好吃完的。"
      },
      {
        "Title": "生日…",
        "Context": "值得庆贺的日子，祝你今天能得到真正的快乐。"
      },
      {
        "Title": "突破的感受·起",
        "Context": "嚯，你也有两下子嘛。"
      },
      {
        "Title": "突破的感受·承",
        "Context": "你好像一直都很照顾我嘛。谢啦。"
      },
      {
        "Title": "突破的感受·转",
        "Context": "力量又增强了啊…我说，你那是什么眼神，怎么感觉比我还兴奋。"
      },
      {
        "Title": "突破的感受·合",
        "Context": "本来只是同行，没想到你居然为我做到这一步…看来我也必须好好回应你才行呢。继续我们的旅程吧，挚友，是时候认真起来了。"
      },
      {
        "Title": "元素战技·其一",
        "Context": "老实点！"
      },
      {
        "Title": "元素战技·其二",
        "Context": "冻结吧！"
      },
      {
        "Title": "元素战技·其三",
        "Context": "这个如何？"
      },
      {
        "Title": "元素爆发·其一",
        "Context": "小心着凉。"
      },
      {
        "Title": "元素爆发·其二",
        "Context": "抱歉哦。"
      },
      {
        "Title": "元素爆发·其三",
        "Context": "…这刹那，将是你的永恒。"
      },
      {
        "Title": "冲刺开始·其一",
        "Context": "真是急性子啊你。"
      },
      {
        "Title": "冲刺结束·其一",
        "Context": "呼，哈哈。"
      },
      {
        "Title": "打开风之翼·其一",
        "Context": "起风了。"
      },
      {
        "Title": "打开宝箱·其一",
        "Context": "运气还不错！"
      },
      {
        "Title": "打开宝箱·其二",
        "Context": "挺有趣的。"
      },
      {
        "Title": "打开宝箱·其三",
        "Context": "哈哈，真有乐子。"
      },
      {
        "Title": "生命值低·其一",
        "Context": "看来该认真了。"
      },
      {
        "Title": "生命值低·其二",
        "Context": "似乎变得无聊了…"
      },
      {
        "Title": "生命值低·其三",
        "Context": "麻烦的家伙…"
      },
      {
        "Title": "同伴生命值低·其一",
        "Context": "让我帮你吧，记得欠我一个人情。"
      },
      {
        "Title": "同伴生命值低·其二",
        "Context": "喂，命丢了可就不好玩了。"
      },
      {
        "Title": "倒下·其一",
        "Context": "还没尽…兴…"
      },
      {
        "Title": "倒下·其二",
        "Context": "哼，意料之外…"
      },
      {
        "Title": "倒下·其三",
        "Context": "太难看了。"
      },
      {
        "Title": "重受击·其一",
        "Context": "可恶…"
      },
      {
        "Title": "重受击·其二",
        "Context": "适可而止。"
      },
      {
        "Title": "加入队伍·其一",
        "Context": "真期待啊。"
      },
      {
        "Title": "加入队伍·其二",
        "Context": "去找点乐子吧。"
      },
      {
        "Title": "加入队伍·其三",
        "Context": "早就准备好喽。"
      }
    ],
    "FetterStories": [
      {
        "Title": "角色详细",
        "Context": "凯亚·亚尔伯里奇，酒业大亨「莱艮芬德」家的义子。\n他已很久没有称呼迪卢克·莱艮芬德为「义兄」了。\n目前他担任西风骑士团的骑兵队长，是一位可靠的行动派、深得琴信任的人物。\n在蒙德这座城邦的范围之内，但凡发生了什么突发事件，凯亚总会是那个收尾善后的人。"
      },
      {
        "Title": "角色故事1",
        "Context": "说来有趣，最容易遇到这位骑兵队长的地方不是骑士团总部，而是夜色中的酒馆。\n凯亚时常独自坐在吧台前，掂着蒙德著名的调制酒「午后之死」，与好酒的蒙德市民们攀谈。\n他在蒙德的酒客与年长者中格外受欢迎，甚至有着「最值得托付外孙女的男人」之名。\n一边戏谑调侃，一边慢品美酒，如此亲切的男性，让人很难把他跟西风骑士团骑兵队长一职联系起来。\n与凯亚插科打诨的人中，既有醺醉的猎人，也有嗜酒的贼徒。但无论来客警惕心多强，都会在凯亚巧妙的诱导下吐露真言。\n至于之后的事，到底是一场脱离控制的噩梦，还是漫漫长夜中又一个无伤大雅的玩笑，恐怕要取决于这位酒友不小心说漏嘴的内容了。\n「每个人都有自己的秘密，但不是每个人都懂得该怎么对待它。」\n带着令人有些恼火的微笑，凯亚这样说道。"
      },
      {
        "Title": "角色故事2",
        "Context": "「正义并非绝对的原则，而是武力与计谋的精妙平衡所铸就的结果。至于过程如何…无需太为难自己。」\n在大团长法尔伽面前，凯亚曾说过这样的话。\n只要结果合乎期待，凯亚并不在乎事情以什么方式结束。\n这种原则缔造了他不拘一格的行事方式，以及随意而为的人生态度。\n正如「午后之死」那随性肆意的暴烈口感一般。\n不过，肆意的行事风格也为他招来许多非议。\n曾有一次，为逼盗贼首领与他正面作战，凯亚故意触发远古的遗迹守卫。这一举动精准封锁住对手退路，同时也让凯亚和同僚陷入危险。\n每当这种时刻，一向信任他的代理团长琴也会摇头。\n但凯亚毫不在意。不如说，他人被迫作出选择的窘迫模样，甚至能让他觉得享受——\n他乐于捕捉同伴选择共战时一闪而过的犹豫，也乐于欣赏敌人背水一战前竭力遮掩的恐惧。"
      },
      {
        "Title": "角色故事3",
        "Context": "历史悠久的酿酒业为蒙德带来财富，蒙德的富庶又引来贪婪的盗贼与寻巢的魔物。\n这些游荡在阴影中的祸患不仅来源繁杂，聚集的理由也多种多样。\n为了抵御侵扰蒙德的盗匪与魔物，凯亚不只以他的剑，也以他的头脑和幽默感制服敌人。\n有年轻骑士花费数年时间总结其中的规律，最终得出一个令他目瞪口呆的结论——\n如果名酒「午后之死」不在供应期，城内外的袭扰报告便会随之骤减，直到…直到下一轮新酒上市？\n忐忑的年轻骑士将报告交给擅长情报工作的骑兵队长凯亚，希望从他那里得到一些建议。\n面对骑士忐忑的表情，凯亚带着怪异的微笑回应：「想法不错，我会纳入参考。」"
      },
      {
        "Title": "角色故事4",
        "Context": "一般而言，凯亚是个相当健谈的人。唯独对过去的经历，他讳莫如深。\n哪怕大团长要求他详述出身，他也不愿细谈旧事，而是用圆滑的说法，近乎敷衍地带过身世：\n「十几年前，夏末的午后，父亲带着我经过晨曦酒庄。」\n「『我去买几瓶葡萄汁，路上消渴。』我记得他是这样说的。但他走后，再也没有回来。」\n「如果不是克利普斯老爷向我伸出慈悲之手，或许，我就熬不过当晚那场暴雨了。」\n看似合乎情理的平淡叙述，却是精心掩藏了真相的谎言。\n凯亚不曾说起过，那个午后真正的故事——\n「这是你的机会，你是我们最后的希望。」\n亲生父亲捏紧凯亚单薄的肩头，视线越过他，望向了更远的地方。\n地平线另一头，有着父子俩遥远的故乡坎瑞亚。\n凯亚从未忘记那混杂着憎恨与希冀的眼神。"
      },
      {
        "Title": "角色故事5",
        "Context": "许多市民仍记得若干年前蒙德城中最惹眼的两位少年。\n一位是无可挑剔的年轻绅士迪卢克。他是手执长剑的优雅剑士，有着友善的笑容与自信的身姿。\n另一位是异国面容的庶务长凯亚。他是迪卢克的好友、助战者与「头脑」，为迪卢克的一切战斗扫尾洗尘。\n他们配合默契，从不失手，如同一对心智相通的双子，从明处和暗处守护着蒙德的安全。\n…直到凯亚记忆深处那个阴沉的日子，迪卢克护送的车队在森林中遭到巨大魔物袭击。\n那是凯亚第一次也是唯一一次失手。\n纵使快马加鞭，他赶到时，局势也已经无法挽回。\n他与迪卢克共同的「父亲」操纵着来历不明的不详力量击退魔物，随即被力量反噬，死于非命。\n凯亚和迪卢克都被眼前这一幕震惊，失去了骑士应有的冷静。\n「原来克利普斯老爷这样的人物，也会委身于危险的邪力。」\n险恶的念头闪过脑海，凯亚却报以微笑——\n「这样的世界，真是…有趣。」\n共同的「父亲」倒在了血泊之中。两位少年在这一夜走上分歧的道路。"
      },
      {
        "Title": "一份名单",
        "Context": "一份写在骑士团公文纸上的名单，夹在《安杰洛斯探案集》的书页间。\n上面清晰地记载着蒙德的市井盗匪，游荡于城外的盗贼，佣兵和盗宝团中层以上人员的组织地位、游荡范围，以及详尽的个人信息。\n其中有十几个名字被打了圈，旁边标注着「免得太无聊」。\n凯亚对这份名单的评论是「喝醉了，写着玩的。」\n你隐约觉得凯亚是故意让你看到这份名单的，但你没有证据。"
      },
      {
        "Title": "神之眼",
        "Context": "凯亚·亚尔伯里奇得到「神之眼」那晚，蒙德下着滂沱大雨。\n这天下午，克利普斯·莱艮芬德强行使用邪力，遭到「邪眼」的反噬。为使父亲解脱，迪卢克·莱艮芬德亲手杀死了他。\n身为养子的凯亚始终陪在一旁，却无法真正融入这场父子惨剧。\n当夜，如同悼念克利普斯一般，蒙德下起了暴雨。\n凯亚有着不为人知的一面——他是坎瑞亚安插在蒙德的棋子，理应为坎瑞亚效力。为了这份使命，他被生父毅然抛弃在异国。那时向他敞开怀抱的，正是克利普斯与蒙德。\n如果坎瑞亚与蒙德发生战争，他应该站在哪一边？狠心舍弃他的生父与收留抚养他的养父，他应该帮助谁？\n长久以来，凯亚都为无解的困境感到痛苦。对不露真心的他来说，忠诚与使命、真诚与幸福从来不能兼得。\n而克利普斯之死打破了天平的平衡。凯亚因而感到解脱，又为这份自私感到羞愧。作为养子，他本该救下克利普斯，却来晚一步；作为义弟，他理应帮迪卢克分担痛苦，却躲在兄弟背后，思考着那个古老的阴谋。\n出于罪恶感，凯亚敲响了迪卢克的房门。倾盆大雨掩去谎言的气味，秘密在这一夜被和盘托出。\n凯亚早已料到迪卢克会愤怒。兄弟二人拔剑相向，他却觉得，这是说谎者应得的惩罚。\n可当他们缠斗在一起，凯亚第一次感到强大的元素力在他身体中迸发。多年来，他始终将自己藏在迪卢克的光辉之下，这是第一次，他用真实的自己面对义兄。\n冰冷、脆弱的元素之力，沿剑尖涌向迪卢克的火焰。红与蓝碰撞，爆出惊人的飓风。凯亚的「神之眼」，便是在此刻悄然降临。\n那天之后，凯亚与义兄之间起了些变化。但他绝口不提，就像他也不会交代「神之眼」的来历。\n即使它是全力一战的纪念，是向亲人吐露真心换来的结果，他仍将之看作警示，余生每一天都背负着谎言的重量而活。"
      }
    ]
  },
  "Costumes": [
    {
      "Id": 201501,
      "Name": "帆影游风",
      "Description": "凯亚在舞台上饰演「短刀大盗」时的装扮，以「吸睛」为设计原则的华丽服装。不过衣服穿起来并不麻烦，最花时间打理的是饰品与短刀。",
      "IsDefault": false,
      "FrontIcon": "UI_AvatarIcon_KaeyaCostumeDancer",
      "SideIcon": "UI_AvatarIcon_Side_KaeyaCostumeDancer"
    },
    {
      "Id": 201500,
      "Name": "冰上飞羽",
      "Description": "凯亚的装扮款式。以幽蓝色皮毛装饰衣领的潇洒衣装。",
      "IsDefault": true
    }
  ],
  "CultivationItems": [
    104164,
    113010,
    100056,
    112037,
    104309,
    113008
  ],
  "NameCard": {
    "Name": "凯亚·孔雀",
    "Description": "名片纹饰。\n孔雀漂亮尾羽上的花纹很像是永不闭上的眼睛。所以凯亚并非少了一只眼睛，而是…",
    "Icon": "UI_NameCardIcon_Kaeya",
    "PicturePrefix": "UI_NameCardPic_Kaeya"
  }
}