{
  "Id": 10000068,
  "PromoteId": 68,
  "Sort": 53,
  "Body": 5,
  "Icon": "UI_AvatarIcon_Dori",
  "SideIcon": "UI_AvatarIcon_Side_Dori",
  "Name": "多莉",
  "Description": "神出鬼没的旅行百货商人，最喜欢亮闪闪的摩拉。",
  "BeginTime": "2022-09-09T18:00:00+08:00",
  "Quality": 4,
  "Weapon": 11,
  "BaseValue": {
    "HpBase": 1039.4418,
    "AttackBase": 18.6984,
    "DefenseBase": 60.6585
  },
  "GrowCurves": [
    {
      "Type": 1,
      "Value": 22
    },
    {
      "Type": 4,
      "Value": 32
    },
    {
      "Type": 7,
      "Value": 22
    }
  ],
  "SkillDepot": {
    "Arkhe": 0,
    "Skills": [
      {
        "GroupId": 6831,
        "Proud": {
          "Descriptions": [
            "一段伤害|{param1:F1P}",
            "二段伤害|{param2:F1P}+{param3:F1P}",
            "三段伤害|{param4:F1P}",
            "重击循环伤害|{param5:F1P}",
            "重击终结伤害|{param6:P}",
            "重击体力消耗|每秒{param7:F1}点",
            "最大持续时间|{param8:F1}秒",
            "下坠期间伤害|{param9:F1P}",
            "低空/高空坠地冲击伤害|{param10:P}/{param11:P}"
          ],
          "Parameters": [
            {
              "Level": 1,
              "Parameters": [
                0.90214,
                0.410736,
                0.431204,
                1.28398,
                0.625455,
                1.1309,
                40,
                5,
                0.745878,
                1.49144,
                1.862889
              ]
            },
            {
              "Level": 2,
              "Parameters": [
                0.97557,
                0.444168,
                0.466302,
                1.38849,
                0.676364,
                1.22295,
                40,
                5,
                0.806589,
                1.612836,
                2.01452
              ]
            },
            {
              "Level": 3,
              "Parameters": [
                1.049,
                0.4776,
                0.5014,
                1.493,
                0.727273,
                1.315,
                40,
                5,
                0.8673,
                1.734233,
                2.16615
              ]
            },
            {
              "Level": 4,
              "Parameters": [
                1.1539,
                0.52536,
                0.55154,
                1.6423,
                0.8,
                1.4465,
                40,
                5,
                0.95403,
                1.907656,
                2.382765
              ]
            },
            {
              "Level": 5,
              "Parameters": [
                1.22733,
                0.558792,
                0.586638,
                1.74681,
                0.850909,
                1.53855,
                40,
                5,
                1.014741,
                2.029052,
                2.534396
              ]
            },
            {
              "Level": 6,
              "Parameters": [
                1.31125,
                0.597,
                0.62675,
                1.86625,
                0.909091,
                1.64375,
                40,
                5,
                1.084125,
                2.167791,
                2.707688
              ]
            },
            {
              "Level": 7,
              "Parameters": [
                1.42664,
                0.649536,
                0.681904,
                2.03048,
                0.989091,
                1.7884,
                40,
                5,
                1.179528,
                2.358556,
                2.945964
              ]
            },
            {
              "Level": 8,
              "Parameters": [
                1.54203,
                0.702072,
                0.737058,
                2.19471,
                1.069091,
                1.93305,
                40,
                5,
                1.274931,
                2.549322,
                3.184241
              ]
            },
            {
              "Level": 9,
              "Parameters": [
                1.65742,
                0.754608,
                0.792212,
                2.35894,
                1.149091,
                2.0777,
                40,
                5,
                1.370334,
                2.740087,
                3.422517
              ]
            },
            {
              "Level": 10,
              "Parameters": [
                1.7833,
                0.81192,
                0.85238,
                2.5381,
                1.236364,
                2.2355,
                40,
                5,
                1.47441,
                2.948195,
                3.682455
              ]
            },
            {
              "Level": 11,
              "Parameters": [
                1.90918,
                0.869232,
                0.912548,
                2.71726,
                1.336364,
                2.416313,
                40,
                5,
                1.578486,
                3.156303,
                3.942393
              ]
            },
            {
              "Level": 12,
              "Parameters": [
                2.03506,
                0.926544,
                0.972716,
                2.89642,
                1.453964,
                2.628948,
                40,
                5,
                1.682562,
                3.364411,
                4.202331
              ]
            },
            {
              "Level": 13,
              "Parameters": [
                2.16094,
                0.983856,
                1.032884,
                3.07558,
                1.571564,
                2.841584,
                40,
                5,
                1.786638,
                3.572519,
                4.462269
              ]
            },
            {
              "Level": 14,
              "Parameters": [
                2.28682,
                1.041168,
                1.093052,
                3.25474,
                1.689164,
                3.054219,
                40,
                5,
                1.890714,
                3.780627,
                4.722207
              ]
            },
            {
              "Level": 15,
              "Parameters": [
                2.4127,
                1.09848,
                1.15322,
                3.4339,
                1.817455,
                3.286185,
                40,
                5,
                1.99479,
                3.988735,
                4.982145
              ]
            }
          ]
        },
        "Id": 10681,
        "Name": "普通攻击·妙显剑舞·改",
        "Description": "<color=#FFD780FF>普通攻击</color>\n进行至多三段的连续挥砍。\n\n<color=#FFD780FF>重击</color>\n持续消耗体力，旋转大剑攻击周围的敌人。\n停止旋转时，会进行一次格外有力的挥砍。\n\n<color=#FFD780FF>下落攻击</color>\n从空中下坠冲击地面，攻击下落路径上的敌人，并在落地时造成范围伤害。",
        "Icon": "Skill_A_04"
      },
      {
        "GroupId": 6832,
        "Proud": {
          "Descriptions": [
            "断除烦恼炮伤害|{param1:F1P}",
            "售后服务弹伤害|{param2:F1P}",
            "冷却时间|{param3:F1}秒"
          ],
          "Parameters": [
            {
              "Level": 1,
              "Parameters": [
                1.4728,
                0.3156,
                9
              ]
            },
            {
              "Level": 2,
              "Parameters": [
                1.58326,
                0.33927,
                9
              ]
            },
            {
              "Level": 3,
              "Parameters": [
                1.69372,
                0.36294,
                9
              ]
            },
            {
              "Level": 4,
              "Parameters": [
                1.841,
                0.3945,
                9
              ]
            },
            {
              "Level": 5,
              "Parameters": [
                1.95146,
                0.41817,
                9
              ]
            },
            {
              "Level": 6,
              "Parameters": [
                2.06192,
                0.44184,
                9
              ]
            },
            {
              "Level": 7,
              "Parameters": [
                2.2092,
                0.4734,
                9
              ]
            },
            {
              "Level": 8,
              "Parameters": [
                2.35648,
                0.50496,
                9
              ]
            },
            {
              "Level": 9,
              "Parameters": [
                2.50376,
                0.53652,
                9
              ]
            },
            {
              "Level": 10,
              "Parameters": [
                2.65104,
                0.56808,
                9
              ]
            },
            {
              "Level": 11,
              "Parameters": [
                2.79832,
                0.59964,
                9
              ]
            },
            {
              "Level": 12,
              "Parameters": [
                2.9456,
                0.6312,
                9
              ]
            },
            {
              "Level": 13,
              "Parameters": [
                3.1297,
                0.67065,
                9
              ]
            },
            {
              "Level": 14,
              "Parameters": [
                3.3138,
                0.7101,
                9
              ]
            },
            {
              "Level": 15,
              "Parameters": [
                3.4979,
                0.74955,
                9
              ]
            }
          ]
        },
        "Id": 10682,
        "Name": "镇灵之灯·烦恼解决炮",
        "Description": "示意镇灵之灯向敌人发射断除烦恼炮，造成<color=#FFACFFFF>雷元素伤害</color>。\n断除烦恼炮命中后，将会产生2枚能自行追踪附近敌人的售后服务弹，造成<color=#FFACFFFF>雷元素伤害</color>。\n\n<i>据说，无论想要解决什么样的烦恼，只要出价足够合适，多莉都能办得到。</i>",
        "Icon": "Skill_S_Dori_01"
      }
    ],
    "EnergySkill": {
      "GroupId": 6839,
      "Proud": {
        "Descriptions": [
          "连接伤害|{param1:P}",
          "持续治疗量|{param2:F1P}生命值上限+{param3:I}",
          "元素能量恢复|{param4:F1}",
          "持续时间|{param5:F1}秒",
          "冷却时间|{param6:F1}秒",
          "元素能量|{param7:I}"
        ],
        "Parameters": [
          {
            "Level": 1,
            "Parameters": [
              0.158824,
              0.0667,
              641.97955,
              1.6,
              12,
              20,
              80
            ]
          },
          {
            "Level": 2,
            "Parameters": [
              0.170736,
              0.071702,
              706.18646,
              1.7,
              12,
              20,
              80
            ]
          },
          {
            "Level": 3,
            "Parameters": [
              0.182648,
              0.076705,
              775.7439,
              1.8,
              12,
              20,
              80
            ]
          },
          {
            "Level": 4,
            "Parameters": [
              0.19853,
              0.083375,
              850.6519,
              1.9,
              12,
              20,
              80
            ]
          },
          {
            "Level": 5,
            "Parameters": [
              0.210442,
              0.088377,
              930.9105,
              2,
              12,
              20,
              80
            ]
          },
          {
            "Level": 6,
            "Parameters": [
              0.222354,
              0.09338,
              1016.5197,
              2.1,
              12,
              20,
              80
            ]
          },
          {
            "Level": 7,
            "Parameters": [
              0.238236,
              0.10005,
              1107.4795,
              2.2,
              12,
              20,
              80
            ]
          },
          {
            "Level": 8,
            "Parameters": [
              0.254118,
              0.10672,
              1203.7898,
              2.3,
              12,
              20,
              80
            ]
          },
          {
            "Level": 9,
            "Parameters": [
              0.270001,
              0.11339,
              1305.4507,
              2.4,
              12,
              20,
              80
            ]
          },
          {
            "Level": 10,
            "Parameters": [
              0.285883,
              0.12006,
              1412.4622,
              2.5,
              12,
              20,
              80
            ]
          },
          {
            "Level": 11,
            "Parameters": [
              0.301766,
              0.12673,
              1524.8242,
              2.5,
              12,
              20,
              80
            ]
          },
          {
            "Level": 12,
            "Parameters": [
              0.317648,
              0.1334,
              1642.5369,
              2.5,
              12,
              20,
              80
            ]
          },
          {
            "Level": 13,
            "Parameters": [
              0.337501,
              0.141737,
              1765.6,
              2.5,
              12,
              20,
              80
            ]
          },
          {
            "Level": 14,
            "Parameters": [
              0.357354,
              0.150075,
              1894.0138,
              2.5,
              12,
              20,
              80
            ]
          },
          {
            "Level": 15,
            "Parameters": [
              0.377207,
              0.158412,
              2027.7781,
              2.5,
              12,
              20,
              80
            ]
          }
        ]
      },
      "Id": 10685,
      "Name": "卡萨扎莱宫的无微不至",
      "Description": "召唤灯中幽精，为顾客提供形形色色的帮助。\n\n<color=#FFD780FF>灯中幽精</color>\n会与附近的角色相连。与灯中幽精相连的角色将会：\n·持续恢复生命值，回复量受益于多莉的生命值上限；\n·持续获得元素能量；\n·处于<color=#FFACFFFF>雷元素附着</color>状态下。\n\n此外，角色与灯中幽精之间的连接触碰敌人时，将每0.4秒对敌人造成一次<color=#FFACFFFF>雷元素伤害</color>。\n\n同时只能存在一个灯中幽精。\n\n<i>「嗯？客人是挑中了这盏灯吗？哎呀…您的品味还真好呢！只不过，这个可是无价之宝。就比如说，不管别人出多少摩拉，客人您也不会把您旁边那个小吉祥物卖出去吧？」</i>",
      "Icon": "Skill_E_Dori_01"
    },
    "Inherents": [
      {
        "GroupId": 6821,
        "Proud": {
          "Descriptions": [],
          "Parameters": [
            {
              "Level": 1,
              "Parameters": [
                1,
                3
              ]
            }
          ]
        },
        "Id": 682101,
        "Name": "披沙沥金",
        "Description": "与<color=#FFD780FF>灯中幽精</color>相连的角色在触发感电、超导、超载、原激化、超激化、超绽放、雷元素扩散或雷元素结晶反应后，<color=#FFD780FF>镇灵之灯·烦恼解决炮</color>的冷却时间缩短1秒。\n该效果每3秒至多触发一次。",
        "Icon": "UI_Talent_S_Dori_05"
      },
      {
        "GroupId": 6822,
        "Proud": {
          "Descriptions": [],
          "Parameters": [
            {
              "Level": 1,
              "Parameters": [
                5,
                15
              ]
            }
          ]
        },
        "Id": 682201,
        "Name": "利上加利",
        "Description": "<color=#FFD780FF>镇灵之灯·烦恼解决炮</color>的断除烦恼炮或售后服务弹命中敌人时，基于多莉的元素充能效率，每100%为多莉恢复5点元素能量。\n每次施放镇灵之灯·烦恼解决炮只能通过这种方式恢复一次元素能量，并至多恢复15点元素能量。",
        "Icon": "UI_Talent_S_Dori_06"
      },
      {
        "GroupId": 6823,
        "Proud": {
          "Descriptions": [],
          "Parameters": [
            {
              "Level": 1,
              "Parameters": []
            }
          ]
        },
        "Id": 682301,
        "Name": "意外订单",
        "Description": "合成角色与武器培养素材时，有25%的概率返还部分合成材料。",
        "Icon": "UI_Talent_S_Dori_07"
      }
    ],
    "Talents": [
      {
        "Id": 681,
        "Name": "追加投资",
        "Description": "<color=#FFD780FF>断除烦恼炮</color>命中后产生的售后服务弹增加1枚。",
        "Icon": "UI_Talent_S_Dori_01"
      },
      {
        "Id": 682,
        "Name": "特许经营",
        "Description": "在战斗状态中，当<color=#FFD780FF>灯中幽精</color>为相连的角色进行治疗时，将从该角色处发射一枚镇灵炮，造成相当于多莉攻击力50%的伤害。",
        "Icon": "UI_Talent_S_Dori_02"
      },
      {
        "Id": 683,
        "Name": "百巧千奇",
        "Description": "<color=#FFD780FF>卡萨扎莱宫的无微不至</color>的技能等级提高3级。\n至多提升至15级。",
        "Icon": "UI_Talent_U_Dori_02",
        "ExtraLevel": {
          "Index": 9,
          "Level": 3
        }
      },
      {
        "Id": 684,
        "Name": "酌盈剂虚",
        "Description": "与<color=#FFD780FF>灯中幽精</color>相连的角色，依据当前的生命值与元素能量，获得以下提升：\n·生命值低于50%时，提升50%受治疗加成；\n·元素能量低于50%时，提升30%元素充能效率。",
        "Icon": "UI_Talent_S_Dori_03"
      },
      {
        "Id": 685,
        "Name": "物超所值",
        "Description": "<color=#FFD780FF>镇灵之灯·烦恼解决炮</color>的技能等级提高3级。\n至多提升至15级。",
        "Icon": "UI_Talent_U_Dori_01",
        "ExtraLevel": {
          "Index": 2,
          "Level": 3
        }
      },
      {
        "Id": 686,
        "Name": "漫掷万镒",
        "Description": "多莉施放<color=#FFD780FF>镇灵之灯·烦恼解决炮</color>后的3秒内，将获得以下效果：\n·<color=#FFACFFFF>雷元素附魔</color>；\n·普通攻击命中敌人时，为队伍中附近的所有角色恢复相当于多莉生命值上限4%的生命值，每0.1秒至多通过这种方式恢复一次生命值。",
        "Icon": "UI_Talent_S_Dori_04"
      }
    ]
  },
  "FetterInfo": {
    "Title": "梦园藏金",
    "Detail": "神出鬼没的旅行百货商人，最喜欢亮闪闪的摩拉。",
    "Association": 7,
    "Native": "艾尔卡萨扎莱宫",
    "BirthMonth": 12,
    "BirthDay": 21,
    "VisionBefore": "雷",
    "ConstellationBefore": "神灯座",
    "CvChinese": "王晓彤",
    "CvJapanese": "金田朋子",
    "CvEnglish": "安洁丽·库娜帕内妮",
    "CvKorean": "李明浩",
    "CookBonus": {
      "OriginItemId": 108392,
      "ItemId": 108438,
      "InputList": [
        100064,
        100079,
        110004,
        110014
      ]
    },
    "Fetters": [
      {
        "Title": "初次见面…",
        "Context": "哎呀呀，这不是大名鼎鼎的旅行者吗？我是旅行商人多莉·桑歌玛哈巴依。作为给你的见面礼，我这儿的商品全部限时九折优惠，赶快来挑选吧，我帮你打包~"
      },
      {
        "Title": "闲聊·摩拉",
        "Context": "我爱摩拉，摩拉爱我，啦啦啦。"
      },
      {
        "Title": "闲聊·双赢",
        "Context": "先把商品涨价百分之三十，然后再打八折卖出，不仅我赚得多了，顾客也会觉得划算，这就是双赢。"
      },
      {
        "Title": "闲聊·财迷",
        "Context": "只要摩拉管够，和教令院对着干也没什么大不了的。"
      },
      {
        "Title": "下雨的时候…",
        "Context": "需要伞吗？我这里有一把特制雨伞，收集雨水的同时能够净化水质，把雨水变成饮用水储存在小罐子里，可以说是旅行必备品！只需要五十万摩拉喔。"
      },
      {
        "Title": "打雷的时候…",
        "Context": "这种天气，恐怕商队也不太好前进了。又要少赚好多摩拉…"
      },
      {
        "Title": "下雪的时候…",
        "Context": "哒啦，看我的全自动雪球机！想要吗想要吗？租金给你打九点五折喔！"
      },
      {
        "Title": "阳光很好…",
        "Context": "摩拉在阳光下闪闪发光，真好看！嘿嘿。"
      },
      {
        "Title": "刮大风了…",
        "Context": "不会吧不会吧，不会真的有人选在大风天穿越沙漠吧。我当然有办法救这种蠢蘑菇，但费用…至少要翻三倍才行！"
      },
      {
        "Title": "早上好…",
        "Context": "早安，昨晚的梦里全是圆滚滚的可爱摩拉，今天一定会是盆满钵满的一天。"
      },
      {
        "Title": "中午好…",
        "Context": "想午睡吗？我可以给你一个软绵绵、蓬松松，完美贴合你背部曲线的靠垫。当然具体有多舒服就看摩拉有多少了。"
      },
      {
        "Title": "晚上好…",
        "Context": "在夜色中赶路很有挑战性喔，不过这可难不倒常年在外行商的我！"
      },
      {
        "Title": "晚安…",
        "Context": "你要睡觉了吗？嘿嘿，我就大发慈悲让你试试我的摩拉歌谣催眠法吧！一万摩拉入口袋，两万摩拉入口袋，三万摩拉入口袋，四、嘿四万…嘿嘿，摩拉，嘿嘿…"
      },
      {
        "Title": "关于多莉自己·吆喝",
        "Context": "万能的多莉商店，应有尽有，童叟无欺。只要摩拉够，只有想不到，没有买不到。需要任何东西，或者遇到任何困难，都可以来找我喔！"
      },
      {
        "Title": "关于多莉自己·妙论派",
        "Context": "通常我会躲着教令院的人，他们的各种条条框框简直让人没办法做生意。不过呢，告诉你也没关系。妙论派有些人还算是头脑灵活，和我私下签了条约。我有摩拉，他们有技术和手艺，顺便还能让我的行商更加通畅。嘿嘿，大商人多莉，从不做亏本生意。"
      },
      {
        "Title": "关于我们·推销",
        "Context": "你要在须弥旅行吗？须弥的沙漠很危险喔，就让大善人多莉来帮你吧！锵锵，沙漠旅行大礼包，只需要五百万摩拉！现在购买还会免费附送雨林旅行大礼包！机不可失，时不再来喔。"
      },
      {
        "Title": "关于我们·摩拉分配",
        "Context": "我的摩拉是我的，你的摩拉还是我的，嘿嘿。"
      },
      {
        "Title": "关于我们·实价",
        "Context": "好吧好吧，和你实话实说也行啦。沙漠和雨林的旅行大礼包，拆开来卖的话，分别都值二百五十万摩拉。但买一送一听起来比较划算嘛，你不觉得吗？"
      },
      {
        "Title": "关于「神之眼」…",
        "Context": "哎呀哎呀，我的神之眼亮晶晶的，很漂亮吧？既然看到了这么漂亮的东西，你是不是应该付摩拉呢？"
      },
      {
        "Title": "有什么想要分享…",
        "Context": "以前也有些蠢蘑菇试图欠账不还，嘿嘿，也不看看我是谁。不如，你来猜猜看他们的下场如何吧？"
      },
      {
        "Title": "感兴趣的见闻·共同语言",
        "Context": "如果盗宝鼬能开口说话的话，我们肯定很有共同语言。它们多有眼光呀！全提瓦特最惹人喜爱的，自然是亮闪闪金灿灿的摩拉。"
      },
      {
        "Title": "感兴趣的见闻·驮兽乐园",
        "Context": "想见见驮兽吗？没问题！你想见多少我就有多少。只不过这个门票钱嘛，欸嘿嘿…"
      },
      {
        "Title": "关于赛诺…",
        "Context": "我和他算是有点私交。毕竟能为他拿到「七圣召唤」所有周边产品的人，全须弥只有我一个。很罕见吧！教令院里居然有他这种特行独立，眼光不错，又从不讲价的人。"
      },
      {
        "Title": "关于提纳里…",
        "Context": "他热爱学术就和我热爱摩拉一样。听说他经常会做一些神奇的小玩意儿，只可惜会用什么公务繁忙作为理由，拒绝和我合作批量生产，要不然…可以赚上一大笔摩拉呢！"
      },
      {
        "Title": "关于艾尔海森…",
        "Context": "他以前试探过我的手下。所以说，教令院的家伙真是又呆板又不诚恳。我又何必冒这个风险呢？懂了吗？小跟班。"
      },
      {
        "Title": "关于卡维…",
        "Context": "他是跟我有合作的妙论派的人之一，和某些教令院的死脑筋不一样，是个会为理想奋斗的人，我很欣赏他。我悄悄借了他一大——笔摩拉，让他造出了我的艾尔卡萨扎莱宫。可以说没有善良的多莉的资助，就没有今天的卡维。"
      },
      {
        "Title": "关于迪希雅…",
        "Context": "有时候我会雇佣她帮忙保护商队。毕竟她实力不错，要价也不高，可以说是性价比最优之选。"
      },
      {
        "Title": "关于岩王帝君…",
        "Context": "岩王帝君离去之前，我每天起来第一件事就是默念：财神在上，保佑多莉日进斗金。现在嘛，求神不如求己。多莉在此，保佑自己日进斗金！"
      },
      {
        "Title": "关于小吉祥草王…",
        "Context": "在须弥，小吉祥草王的信徒非常少。你问我吗？啊，如果她愿意给我摩拉的话，我就是她永恒的信徒。"
      },
      {
        "Title": "关于妮露…",
        "Context": "她的舞跳得不错，但只留在须弥，还是不能最大程度上发挥出她的价值…我是说，有点屈才。你说你说，如果能把她带出去，在提瓦特举办巡回演出的话，一共能赚多少摩拉呢？"
      },
      {
        "Title": "关于艾莉丝…",
        "Context": "艾莉丝女士有源源不断的新奇东西，是我的最佳供货商，没有之一。嚯嚯，这种商业机密都告诉你了，你是不是应该交点学费，表示表示呢？"
      },
      {
        "Title": "关于绮良良…",
        "Context": "在我跨国收购物资的时候，她为我送过好几次货。服务又好，收费还便宜。哦，对了，她很喜欢各种漂亮的小饰品，我这刚好进了一些，须弥特色，纯手工制品，可精致了。怎么样，要不要买来送给她呀？我给你打折。"
      },
      {
        "Title": "想要了解多莉·其一",
        "Context": "想听故事？那就…给我一百万摩拉。嗯…看在我们交情的份上，给你打个九点九折好了，九十九万摩拉。怎么样？很划算吧！"
      },
      {
        "Title": "想要了解多莉·其二",
        "Context": "嘿嘿，你可真有眼光。那我开始讲了！\n这是一个商人的故事。很久很久以前，她在行商途中迷失了方向。这时候她遇到一只雾怪，雾怪要一口吞掉她。她连忙说，雾怪先生不要着急呀，我这里有个故事。您听听看，如果有趣的话，就请您不要吃掉我…"
      },
      {
        "Title": "想要了解多莉·其三",
        "Context": "雾怪答应了。于是商人开始讲自己的故事，当年她的生意还不像如今这么红火，在她一筹莫展之时，正巧，她从库房里翻出了一个不知从哪儿来的魔灯。她恍惚间擦亮了魔灯。一团红雾从里面弥漫了出来，她自称是「人美心善的大魔王」，见着这位商人就想起了自己乖巧可爱的女儿，所以她说，可以实现商人一个愿望。"
      },
      {
        "Title": "想要了解多莉·其四",
        "Context": "还有什么比摩拉更吸引商人的呢，于是商人许愿：希望接下来的日子，能赚到数也数不清的摩拉。「人美心善的大魔王」同意了，她成为了商人的供货商，为商人提供了源源不断的奇妙商品。商人也因此赚得盆满钵满…"
      },
      {
        "Title": "想要了解多莉·其五",
        "Context": "雾怪听完这些觉得很神奇，明明自己和红雾大魔王也算同类，自己怎么没办法变出什么东西。商人呀，就夸了雾怪天赋异禀，说不定在同一个魔灯里待上一段时间，就能拥有大魔王的能力了。雾怪欣然同意，进入了商人的魔灯…\n咳咳，你问我这个故事是不是真的？这是另外的价钱喽，再给我九十九万摩拉，我就告诉你！"
      },
      {
        "Title": "多莉的爱好…",
        "Context": "我的爱好可多了，第一是赚摩拉，第二是数摩拉，第三是看摩拉，这世界上没有比摩拉更令人开心的东西了！"
      },
      {
        "Title": "多莉的烦恼…",
        "Context": "总有些人，拿着才三成利的生意就来打扰我，唉，我也是很忙的。没有百分百的利润，我连听完的兴趣都没有。"
      },
      {
        "Title": "喜欢的食物…",
        "Context": "我听说璃月有一种叫做摩拉肉的食物，名字里带摩拉，一定非常好吃。什、什么…你会做？咳咳，你当我的小跟班也有一段时间了，应该从我这儿学到了不少吧。作为交换，你要给我做摩拉肉吃！"
      },
      {
        "Title": "讨厌的食物…",
        "Context": "椰炭饼那种黑乎乎的东西，一点儿也不符合我的品味，我是绝对不会吃的！就算反过来给我摩拉，我…呃，我、我再考虑考虑。"
      },
      {
        "Title": "收到赠礼·其一",
        "Context": "好吃好吃，啊不如你跟着我一起行商，兼职私人厨师吧。"
      },
      {
        "Title": "收到赠礼·其二",
        "Context": "哇，我的小跟班做饭水平可以呀。能让我点餐吗？"
      },
      {
        "Title": "收到赠礼·其三",
        "Context": "居然让我吃这种东西，嘿嘿，你要赔偿我精神损失费！"
      },
      {
        "Title": "生日…",
        "Context": "今天我可以满足你一个心愿！毕竟我是无所不能的多莉。说吧说吧，想要什么？不过呢，先和你说好，「一辈子都用不完的摩拉」这种愿望可不行喔。"
      },
      {
        "Title": "突破的感受·起",
        "Context": "你这是在投资我吗？你可真有眼光。"
      },
      {
        "Title": "突破的感受·承",
        "Context": "多多益善，多多益善。"
      },
      {
        "Title": "突破的感受·转",
        "Context": "喔！我好像有了一个奇妙钱袋，能掏出源源不断的力量。"
      },
      {
        "Title": "突破的感受·合",
        "Context": "恭喜你成为神通广大的桑歌玛哈巴依老爷的尊贵会员！以后你的订单一律八折，这种待遇你可是第一个喔。啊，好好珍惜吧。"
      },
      {
        "Title": "元素战技·其一",
        "Context": "看我的！"
      },
      {
        "Title": "元素战技·其二",
        "Context": "留下摩拉来！"
      },
      {
        "Title": "元素战技·其三",
        "Context": "嘿哟！"
      },
      {
        "Title": "元素爆发·其一",
        "Context": "魔灯显灵！"
      },
      {
        "Title": "元素爆发·其二",
        "Context": "大显身手时间！"
      },
      {
        "Title": "元素爆发·其三",
        "Context": "一手交钱，一手交货。"
      },
      {
        "Title": "打开宝箱·其一",
        "Context": "哇，分我一半！"
      },
      {
        "Title": "打开宝箱·其二",
        "Context": "先让我看看。"
      },
      {
        "Title": "打开宝箱·其三",
        "Context": "我来我来！"
      },
      {
        "Title": "生命值低·其一",
        "Context": "休想抢走我一分摩拉！"
      },
      {
        "Title": "生命值低·其二",
        "Context": "啊救命啊，抢劫啦！"
      },
      {
        "Title": "生命值低·其三",
        "Context": "一定要保护好摩拉。"
      },
      {
        "Title": "同伴生命值低·其一",
        "Context": "救命之恩，记得给钱！"
      },
      {
        "Title": "同伴生命值低·其二",
        "Context": "呆头菇，命和摩拉一样重要。"
      },
      {
        "Title": "倒下·其一",
        "Context": "摩拉…还没赚够呢…"
      },
      {
        "Title": "倒下·其二",
        "Context": "又是…这样…"
      },
      {
        "Title": "倒下·其三",
        "Context": "摩拉也不管用吗…"
      },
      {
        "Title": "普通受击·其一",
        "Context": "小问题。"
      },
      {
        "Title": "普通受击·其二",
        "Context": "磕碰而已。"
      },
      {
        "Title": "重受击·其一",
        "Context": "欺人太甚！"
      },
      {
        "Title": "重受击·其二",
        "Context": "列进黑名单！"
      },
      {
        "Title": "加入队伍·其一",
        "Context": "走吧走吧，赚笔大的！"
      },
      {
        "Title": "加入队伍·其二",
        "Context": "摩拉不等人，快跟上。"
      },
      {
        "Title": "加入队伍·其三",
        "Context": "是什么大生意？"
      }
    ],
    "FetterStories": [
      {
        "Title": "角色详细",
        "Context": "「多莉·桑歌玛哈巴依，艾尔卡萨扎莱宫之主，无所不有的超级大商人！」\n拿到多莉的名片，映入眼帘的便是这句气派的宣言。\n事实上，多莉确实是须弥诸多商人中最特别的一个。\n她已经坐拥无数财富，却依旧对赚取摩拉抱有极高的热情；\n她麾下有数支赫赫有名的商队，却依旧会亲自去须弥各地推销自己的宝贝。\n而她售卖的东西也让人眼花缭乱：特制旅行包、野外烘干机、全自动雪球发射器…只要出得起摩拉，似乎能够从她手上买到任何东西。"
      },
      {
        "Title": "角色故事1",
        "Context": "「哎呀哎呀，客人是要去沙漠吗？我这里可是有好东西呢。」\n「雨林潮湿，里面还有毒蛇猛兽，不做好准备可不行。来来来，带上这个，现在可是八折促销中！」\n「等下客人，你该不会是要从这里过去吧？前面有好多好多魔物，不如在我这买把武器防身吧。」\n「想去阿赫塔蒙柱王遗迹？这你可问对人了。首先你得有一套完整的取水工具，碰巧我可以提供喔。」\n须弥的旅人中流传着一个故事。\n据说当你即将踏足危险的地方，就有机会见到一个等待已久的小小身影。\n无论是在险峻的山脉、荒芜的沙漠、幽暗的雨林，还是魔物丛生的无人区，都能看到她的笑脸。\n相传她的身上总是带着各种神奇的宝贝，能够帮助旅人度过眼下的难关。\n——当然，收费也绝不便宜。\n「在绝望中获得帮助」与「一口气失去大量摩拉」两种完全不同的心情交织在一起，往往让旅人既爱又恨。\n而多莉总是会贴心地无视他们脸上纠结的神色，将收到的摩拉装入鼓鼓的钱包，微笑着离开。\n「多谢惠顾喔，嘿嘿。」"
      },
      {
        "Title": "角色故事2",
        "Context": "在外人看来，多莉的生意似乎一直在蒸蒸日上，然而只有多莉自己清楚，她其实多次遇到过旁人无法想象的瓶颈。\n曾经有一段时间，来自须弥各地的订单源源不断地送到多莉的手上，但多莉却无法按期交付这么多的货物。\n因为周边几条商道的货运量十分有限，难以承载如此规模的大宗商品运输。\n商队的成员劝多莉回绝部分订单，这样依旧能凭借现有的商道维持稳定收益。假以时日，富甲一方应该不成问题。\n但多莉却做了一个非常冒险的举措：她一边接下订单，一边与妙论派展开合作，在公认的危险地区开辟新的商道。\n她将这些新商道开放给周边的商队，并借此成立商会、整合资源，终于突破了原先的瓶颈。\n时至今日，整个须弥境内都能见到多莉新修建的商道，「桑歌玛哈巴依老爷」的名声也越传越广。\n与之一同流传的，还有多莉当初对商队成员说的话：\n「我不会放弃任何订单，那是蠢蘑菇才会做的事。」\n「我会赚到所有能赚的摩拉，要问为什么的话，因为摩拉就在那里。」"
      },
      {
        "Title": "角色故事3",
        "Context": "多莉曾经患过严重的失眠症，夜晚总会莫名其妙地睡不着，第二天顶着浓浓的黑眼圈去商会。\n就算请最好的医生也诊断不出病因，安神香点了一根又一根，不仅没有带来睡意，反而把多莉呛得不停咳嗽。\n就在这个时候，有一位路过的医生对多莉说：\n「听说有人会在床头放一个沙漏，听着细沙落下的声音入眠。」\n多莉尝试几天后以失败告终，但她突然灵机一动，找人定制了一款超大沙漏。\n沙漏里面装的不是沙子，而是亮闪闪的摩拉。\n夜晚，听着摩拉敲击的声音，多莉终于睡了一个好觉。\n此后，多莉在「应对失眠」这件事上也算小有心得：\n「睡饱饱的秘诀，在于让自己心安。」"
      },
      {
        "Title": "角色故事4",
        "Context": "或许是爱屋及乌，除了摩拉之外，多莉对于「能够带来摩拉的家伙」也很感兴趣。\n比如她手下的商队主要靠驮兽运货，多莉就给驮兽修建了一座「乐园」，让它们休息的时候可以在里面随意奔跑。\n她会为驮兽挑选非常精细的饲料，保证它们营养均衡，长得健壮漂亮。\n当然，作为精明的商人，她也不会放过任何商机。\n不同品种的驮兽在一起玩闹，让乐园看上去颇为有趣。多莉借机招揽游客进来观赏，通过销售门票、餐饮、纪念品的方式迅速回本。\n她对驮兽的喜爱是真的，借此小赚一笔也是真的。\n在这一点上，最有发言权的或许是多莉灯中的镇灵。它最初是被多莉骗入灯中，但直到现在也没有离开。\n每次战斗时多莉都把它叫出来，但打完之后多莉却又会满足它的心愿。\n有时镇灵会想，传说中的故事或许是反的——\n灯中装着的其实是一个超强的打手，拿着灯的才是能实现愿望的神灵。"
      },
      {
        "Title": "角色故事5",
        "Context": "没有人知道多莉与艾莉丝相遇的具体过程，但她们确实是一对让人艳羡的合作伙伴。\n艾莉丝周游世界各地，不会一直停留在须弥，但每过一段时间，她就会托人将自己的新发明寄给多莉。\n而多莉也会在售卖之后，想办法将摩拉送到艾莉丝手上。\n有时艾莉丝会附一封信，告诉多莉自己最近身处险地，摩拉可以先存放在多莉那里。\n多莉却执意派人携带摩拉赶往距离艾莉丝最近的安全地区，以保证艾莉丝能够第一时间拿到摩拉。\n人工费、运输费、保险费…各项费用相加并非一笔小钱，多莉却毫不吝啬，主动掏腰包提前支付。\n「大善人多莉从不拖欠回款。」\n「而且，艾莉丝女士的开销也不小，必须保证她时时刻刻有钱可用。」\n多莉总是念叨着这些话，不厌其烦地反复确认摩拉是否送到。\n即使现在艾莉丝已经不是多莉唯一的供货商，多莉仍将这视为最重要的事。\n也许在她心里，一直记得相遇那天许下的承诺。\n「你想要数不清的摩拉？可以呀。我可以提供给你各种神奇道具，卖出去多少就看你的本事啦。」\n「请放心。我会卖出高高的价格，换来多多的摩拉，以最快的速度送到你的手上…我会成为你最好的合作伙伴。」"
      },
      {
        "Title": "摩拉音乐盒",
        "Context": "为了更好地聆听摩拉发出的美妙声响，多莉亲自定制了一款「摩拉音乐盒」。\n音乐盒的正上方有一个开口，开口的大小刚好可以容许一枚摩拉通过。\n当摩拉被投入音乐盒后，便会沿着音乐盒内复杂的机关轨道滚动，并时不时发出轻盈美妙的撞击声。\n撞击声此起彼伏，汇聚成一首悠扬的乐章，多莉也会在空旷的艾尔卡萨扎莱宫中旋转起舞。\n「摩拉，摩拉，亮闪闪的摩拉。」\n「摩拉，摩拉，数不清的摩拉。」\n「美丽的摩拉，是我的摩拉。」\n「别人的摩拉，快快来我家。」\n明明是如此熟悉的歌曲，却总是百听不厌。\n音乐演奏到最后，多莉也会向并不存在的观众深深一躬。\n恰在此时摩拉落入音乐盒的最底部，与那里堆积如山的摩拉相碰——\n伴随着一声清脆的「啪嗒」声，一切完美落幕。\n意犹未尽的多莉总是会选择向音乐盒中再投一枚摩拉。"
      },
      {
        "Title": "神之眼",
        "Context": "两位年龄相仿的小女孩牵着手，哼着轻微变调的歌谣，并肩走过天真烂漫的时光。\n她们在春天折野花戴在彼此的耳旁，光着脚蹚过夏天的溪水。\n在秋天一同从金色的沙丘滑下，依偎在冬天的阳光里看同一本书。\n时间仿佛很长，怎么也过不完。\n直到年长一些的姐姐忽然开始不停咳血，家里围了许许多多陌生的大人。\n他们一本正经地解释着旁人难以理解的病情，随后对着家徒四壁的房屋摇头叹气。\n不知道发生了什么的妹妹每天都去探望，姐姐总是露出明亮的笑容：\n「没事。休息一下就会好的啦。」\n看着她的笑容，天真的妹妹也流露出期待的眼神，甚至开始幻想下次一起出游的日子。\n直到某一天，正在讲故事的姐姐忽然伸手攥紧了胸口的衣服。\n她瘦削的身体栽倒在床上，妹妹伸手去抱她，才发现她的身体很轻很轻。\n…就像一根羽毛，慢慢飘向所有人都触摸不到的远方。\n后来，妹妹在她的枕头下找到了一张揉皱的纸条。\n那是医生开的药方，上面罗列着已经几乎绝迹的药材，只有少数私人收藏家那里还有存货。\n想要购买的话至少需要几千万摩拉，一个令穷困家庭不敢想象的价格。\n总是笑着摇头拒绝这个提议的姐姐，或许只敢在深夜的时候看上几眼，幻想着那遥不可及的「活下去」的希望。\n妹妹将纸条收进衣服的口袋，默默地下了决心。\n「要赚多多的摩拉。」\n「这样就不会再看到亲近的人露出难过的笑脸，这样就不会再因为没有摩拉而失去什么…」\n也许就是在那时，神明的视线落在了她的身上。\n但对于「野心」疯涨的她来说，获得神之眼或许也只是一个开始。\n在今后的无数个日夜中，她不停地告诫自己保持清醒，同时在心里给自己打气：\n「只有执念是不够的。我会为了想要的东西不停努力，直至耗尽最后一分力气。」\n「桑歌玛哈巴依老爷，没有做不到的事。」"
      }
    ]
  },
  "Costumes": [
    {
      "Id": 206800,
      "Name": "我爱摩拉",
      "Description": "多莉的装扮款式。这套恨不得嵌满宝石和贵金属的衣服大声宣告着主人对财富的欲望。据说这还只是商人多莉的常服，难道她还有比这更昂贵的衣服吗？！",
      "IsDefault": true
    }
  ],
  "CultivationItems": [
    104144,
    113037,
    101217,
    112067,
    104334,
    113018
  ],
  "NameCard": {
    "Name": "多莉·魔灯",
    "Description": "名片纹饰。\n擦一擦递给你的魔灯，再擦一擦递给她的摩拉，无论是什么样的愿望都能实现…大概吧？",
    "Icon": "UI_NameCardIcon_Dori",
    "PicturePrefix": "UI_NameCardPic_Dori"
  }
}