{
  "Id": 10000026,
  "PromoteId": 26,
  "Sort": 28,
  "Body": 1,
  "Icon": "UI_AvatarIcon_Xiao",
  "SideIcon": "UI_AvatarIcon_Side_Xiao",
  "Name": "魈",
  "Description": "守护璃月的仙人，「夜叉」。美号「降魔大圣」，妙称「护法夜叉大将」。",
  "BeginTime": "2021-02-02T00:00:00+08:00",
  "Quality": 5,
  "Weapon": 13,
  "BaseValue": {
    "HpBase": 991.4528,
    "AttackBase": 27.1852,
    "DefenseBase": 62.2232
  },
  "GrowCurves": [
    {
      "Type": 1,
      "Value": 21
    },
    {
      "Type": 4,
      "Value": 31
    },
    {
      "Type": 7,
      "Value": 21
    }
  ],
  "SkillDepot": {
    "Arkhe": 0,
    "Skills": [
      {
        "GroupId": 2631,
        "Proud": {
          "Descriptions": [
            "一段伤害|{param1:F1P}+{param2:F1P}",
            "二段伤害|{param3:F1P}",
            "三段伤害|{param4:F1P}",
            "四段伤害|{param5:F1P}+{param6:F1P}",
            "五段伤害|{param7:F1P}",
            "六段伤害|{param8:F1P}",
            "重击伤害|{param9:P}",
            "重击体力消耗|{param10:F1}点",
            "下坠期间伤害|{param11:P}",
            "低空/高空坠地冲击伤害|{param12:P}/{param13:P}"
          ],
          "Parameters": [
            {
              "Level": 1,
              "Parameters": [
                0.27544,
                0.27544,
                0.56936,
                0.68552,
                0.37664,
                0.37664,
                0.71544,
                0.95832,
                1.21088,
                25,
                0.818335,
                1.636323,
                2.043855
              ]
            },
            {
              "Level": 2,
              "Parameters": [
                0.29422,
                0.29422,
                0.60818,
                0.73226,
                0.40232,
                0.40232,
                0.76422,
                1.02366,
                1.29344,
                25,
                0.884943,
                1.769512,
                2.210216
              ]
            },
            {
              "Level": 3,
              "Parameters": [
                0.313,
                0.313,
                0.647,
                0.779,
                0.428,
                0.428,
                0.813,
                1.089,
                1.376,
                25,
                0.951552,
                1.902701,
                2.376576
              ]
            },
            {
              "Level": 4,
              "Parameters": [
                0.33804,
                0.33804,
                0.69876,
                0.84132,
                0.46224,
                0.46224,
                0.87804,
                1.17612,
                1.48608,
                25,
                1.046707,
                2.092971,
                2.614234
              ]
            },
            {
              "Level": 5,
              "Parameters": [
                0.35682,
                0.35682,
                0.73758,
                0.88806,
                0.48792,
                0.48792,
                0.92682,
                1.24146,
                1.56864,
                25,
                1.113316,
                2.22616,
                2.780594
              ]
            },
            {
              "Level": 6,
              "Parameters": [
                0.37873,
                0.37873,
                0.78287,
                0.94259,
                0.51788,
                0.51788,
                0.98373,
                1.31769,
                1.66496,
                25,
                1.18944,
                2.378376,
                2.97072
              ]
            },
            {
              "Level": 7,
              "Parameters": [
                0.4069,
                0.4069,
                0.8411,
                1.0127,
                0.5564,
                0.5564,
                1.0569,
                1.4157,
                1.7888,
                25,
                1.294111,
                2.587673,
                3.232143
              ]
            },
            {
              "Level": 8,
              "Parameters": [
                0.43507,
                0.43507,
                0.89933,
                1.08281,
                0.59492,
                0.59492,
                1.13007,
                1.51371,
                1.91264,
                25,
                1.398781,
                2.79697,
                3.493567
              ]
            },
            {
              "Level": 9,
              "Parameters": [
                0.46324,
                0.46324,
                0.95756,
                1.15292,
                0.63344,
                0.63344,
                1.20324,
                1.61172,
                2.03648,
                25,
                1.503452,
                3.006267,
                3.75499
              ]
            },
            {
              "Level": 10,
              "Parameters": [
                0.49141,
                0.49141,
                1.01579,
                1.22303,
                0.67196,
                0.67196,
                1.27641,
                1.70973,
                2.16032,
                25,
                1.617638,
                3.234591,
                4.040179
              ]
            },
            {
              "Level": 11,
              "Parameters": [
                0.51958,
                0.51958,
                1.07402,
                1.29314,
                0.71048,
                0.71048,
                1.34958,
                1.80774,
                2.28416,
                25,
                1.731825,
                3.462915,
                4.325368
              ]
            },
            {
              "Level": 12,
              "Parameters": [
                0.54775,
                0.54775,
                1.13225,
                1.36325,
                0.749,
                0.749,
                1.42275,
                1.90575,
                2.408,
                25,
                1.846011,
                3.69124,
                4.610557
              ]
            },
            {
              "Level": 13,
              "Parameters": [
                0.57592,
                0.57592,
                1.19048,
                1.43336,
                0.78752,
                0.78752,
                1.49592,
                2.00376,
                2.53184,
                25,
                1.960197,
                3.919564,
                4.895747
              ]
            },
            {
              "Level": 14,
              "Parameters": [
                0.60409,
                0.60409,
                1.24871,
                1.50347,
                0.82604,
                0.82604,
                1.56909,
                2.10177,
                2.65568,
                25,
                2.074383,
                4.147888,
                5.180936
              ]
            },
            {
              "Level": 15,
              "Parameters": [
                0.63226,
                0.63226,
                1.30694,
                1.57358,
                0.86456,
                0.86456,
                1.64226,
                2.19978,
                2.77952,
                25,
                2.18857,
                4.376212,
                5.466125
              ]
            }
          ]
        },
        "Id": 10261,
        "Name": "普通攻击·卷积微尘",
        "Description": "<color=#FFD780FF>普通攻击</color>\n进行至多六段的连续枪击。\n\n<color=#FFD780FF>重击</color>\n消耗一定体力，进行上挑攻击。\n\n<color=#FFD780FF>下落攻击</color>\n从空中下坠冲击地面，攻击下落路径上的敌人，并在落地时造成范围伤害。\n魈进行下落攻击时，不会承受坠落伤害。",
        "Icon": "Skill_A_03"
      },
      {
        "GroupId": 2632,
        "Proud": {
          "Descriptions": [
            "技能伤害|{param1:P}",
            "冷却时间|{param2:F1}秒"
          ],
          "Parameters": [
            {
              "Level": 1,
              "Parameters": [
                2.528,
                10
              ]
            },
            {
              "Level": 2,
              "Parameters": [
                2.7176,
                10
              ]
            },
            {
              "Level": 3,
              "Parameters": [
                2.9072,
                10
              ]
            },
            {
              "Level": 4,
              "Parameters": [
                3.16,
                10
              ]
            },
            {
              "Level": 5,
              "Parameters": [
                3.3496,
                10
              ]
            },
            {
              "Level": 6,
              "Parameters": [
                3.5392,
                10
              ]
            },
            {
              "Level": 7,
              "Parameters": [
                3.792,
                10
              ]
            },
            {
              "Level": 8,
              "Parameters": [
                4.0448,
                10
              ]
            },
            {
              "Level": 9,
              "Parameters": [
                4.2976,
                10
              ]
            },
            {
              "Level": 10,
              "Parameters": [
                4.5504,
                10
              ]
            },
            {
              "Level": 11,
              "Parameters": [
                4.8032,
                10
              ]
            },
            {
              "Level": 12,
              "Parameters": [
                5.056,
                10
              ]
            },
            {
              "Level": 13,
              "Parameters": [
                5.372,
                10
              ]
            },
            {
              "Level": 14,
              "Parameters": [
                5.688,
                10
              ]
            },
            {
              "Level": 15,
              "Parameters": [
                6.004,
                10
              ]
            }
          ]
        },
        "Id": 10262,
        "Name": "风轮两立",
        "Description": "疾速突进，对路径上的敌人造成<color=#80FFD7FF>风元素伤害</color>。\n可以在空中施放。\n初始拥有2次可使用次数。\n\n<i>在他乡的传说里，世界会被两大风轮碾碎。魈的枪术已臻化境，来回之间仿佛两座风轮同时撕裂敌人。</i>",
        "Icon": "Skill_S_Xiao_01"
      }
    ],
    "EnergySkill": {
      "GroupId": 2639,
      "Proud": {
        "Descriptions": [
          "普通攻击/重击/下落攻击伤害提升|{param1:F1P}",
          "生命流失|每秒{param2:F1P}当前生命值",
          "持续时间|{param3:F1}秒",
          "冷却时间|{param4:F1}秒",
          "元素能量|{param5:I}"
        ],
        "Parameters": [
          {
            "Level": 1,
            "Parameters": [
              0.5845,
              0.03,
              15,
              18,
              70
            ]
          },
          {
            "Level": 2,
            "Parameters": [
              0.6195,
              0.03,
              15,
              18,
              70
            ]
          },
          {
            "Level": 3,
            "Parameters": [
              0.6545,
              0.03,
              15,
              18,
              70
            ]
          },
          {
            "Level": 4,
            "Parameters": [
              0.7,
              0.025,
              15,
              18,
              70
            ]
          },
          {
            "Level": 5,
            "Parameters": [
              0.735,
              0.025,
              15,
              18,
              70
            ]
          },
          {
            "Level": 6,
            "Parameters": [
              0.77,
              0.025,
              15,
              18,
              70
            ]
          },
          {
            "Level": 7,
            "Parameters": [
              0.8155,
              0.02,
              15,
              18,
              70
            ]
          },
          {
            "Level": 8,
            "Parameters": [
              0.861,
              0.02,
              15,
              18,
              70
            ]
          },
          {
            "Level": 9,
            "Parameters": [
              0.9065,
              0.02,
              15,
              18,
              70
            ]
          },
          {
            "Level": 10,
            "Parameters": [
              0.952,
              0.02,
              15,
              18,
              70
            ]
          },
          {
            "Level": 11,
            "Parameters": [
              0.9975,
              0.02,
              15,
              18,
              70
            ]
          },
          {
            "Level": 12,
            "Parameters": [
              1.043,
              0.02,
              15,
              18,
              70
            ]
          },
          {
            "Level": 13,
            "Parameters": [
              1.0885,
              0.02,
              15,
              18,
              70
            ]
          },
          {
            "Level": 14,
            "Parameters": [
              1.134,
              0.02,
              15,
              18,
              70
            ]
          },
          {
            "Level": 15,
            "Parameters": [
              1.1795,
              0.02,
              15,
              18,
              70
            ]
          }
        ]
      },
      "Id": 10265,
      "Name": "靖妖傩舞",
      "Description": "展现数千年前令神魔精妖睹之胆颤的夜叉傩面。\n\n<color=#FFD780FF>夜叉傩面</color>\n·大幅提升魈的跳跃能力；\n·提高攻击范围与攻击伤害；\n·将攻击伤害转为<color=#80FFD7FF>风元素伤害</color>，该元素转化无法被附魔覆盖。\n\n在这个状态下，魈会持续损失生命值。\n效果将在魈退场时解除。\n\n<i>戴上降魔的傩面，现出令诸恶胆寒，除尽妖魔奸邪的「护法夜叉」之姿。获得强大的力量，也会引导出巨大的痛苦。其式即名「靖妖傩舞」。</i>",
      "Icon": "Skill_E_Xiao_01"
    },
    "Inherents": [
      {
        "GroupId": 2621,
        "Proud": {
          "Descriptions": [],
          "Parameters": [
            {
              "Level": 1,
              "Parameters": [
                0.05
              ]
            }
          ]
        },
        "Id": 262101,
        "Name": "降魔·平妖大圣",
        "Description": "在<color=#FFD780FF>靖妖傩舞</color>状态下，魈造成的所有伤害提高5%。此后，在技能持续时间内，每经过3秒，造成的伤害再额外提高5%。\n至多获得25%伤害加成。",
        "Icon": "UI_Talent_S_Xiao_05"
      },
      {
        "GroupId": 2622,
        "Proud": {
          "Descriptions": [],
          "Parameters": [
            {
              "Level": 1,
              "Parameters": [
                7,
                0.15,
                3
              ]
            }
          ]
        },
        "Id": 262201,
        "Name": "坏劫·国土碾尘",
        "Description": "施放<color=#FFD780FF>风轮两立</color>会使之后7秒内的风轮两立造成的伤害提高15%。\n该效果持续7秒，最多叠加3次，叠加时刷新持续时间。",
        "Icon": "UI_Talent_S_Xiao_06"
      },
      {
        "GroupId": 2623,
        "Proud": {
          "Descriptions": [],
          "Parameters": [
            {
              "Level": 1,
              "Parameters": []
            }
          ]
        },
        "Id": 262301,
        "Name": "神通·空中自在法",
        "Description": "队伍中自己的角色攀爬消耗的体力降低20%。\n无法与效果完全相同的固有天赋叠加。",
        "Icon": "UI_Talent_Explosion_Climb"
      }
    ],
    "Talents": [
      {
        "Id": 261,
        "Name": "坏劫·毁坏三界",
        "Description": "<color=#FFD780FF>风轮两立</color>的可使用次数增加1次。",
        "Icon": "UI_Talent_S_Xiao_01"
      },
      {
        "Id": 262,
        "Name": "空劫·虚空华开敷变",
        "Description": "处于队伍后台时，魈自己的元素充能效率提高25%。",
        "Icon": "UI_Talent_S_Xiao_02"
      },
      {
        "Id": 263,
        "Name": "降魔·忿怒显相",
        "Description": "<color=#FFD780FF>风轮两立</color>的技能等级提高3级。\n至多提升至15级。",
        "Icon": "UI_Talent_U_Xiao_01",
        "ExtraLevel": {
          "Index": 2,
          "Level": 3
        }
      },
      {
        "Id": 264,
        "Name": "神通·诸苦灭尽",
        "Description": "魈的生命值低于50%时，获得100%防御力提升。",
        "Icon": "UI_Talent_S_Xiao_03"
      },
      {
        "Id": 265,
        "Name": "成劫·无明增长",
        "Description": "<color=#FFD780FF>靖妖傩舞</color>的技能等级提高3级。\n至多提升至15级。",
        "Icon": "UI_Talent_U_Xiao_02",
        "ExtraLevel": {
          "Index": 9,
          "Level": 3
        }
      },
      {
        "Id": 266,
        "Name": "降魔·护法夜叉",
        "Description": "在<color=#FFD780FF>靖妖傩舞</color>状态下，下落攻击命中至少2个敌人时，<color=#FFD780FF>风轮两立</color>立刻获得1次可使用次数，并且在接下来1秒内，可以无视冷却时间施放风轮两立。",
        "Icon": "UI_Talent_S_Xiao_04"
      }
    ]
  },
  "FetterInfo": {
    "Title": "护法夜叉",
    "Detail": "守护璃月的仙人，「夜叉」。美号「降魔大圣」，妙称「护法夜叉大将」。",
    "Association": 2,
    "Native": "璃月仙人",
    "BirthMonth": 4,
    "BirthDay": 17,
    "VisionBefore": "风",
    "ConstellationBefore": "金翅鹏王座",
    "CvChinese": "kinsen",
    "CvJapanese": "松冈祯丞",
    "CvEnglish": "莱拉·贝尔津什",
    "CvKorean": "沈揆赫",
    "CookBonus": {
      "OriginItemId": 108081,
      "ItemId": 108137,
      "InputList": [
        100078,
        110006,
        100089
      ]
    },
    "Fetters": [
      {
        "Title": "初次见面…",
        "Context": "如遇失道旷野之难，路遭贼人之难，水火刀兵之难，鬼神药毒之难，恶兽毒虫之难，冤家恶人之难，便呼我名。\n「三眼五显仙人」——「魈」，听召前来守护。"
      },
      {
        "Title": "闲聊·闲散",
        "Context": "我居然沦落到如此闲散的地步，可笑。"
      },
      {
        "Title": "闲聊·荒魂",
        "Context": "荒野上的孤魂，休想伤我分毫。"
      },
      {
        "Title": "闲聊·侵蚀",
        "Context": "…呃啊…哼，想起了一些不愉快的事。"
      },
      {
        "Title": "下雨的时候…",
        "Context": "魔物不会因为下雨就休息。我们走。"
      },
      {
        "Title": "雨过天晴…",
        "Context": "天晴了？哼，我不关心天气。"
      },
      {
        "Title": "打雷的时候…",
        "Context": "不少凡人害怕打雷。无法理解，这分明很寻常。"
      },
      {
        "Title": "下雪的时候…",
        "Context": "雪积起来之后，就可以挖着吃了。"
      },
      {
        "Title": "早上好…",
        "Context": "时候不早了。出发吧。"
      },
      {
        "Title": "中午好…",
        "Context": "午餐…回望舒客栈吧。"
      },
      {
        "Title": "晚上好…",
        "Context": "夜晚，不祥之物最易骚动。你最好别出门。"
      },
      {
        "Title": "晚安…",
        "Context": "你去吧，我会在这里等你。"
      },
      {
        "Title": "关于魈自己·非人",
        "Context": "我并非人类，不太能够理解人类的感情。"
      },
      {
        "Title": "关于魈自己·璃月",
        "Context": "近来璃月变化得过于迅速了…呵，罢了，我也没打算适应。"
      },
      {
        "Title": "关于我们·警示",
        "Context": "如果有一天，连你也陷入了黑暗。就由我来——"
      },
      {
        "Title": "关于我们·信任",
        "Context": "别被污染，我不会留情的。\n…我是说，既然是「你」，「你」应该能够保持坚定。"
      },
      {
        "Title": "关于我们·犯困",
        "Context": "…谁！？…你觉得我是站着睡着了？哼，不敬仙师！"
      },
      {
        "Title": "关于我们·海灯节",
        "Context": "海灯节？哼，原来又到了凡人用发光垃圾塞满璃月港的时候了，唉，为何如此幼稚。\n不过你若无聊，我便陪你去。"
      },
      {
        "Title": "关于「神之眼」·欲望",
        "Context": "「神之眼」、欲望？呵…不要用凡人的标准来揣测仙人，我没有欲望。"
      },
      {
        "Title": "关于「神之眼」·理由",
        "Context": "并不是有意隐瞒。我的欲望，不应对外人讲。\n人间不是有着愿望说出口就会失效的规矩…呃，不是一回事？"
      },
      {
        "Title": "有什么想要分享…",
        "Context": "杀戮是我的强项。如果你下不去手，就叫我来。"
      },
      {
        "Title": "感兴趣的见闻…",
        "Context": "荻花洲，曾经一度荒芜。\n虽然，是过去好多年…不，好几百年的事了。"
      },
      {
        "Title": "关于钟离…",
        "Context": "嗯…打听一下。请问钟离大人平日里都在…呃，遛鸟？赏花？品鉴古玩？\n…钟离大人做这些，是有什么深意…"
      },
      {
        "Title": "关于北斗…",
        "Context": "北斗吗？我与她没有什么交情。不过，冥海巨兽确有其事。能够将「海山」击败，作为人类，她的实力值得肯定。"
      },
      {
        "Title": "关于白术…",
        "Context": "你想…托付白术研制缓解我痛苦的药物？呵…你的好意我心领了。凡人的药物，对仙人是无法起效的。"
      },
      {
        "Title": "关于胡桃…",
        "Context": "胡桃？那孩子，活泼到令人头疼。所幸她还算风趣，不必担心会成长为无趣的人类。"
      },
      {
        "Title": "关于温迪…",
        "Context": "温迪…？原来如此，名字叫作温迪啊。他演奏的曲调…不，没什么。"
      },
      {
        "Title": "关于甘雨…",
        "Context": "甘雨既非仙兽，又非凡人，游走于仙人两界，靠着职责支撑自我，困惑是免不了的。...你说，我？呵，要让只懂杀戮与生存之道的夜叉，去开导瑞兽？天方夜谭。"
      },
      {
        "Title": "关于申鹤…",
        "Context": "申鹤似乎对你颇为信赖。…也是。毕竟，世间难得几人能有你这般的善心与热忱。"
      },
      {
        "Title": "关于夜兰…",
        "Context": "我听说她曾调查千岩军在层岩巨渊的相关痕迹。孤身追查秘密，想来也是有点本事的人。"
      },
      {
        "Title": "想要了解魈·其一",
        "Context": "我会为你护法。\n但是…别靠近我，别妨碍我。否则，你会后悔的。"
      },
      {
        "Title": "想要了解魈·其二",
        "Context": "在这千年以来，我猎杀过数以万计的怨魂。不想惹上麻烦，就离我远点。把我当作「工具」就好。"
      },
      {
        "Title": "想要了解魈·其三",
        "Context": "「它们」的声音…常常在我的耳边出现。咆哮、号哭…嘶喊着杀戮…\n这是我自己的选择和自己的报应。与你无关。"
      },
      {
        "Title": "想要了解魈·其四",
        "Context": "摩拉克斯？关于这个名字，你究竟知道多少？\n他是赐予我「魈」之名之人，将我从漫长的痛苦中解放。\n胆敢对他不敬的话。即使是你，我也不会原谅。"
      },
      {
        "Title": "想要了解魈·其五",
        "Context": "已经迟了。我们之间的关联已经太多了。即使你想要放弃，也来不及了吧。嗯？没有这样想过？\n…「靖妖傩舞」，我的战斗是不会停下的。\n但是，关于你的事情，我想了解更多。"
      },
      {
        "Title": "魈的爱好…",
        "Context": "你还真是胆量不小，有勇气询问我的爱好。\n那便来战吧。以你的身躯，扛得住我几招呢？"
      },
      {
        "Title": "魈的烦恼…",
        "Context": "烦恼？呵…这个问题对仙人毫无意义，没有什么烦恼能够存在千年。"
      },
      {
        "Title": "喜欢的食物·杏仁豆腐",
        "Context": "我对人间的食物并无兴致。烹饪繁琐，等待漫长。唯独杏仁豆腐，勉强可以入口。"
      },
      {
        "Title": "喜欢的食物·回忆",
        "Context": "杏仁豆腐的味道，和「美梦」非常相似呢。"
      },
      {
        "Title": "讨厌的食物…",
        "Context": "要我亲手在薄饼中包入肉片？啊…然后…一起吃下去？呵…麻烦。如今的人间，真是越来越缺乏常识了。"
      },
      {
        "Title": "收到赠礼·其一",
        "Context": "嗯，不错…为什么要盯着我看。"
      },
      {
        "Title": "收到赠礼·其二",
        "Context": "不用麻烦。"
      },
      {
        "Title": "收到赠礼·其三",
        "Context": "下次做点别的吧。"
      },
      {
        "Title": "生日…",
        "Context": "诞生的时日…人类的这些纪念，真是冗余。嗯…等着。我给你折一只梧桐树叶蝴蝶。\n好了，拿去吧。这是仙法，可以辟邪。"
      },
      {
        "Title": "突破的感受·起",
        "Context": "只是这种程度而已。没什么值得大惊小怪的。"
      },
      {
        "Title": "突破的感受·承",
        "Context": "新的力量？这力量，也只会被用于斩杀。"
      },
      {
        "Title": "突破的感受·转",
        "Context": "力量的尽头，是自我毁灭。回答我，为何如此执着呢？"
      },
      {
        "Title": "突破的感受·合",
        "Context": "我的枪缨，早就屠戮了无尽的怨魂。连我本人，不免也被黑暗吞噬。——你却敢于驱使这样的我，将我当作…「同伴」。\n…你是想要救赎我吗？…你，真是难以理解的生物。"
      },
      {
        "Title": "元素战技·其一",
        "Context": "哼。"
      },
      {
        "Title": "元素战技·其二",
        "Context": "无聊。"
      },
      {
        "Title": "元素战技·其三",
        "Context": "无用。"
      },
      {
        "Title": "下落攻击·其一",
        "Context": "这里！"
      },
      {
        "Title": "下落攻击·其二",
        "Context": "无能。"
      },
      {
        "Title": "元素爆发·其一",
        "Context": "就此消失。"
      },
      {
        "Title": "元素爆发·其二",
        "Context": "靖妖傩舞。"
      },
      {
        "Title": "元素爆发·其三",
        "Context": "悲鸣吧。"
      },
      {
        "Title": "打开宝箱·其一",
        "Context": "对你有用便好。"
      },
      {
        "Title": "打开宝箱·其二",
        "Context": "这些物品的用途…算了，我不关心。"
      },
      {
        "Title": "打开宝箱·其三",
        "Context": "嗯…品质尚可。"
      },
      {
        "Title": "生命值低·其一",
        "Context": "住口。"
      },
      {
        "Title": "生命值低·其二",
        "Context": "愚蠢。"
      },
      {
        "Title": "生命值低·其三",
        "Context": "很好。"
      },
      {
        "Title": "同伴生命值低·其一",
        "Context": "…弱小。"
      },
      {
        "Title": "同伴生命值低·其二",
        "Context": "想活命，就退后。"
      },
      {
        "Title": "倒下·其一",
        "Context": "这是…报应吗。"
      },
      {
        "Title": "倒下·其二",
        "Context": "这一天…到来了呀。"
      },
      {
        "Title": "倒下·其三",
        "Context": "不可能…"
      },
      {
        "Title": "普通受击·其一",
        "Context": "就凭你？"
      },
      {
        "Title": "重受击·其一",
        "Context": "别妨碍我。"
      },
      {
        "Title": "加入队伍·其一",
        "Context": "听召而来。"
      },
      {
        "Title": "加入队伍·其二",
        "Context": "诸邪退散。"
      },
      {
        "Title": "加入队伍·其三",
        "Context": "降魔乃分内之事。"
      }
    ],
    "FetterStories": [
      {
        "Title": "角色详细",
        "Context": "外表虽是少年人，魈的真实年纪却已超过两千岁。\n好在没有人单看外表就轻慢他，只要打过照面，任谁都能明白，他是个狠角色。\n——危险、寡言。眼神锐利如刀。\n在仙人之间，魈的辈分与声望堪称翘楚，但在人间，他的名望并不高。\n因为他既非招揽富贵、庇佑世人安康的福星；也非手握仙道，高居在绝云间的圣众。\n能见到魈施展神通的人，必定是九死一生、身处险境之人。\n并非魈要加害于人，而是他始终在与足以吞没璃月万家灯火的黑暗战斗。普通人若是目击到战斗现场，难免会被殃及。\n当然，这并不是什么需要灭口的秘密啦。"
      },
      {
        "Title": "角色故事1",
        "Context": "魈究竟在与什么战斗？\n若要委婉地揭露真相，可以这样说：来自过去的怨憎、未能实现的大愿、失败者的嗟叹。\n直截了当的答案则是：七神体系建立前，在「魔神战争」中惨败的魔神余下的残渣。\n它们被摩拉克斯打败，镇压在坚岩磐石之下。\n但魔神均为不灭之体，意识虽会消散，力量与怨恨却遗留下来，化为淤积的秽物，反复侵扰众生。\n「靖妖傩舞」——知晓真相的璃月掌权者们，将魈所经历的万千日夜归纳为这四个字。\n这些战斗没有胜利者，也没有尽头。\n这些战斗没有人能够见证，也没有人觉得感激。"
      },
      {
        "Title": "角色故事2",
        "Context": "「魈」并非是这位夜叉的真名，而是某人出于安全考量为他起的假名。\n曾经的魈年少无知，被魔神抓住弱点拘为座下大魔，听凭指示做下大量残忍血腥之事。\n他造了诸多杀业，踩碎诸多理想，还被要求吞下败者的美梦，痛苦万分却又身不由己。\n终于，在魔神的战场上，岩之神摩拉克斯与夜叉的主人相会了。\n后世的历史，昭示着本次胜负的答案。\n「岩王帝君」解放了夜叉，并赐给他「魈」这一名字。\n「在异邦的传奇故事中，魈之一字代表着遭遇苦难、饱受淬炼的鬼怪。你也经历诸多，以后就用这个名字吧。」"
      },
      {
        "Title": "角色故事3",
        "Context": "为报答岩之神的恩情，魈接下了守护璃月的千年苦役。\n为魔神效力的往事洗去了魈的温柔与无邪。如今，他心中只剩杀戮技巧与累世业障。\n战斗，是他唯一还能为人们做的事。\n那有什么是人们能为他做的呢？\n普通人肯定不会有这般念头，光是远远看着，已被那股气势吓退。\n不过…若有人真心想报答他，倒是可以听听这则趣闻。\n支援魈进行降魔的七星特务，表面上经营着一家名叫「望舒」的客栈。\n魈偶尔会去客栈吃杏仁豆腐。看他吃东西的神情，应当是发自真心觉得喜欢。\n魈对甜甜的口味并不痴迷，可杏仁豆腐的口感，与曾经的「美梦」十分相似。"
      },
      {
        "Title": "角色故事4",
        "Context": "魈究竟在与什么战斗？\n依璃月当权者之见，他是在与魔神残渣引发的恶象战斗。\n可若直截了当地问他本人，未必能得到这一答案。\n魈曾经被邪恶神明使役，历经苦难，直到岩王帝君出现，才得以重获自由。\n其神通本领乃是仙家翘楚，降妖除魔对他而言并无难度。\n但魔神力量巨大，憎恨与执念也非常人可及。魈不断斩杀从它们残骸中滋生的秽物，那些憎恨便化为碎片，污染魈的精神。\n要消灭这种恨意，必须背负它们的「业障」。经年累月积累的业，足以灼心蚀骨。\n魈却不感到憎恨。他的生命长达两千年，一切恩仇之于他，只是过眼云烟。\n不存在千年难释的恨，也不存在千年难报的恩。\n岁月茫茫，唯有自己陪伴着自己。\n魈的战斗，始终有其意义。\n他一直都在和自己战斗。"
      },
      {
        "Title": "角色故事5",
        "Context": "魈究竟在与什么战斗？\n旅行者非常明白，魈在与威胁璃月千家万户的黑暗战斗。他在守护璃月。\n那么有谁能守护他呢？\n曾有一次，彻夜战斗耗尽了魈的体力，他险些无法完成任务。\n荻花之海被激战刮倒了大半。魈拔出插在地里的枪头，踏上归途。\n说是归途，却也没有所谓的归处可言，仅仅是离开战场而已。\n魈早已精疲力竭，身上沾染的魔神之怨当即发作。\n无穷怨恨冲击着魈的心智，他痛苦地倒在荻花丛中。\n可也正是在那一刻，突如其来的痛苦毫无征兆地消失了。\n并非魈自己压制住了邪念，而是一股笛声救了他。\n清丽的笛声，掠过碧水重山，被风送至此地。\n伴随拂晓第一缕晨光与远方惊起的鸟群，笛声趋于清晰。\n它守护着魈，安抚他躁动的心神，为他争取到片刻安宁。\n是谁在演奏？魈虽然好奇，仍不愿深究。他心中已有了隐隐约约的答案。\n上一位有能力帮助他的，是君临尘世的七神之一。那么这一位，恐怕也是——"
      },
      {
        "Title": "《空游饿鬼布施法》",
        "Context": "须弥教令院的学者曾对璃月进行民俗研究，将结果写成一本名为《琉璃岩间国土纪行》的书，须弥、璃月各存一版。\n其中，璃月留存的版本更名为《匣中琉璃云间月》，删去了不少巫术、神秘的部分。\n《空游饿鬼布施法》，则是仅存于须弥教令院馆藏的完整版之一节。\n文中提到，「仙众夜叉」虽有大神通大威德，仍为自身业障所困，间有大恐惧大痛苦之劫难。此乃空游饿鬼之苦，千万年不灭。\n文中列有多种安抚夜叉仙人的方法，包括食物供奉、妙音布施等等。如此为之，夜叉必会心生欢喜，甘愿为人守护平安。\n仙中贵族夜叉擅长战斗，常以战将之姿亲赴战场。然而，近千年来战乱过多，使得夜叉一族几近灭亡。如今，璃月地区仍保有巨大的降魔夜叉破损造像，只是面容均已损毁殆尽。\n顺带一提，须弥学者文笔诘屈聱牙，书中内容又过分艰深，导致《匣中琉璃云间月》的人气完全无法匹敌《提瓦特游览指南》与艾尔·马斯克所著的各国人文风土志略。"
      },
      {
        "Title": "神之眼",
        "Context": "仙人全称是「三眼五显仙人」。「三眼」所指，正是天生双目之外的「神之眼」。\n那么仙人获眼与世人被天空岛垂青，究竟是否遵循着同种道理？\n魈已记不清得到神之眼的时刻了。对人类来说，这理应是终身难忘的瞬间；对他而言，却只是日后无穷战斗的开始。\n真正令魈难忘的，则是另一种时刻。\n人世节日多为庆典，只是鲜少有人记得节日背后的故事。\n这些日子，大多是吃人怪物被圣众降服之日。人们模仿其作为，举行驱逐妖怪的仪式以纪念英雄事迹，如此习俗，逐渐演变为欢庆的节日。\n璃月各地遭摩拉克斯镇压的魔神，在半梦半醒之间，偶尔会爆发出规模异常的怨憎与残渣。其中，以海灯节之夜的爆发最为巨大。\n魈受命进行「靖妖傩舞」，于海灯节当晚彻夜厮杀。因此，他尤为厌恶海灯节。\n魈并不觉得战斗艰险。因他的努力，璃月港最终保住了平安。人们点起海灯，赐福的灯光照亮夜空与近海。\n如此时刻，魈心中也有一股特别的情感随之升起。\n寂寞？安心？抑或是，对未来的恐惧？\n少年身姿的仙人扪心自问，却得不出答案。"
      }
    ]
  },
  "Costumes": [
    {
      "Id": 202600,
      "Name": "千秋竞岁",
      "Description": "魈的装扮款式。千年间降妖除魔的经典战袍。",
      "IsDefault": true
    }
  ],
  "CultivationItems": [
    104154,
    113016,
    100031,
    112004,
    104312,
    113015
  ],
  "NameCard": {
    "Name": "魈·傩面",
    "Description": "名片纹饰。\n他总想着有一天，能戴着这傩面起舞。不为除魔之故，只为伴随那花洲的笛声。",
    "Icon": "UI_NameCardIcon_Xiao",
    "PicturePrefix": "UI_NameCardPic_Xiao"
  }
}