{
  "Id": 10000039,
  "PromoteId": 39,
  "Sort": 2,
  "Body": 5,
  "Icon": "UI_AvatarIcon_Diona",
  "SideIcon": "UI_AvatarIcon_Side_Diona",
  "Name": "迪奥娜",
  "Description": "遗传了稀薄的「非人」血统的少女，「猫尾酒馆」的超人气调酒师。",
  "BeginTime": "2020-11-11T04:00:00+08:00",
  "Quality": 4,
  "Weapon": 12,
  "BaseValue": {
    "HpBase": 802.3761,
    "AttackBase": 17.808,
    "DefenseBase": 50.358
  },
  "GrowCurves": [
    {
      "Type": 1,
      "Value": 22
    },
    {
      "Type": 4,
      "Value": 32
    },
    {
      "Type": 7,
      "Value": 22
    }
  ],
  "SkillDepot": {
    "Arkhe": 0,
    "Skills": [
      {
        "GroupId": 3931,
        "Proud": {
          "Descriptions": [
            "一段伤害|{param1:F1P}",
            "二段伤害|{param2:F1P}",
            "三段伤害|{param3:F1P}",
            "四段伤害|{param4:F1P}",
            "五段伤害|{param5:F1P}",
            "瞄准射击|{param7:F1P}",
            "满蓄力瞄准射击|{param8:P}",
            "下坠期间伤害|{param9:F1P}",
            "低空/高空坠地冲击伤害|{param10:P}/{param11:P}"
          ],
          "Parameters": [
            {
              "Level": 1,
              "Parameters": [
                0.3612,
                0.3354,
                0.4558,
                0.43,
                0.5375,
                0,
                0.4386,
                1.24,
                0.568288,
                1.136335,
                1.419344
              ]
            },
            {
              "Level": 2,
              "Parameters": [
                0.3906,
                0.3627,
                0.4929,
                0.465,
                0.58125,
                0,
                0.4743,
                1.333,
                0.614544,
                1.228828,
                1.534872
              ]
            },
            {
              "Level": 3,
              "Parameters": [
                0.42,
                0.39,
                0.53,
                0.5,
                0.625,
                0,
                0.51,
                1.426,
                0.6608,
                1.32132,
                1.6504
              ]
            },
            {
              "Level": 4,
              "Parameters": [
                0.462,
                0.429,
                0.583,
                0.55,
                0.6875,
                0,
                0.561,
                1.55,
                0.72688,
                1.453452,
                1.81544
              ]
            },
            {
              "Level": 5,
              "Parameters": [
                0.4914,
                0.4563,
                0.6201,
                0.585,
                0.73125,
                0,
                0.5967,
                1.643,
                0.773136,
                1.545944,
                1.930968
              ]
            },
            {
              "Level": 6,
              "Parameters": [
                0.525,
                0.4875,
                0.6625,
                0.625,
                0.78125,
                0,
                0.6375,
                1.736,
                0.826,
                1.65165,
                2.063
              ]
            },
            {
              "Level": 7,
              "Parameters": [
                0.5712,
                0.5304,
                0.7208,
                0.68,
                0.85,
                0,
                0.6936,
                1.86,
                0.898688,
                1.796995,
                2.244544
              ]
            },
            {
              "Level": 8,
              "Parameters": [
                0.6174,
                0.5733,
                0.7791,
                0.735,
                0.91875,
                0,
                0.7497,
                1.984,
                0.971376,
                1.94234,
                2.426088
              ]
            },
            {
              "Level": 9,
              "Parameters": [
                0.6636,
                0.6162,
                0.8374,
                0.79,
                0.9875,
                0,
                0.8058,
                2.108,
                1.044064,
                2.087686,
                2.607632
              ]
            },
            {
              "Level": 10,
              "Parameters": [
                0.714,
                0.663,
                0.901,
                0.85,
                1.0625,
                0,
                0.867,
                2.232,
                1.12336,
                2.246244,
                2.80568
              ]
            },
            {
              "Level": 11,
              "Parameters": [
                0.77175,
                0.716625,
                0.973875,
                0.91875,
                1.148438,
                0,
                0.937125,
                2.36096,
                1.202656,
                2.404802,
                3.003728
              ]
            },
            {
              "Level": 12,
              "Parameters": [
                0.839664,
                0.779688,
                1.059576,
                0.9996,
                1.2495,
                0,
                1.019592,
                2.5296,
                1.281952,
                2.563361,
                3.201776
              ]
            },
            {
              "Level": 13,
              "Parameters": [
                0.907578,
                0.842751,
                1.145277,
                1.08045,
                1.350562,
                0,
                1.102059,
                2.69824,
                1.361248,
                2.721919,
                3.399824
              ]
            },
            {
              "Level": 14,
              "Parameters": [
                0.975492,
                0.905814,
                1.230978,
                1.1613,
                1.451625,
                0,
                1.184526,
                2.86688,
                1.440544,
                2.880478,
                3.597872
              ]
            },
            {
              "Level": 15,
              "Parameters": [
                1.04958,
                0.97461,
                1.32447,
                1.2495,
                1.561875,
                0,
                1.27449,
                3.03552,
                1.51984,
                3.039036,
                3.79592
              ]
            }
          ]
        },
        "Id": 10391,
        "Name": "普通攻击·猎人射术",
        "Description": "<color=#FFD780FF>普通攻击</color>\n进行至多五段的连续弓箭射击。\n\n<color=#FFD780FF>重击</color>\n进行伤害更高、更为精准的<color=#FFD780FF>瞄准射击</color>。\n瞄准时，冰霜散发的寒气会凭附在箭矢上。聚满了寒气的箭矢会造成<color=#99FFFFFF>冰元素伤害</color>。\n\n<color=#FFD780FF>下落攻击</color>\n从空中射出箭雨，并迅速下坠冲击地面，在落地时造成范围伤害。",
        "Icon": "Skill_A_02"
      },
      {
        "GroupId": 3932,
        "Proud": {
          "Descriptions": [
            "猫爪伤害|每个{param1:F1P}",
            "护盾基础吸收量|{param2:F1P}最大生命值+{param3:I}",
            "持续时间|每个猫爪{param6:F1}秒",
            "点按冷却时间|{param4:F1}秒",
            "长按冷却时间|{param5:F1}秒"
          ],
          "Parameters": [
            {
              "Level": 1,
              "Parameters": [
                0.4192,
                0.072,
                692.8066,
                6,
                15,
                1.8
              ]
            },
            {
              "Level": 2,
              "Parameters": [
                0.45064,
                0.0774,
                762.09686,
                6,
                15,
                1.9
              ]
            },
            {
              "Level": 3,
              "Parameters": [
                0.48208,
                0.0828,
                837.1613,
                6,
                15,
                2
              ]
            },
            {
              "Level": 4,
              "Parameters": [
                0.524,
                0.09,
                918,
                6,
                15,
                2.1
              ]
            },
            {
              "Level": 5,
              "Parameters": [
                0.55544,
                0.0954,
                1004.61285,
                6,
                15,
                2.2
              ]
            },
            {
              "Level": 6,
              "Parameters": [
                0.58688,
                0.1008,
                1096.9999,
                6,
                15,
                2.3
              ]
            },
            {
              "Level": 7,
              "Parameters": [
                0.6288,
                0.108,
                1195.1611,
                6,
                15,
                2.4
              ]
            },
            {
              "Level": 8,
              "Parameters": [
                0.67072,
                0.1152,
                1299.0966,
                6,
                15,
                2.4
              ]
            },
            {
              "Level": 9,
              "Parameters": [
                0.71264,
                0.1224,
                1408.8062,
                6,
                15,
                2.4
              ]
            },
            {
              "Level": 10,
              "Parameters": [
                0.75456,
                0.1296,
                1524.29,
                6,
                15,
                2.4
              ]
            },
            {
              "Level": 11,
              "Parameters": [
                0.79648,
                0.1368,
                1645.548,
                6,
                15,
                2.4
              ]
            },
            {
              "Level": 12,
              "Parameters": [
                0.8384,
                0.144,
                1772.5802,
                6,
                15,
                2.4
              ]
            },
            {
              "Level": 13,
              "Parameters": [
                0.8908,
                0.153,
                1905.3866,
                6,
                15,
                2.4
              ]
            },
            {
              "Level": 14,
              "Parameters": [
                0.9432,
                0.162,
                2043.9672,
                6,
                15,
                2.4
              ]
            },
            {
              "Level": 15,
              "Parameters": [
                0.9956,
                0.171,
                2188.322,
                6,
                15,
                2.4
              ]
            }
          ]
        },
        "Id": 10392,
        "Name": "猫爪冻冻",
        "Description": "发射冻冻猫猫爪，对敌人造成<color=#99FFFFFF>冰元素伤害</color>，并在命中时形成护盾。\n护盾的伤害吸收量受益于迪奥娜的生命值上限，持续时间基于命中的冻冻猫猫爪数目。\n\n<color=#FFD780FF>点按</color>\n快速发射二枚冻冻猫猫爪。\n\n<color=#FFD780FF>长按</color>\n迅速后撤，并发射五枚冻冻猫猫爪。\n通过长按产生的护盾获得75%伤害吸收量加成。\n\n护盾对<color=#99FFFFFF>冰元素伤害</color>有250%的吸收效果，并会在形成时，为当前角色施加短暂的<color=#99FFFFFF>冰元素附着</color>。\n\n<i>一开始，酒里加多少冰也伤害不了酒鬼。直到迪奥娜有了神之眼，然后就有了这些冻得人太阳穴疼的冰。好评！</i>",
        "Icon": "Skill_S_Diona_01"
      }
    ],
    "EnergySkill": {
      "GroupId": 3939,
      "Proud": {
        "Descriptions": [
          "技能伤害|{param1:P}",
          "领域持续伤害|{param2:F1P}",
          "持续治疗量|{param3:F2P}生命值上限+{param4:I}",
          "持续时间|{param7:F1}秒",
          "冷却时间|{param5:F1}秒",
          "元素能量|{param6:I}"
        ],
        "Parameters": [
          {
            "Level": 1,
            "Parameters": [
              0.8,
              0.5264,
              0.05336,
              513.19006,
              20,
              80,
              12
            ]
          },
          {
            "Level": 2,
            "Parameters": [
              0.86,
              0.56588,
              0.057362,
              564.5162,
              20,
              80,
              12
            ]
          },
          {
            "Level": 3,
            "Parameters": [
              0.92,
              0.60536,
              0.061364,
              620.1195,
              20,
              80,
              12
            ]
          },
          {
            "Level": 4,
            "Parameters": [
              1,
              0.658,
              0.0667,
              680,
              20,
              80,
              12
            ]
          },
          {
            "Level": 5,
            "Parameters": [
              1.06,
              0.69748,
              0.070702,
              744.15765,
              20,
              80,
              12
            ]
          },
          {
            "Level": 6,
            "Parameters": [
              1.12,
              0.73696,
              0.074704,
              812.5925,
              20,
              80,
              12
            ]
          },
          {
            "Level": 7,
            "Parameters": [
              1.2,
              0.7896,
              0.08004,
              885.30457,
              20,
              80,
              12
            ]
          },
          {
            "Level": 8,
            "Parameters": [
              1.28,
              0.84224,
              0.085376,
              962.29376,
              20,
              80,
              12
            ]
          },
          {
            "Level": 9,
            "Parameters": [
              1.36,
              0.89488,
              0.090712,
              1043.5602,
              20,
              80,
              12
            ]
          },
          {
            "Level": 10,
            "Parameters": [
              1.44,
              0.94752,
              0.096048,
              1129.1038,
              20,
              80,
              12
            ]
          },
          {
            "Level": 11,
            "Parameters": [
              1.52,
              1.00016,
              0.101384,
              1218.9244,
              20,
              80,
              12
            ]
          },
          {
            "Level": 12,
            "Parameters": [
              1.6,
              1.0528,
              0.10672,
              1313.0223,
              20,
              80,
              12
            ]
          },
          {
            "Level": 13,
            "Parameters": [
              1.7,
              1.1186,
              0.11339,
              1411.3975,
              20,
              80,
              12
            ]
          },
          {
            "Level": 14,
            "Parameters": [
              1.8,
              1.1844,
              0.12006,
              1514.0498,
              20,
              80,
              12
            ]
          },
          {
            "Level": 15,
            "Parameters": [
              1.9,
              1.2502,
              0.12673,
              1620.9792,
              20,
              80,
              12
            ]
          }
        ]
      },
      "Id": 10395,
      "Name": "最烈特调",
      "Description": "抛出特别调制的冰酿烈调，造成<color=#99FFFFFF>冰元素范围伤害</color>，并产生冰气酒雾领域。\n\n<color=#FFD780FF>冰气酒雾领域</color>\n·对其中的敌人持续造成<color=#99FFFFFF>冰元素伤害</color>；\n·为其中的角色持续恢复生命值。\n\n<i>迪奥娜自己都觉得不人道的恐怖配方。前味恐怖，推荐留给敌人；后劲清冽，可惜只能用鼻子和皮肤享用。</i>",
      "Icon": "Skill_E_Diona_01"
    },
    "Inherents": [
      {
        "GroupId": 3921,
        "Proud": {
          "Descriptions": [],
          "Parameters": [
            {
              "Level": 1,
              "Parameters": [
                0.1,
                -0.1
              ]
            }
          ]
        },
        "Id": 392101,
        "Name": "猫尾隐藏菜单",
        "Description": "处于<color=#FFD780FF>猫爪冻冻</color>的护盾保护下的角色，移动速度提升10%，体力消耗降低10%。",
        "Icon": "UI_Talent_S_Diona_05"
      },
      {
        "GroupId": 3922,
        "Proud": {
          "Descriptions": [],
          "Parameters": [
            {
              "Level": 1,
              "Parameters": [
                -0.1,
                15
              ]
            }
          ]
        },
        "Id": 392201,
        "Name": "滑稽百出的醉相",
        "Description": "敌人进入<color=#FFD780FF>最烈特调</color>的领域后的15秒内，攻击力降低10%。",
        "Icon": "UI_Talent_S_Diona_06"
      },
      {
        "GroupId": 3923,
        "Proud": {
          "Descriptions": [],
          "Parameters": [
            {
              "Level": 1,
              "Parameters": []
            }
          ]
        },
        "Id": 392301,
        "Name": "附赠的下酒菜",
        "Description": "完美烹饪恢复类食物时，有12%概率获得2倍产出。",
        "Icon": "UI_Talent_Cook_Heal"
      }
    ],
    "Talents": [
      {
        "Id": 391,
        "Name": "特调的余韵",
        "Description": "<color=#FFD780FF>最烈特调</color>的效果结束时，为迪奥娜恢复15点元素能量。",
        "Icon": "UI_Talent_S_Diona_01"
      },
      {
        "Id": 392,
        "Name": "猫爪冰摇",
        "Description": "<color=#FFD780FF>猫爪冻冻</color>造成的伤害提高15%，护盾的伤害吸收量提高15%；\n此外，命中时，将为附近的当前其他场上角色生成一个伤害吸收量为<color=#FFD780FF>猫爪冻冻</color>50%的护盾，持续5秒。",
        "Icon": "UI_Talent_S_Diona_02"
      },
      {
        "Id": 393,
        "Name": "还、还要续杯？",
        "Description": "<color=#FFD780FF>最烈特调</color>的技能等级提高3级。\n至多提升至15级。",
        "Icon": "UI_Talent_U_Diona_01",
        "ExtraLevel": {
          "Index": 9,
          "Level": 3
        }
      },
      {
        "Id": 394,
        "Name": "「酒业杀手」",
        "Description": "在<color=#FFD780FF>最烈特调</color>的领域内，迪奥娜的瞄准射击的所需的蓄力时间减少60%。",
        "Icon": "UI_Talent_S_Diona_03"
      },
      {
        "Id": 395,
        "Name": "双份加冰",
        "Description": "<color=#FFD780FF>猫爪冻冻</color>的技能等级提高3级。\n至多提升至15级。",
        "Icon": "UI_Talent_U_Diona_02",
        "ExtraLevel": {
          "Index": 2,
          "Level": 3
        }
      },
      {
        "Id": 396,
        "Name": "猫尾打烊之时",
        "Description": "处在<color=#FFD780FF>最烈特调</color>领域内的角色，依据生命值获得如下效果：\n·生命值低于或等于50%时，受治疗加成提升30%；\n·生命值高于50%时，元素精通提升200。",
        "Icon": "UI_Talent_S_Diona_04"
      }
    ]
  },
  "FetterInfo": {
    "Title": "猫尾特调",
    "Detail": "遗传了稀薄的「非人」血统的少女，「猫尾酒馆」的超人气调酒师。",
    "Association": 1,
    "Native": "猫尾酒馆",
    "BirthMonth": 1,
    "BirthDay": 18,
    "VisionBefore": "冰",
    "ConstellationBefore": "小猫座",
    "CvChinese": "诺亚",
    "CvJapanese": "井泽诗织",
    "CvEnglish": "蒂娜·谢尔曼",
    "CvKorean": "禹贞信",
    "CookBonus": {
      "OriginItemId": 108096,
      "ItemId": 108134,
      "InputList": [
        100084,
        100077
      ]
    },
    "Fetters": [
      {
        "Title": "初次见面…",
        "Context": "「猫尾酒馆」的招牌调酒师，迪奥娜，我的出场费可是很贵的。唔？你居然…不是为了酒才来的？哼，那你的邀请…我就勉为其难地接受了。"
      },
      {
        "Title": "闲聊·放松",
        "Context": "哈~~好舒服，身体都变得更柔软了。"
      },
      {
        "Title": "闲聊·思考",
        "Context": "蜥蜴尾巴、胡椒、星螺…还差点什么才能调出「难喝到头脑炸裂的酒」呢？呜…"
      },
      {
        "Title": "闲聊·等待",
        "Context": "才，才没有在等你。我只是，正好在休息而已！"
      },
      {
        "Title": "下雨的时候…",
        "Context": "呜呜…讨厌下雨…去屋子里吧。唔，只是因为弄干衣服很麻烦！才不是什么怕水呢！"
      },
      {
        "Title": "打雷的时候…",
        "Context": "欸？！…我没有在发抖！没有！…呜…"
      },
      {
        "Title": "下雪的时候·玩雪",
        "Context": "这个凉飕飕的触感，哇…好棒，好有趣。"
      },
      {
        "Title": "下雪的时候·观雪",
        "Context": "白茫茫的雪在风里跳舞，真好看呢。嗯…我旁边的座位还空着，没人坐哦。"
      },
      {
        "Title": "阳光很好…",
        "Context": "走喽，晒太阳…你不去我可就自己去了哦…唔，最后一次机会！走不走！"
      },
      {
        "Title": "早上好…",
        "Context": "早，把橱柜里那罐腌泥鳅递给我一下——好咧，我要开始摧毁蒙德酒业啦。"
      },
      {
        "Title": "中午好·异响",
        "Context": "咕噜噜…嗯？没有！你什么都没有听到！"
      },
      {
        "Title": "中午好·罐头",
        "Context": "这个鱼肉罐头是我好不容易省下来的，别，别看啦！最多…最多只能给你尝一口。"
      },
      {
        "Title": "晚上好…",
        "Context": "失败了…又失败了…大家都喝得好开心，呜…别安慰我，我才不需要安慰…"
      },
      {
        "Title": "晚安…",
        "Context": "你没有猫的夜视能力，走夜路不要紧吧？要我护送你的话…欸，有灯啊？…谁，谁要护送你啦，快点走快点走。"
      },
      {
        "Title": "关于迪奥娜自己…",
        "Context": "耳朵和尾巴才不是什么装饰，是「凯茨莱茵家族」血统的象征，真是少见多怪。呃…你、你把手伸过来干什么？这个…唔…好吧，耳朵的话可以让你摸一下…但是尾巴、尾巴绝对不可以！"
      },
      {
        "Title": "关于我们·饮料",
        "Context": "想喝无酒精饮料？难倒是不难，但是没有意义！无论成功还是失败，都和摧毁蒙德酒业的目标没有关联。我才不会做呢。"
      },
      {
        "Title": "关于我们·贵宾渠道",
        "Context": "喏，这个是「了不起的夏日梦幻忧郁珊瑚气泡茶」，只是因为最近无聊才做的。热门产品？排队抢购？你在说什么呢，我可没听见。"
      },
      {
        "Title": "关于我们·聊天需要",
        "Context": "唔…要是，要是你感觉孤单了，我可以随便陪你聊聊天。我还是知道很多事情的哦！也是很好的…那个叫什么，说话对象哦。没错没错！来跟我，多说说话吧…"
      },
      {
        "Title": "关于我们·好奇心",
        "Context": "是什么是什么？你拿着的是什么？快给我看看！说不定丢到酒里能做出相当难喝的…啊，什么嘛，原来只是长得奇怪了点的蘑菇而已呀，真无趣。"
      },
      {
        "Title": "关于「神之眼」·遗传",
        "Context": "问我的「神之眼」是怎么来的？哼，是、呃…是凯茨莱茵的家族遗传！唔？杜拉夫先生根本没有神之眼？欸——露馅了。"
      },
      {
        "Title": "关于「神之眼」·来历",
        "Context": "为什么非得告诉你啦，哼！算了，看在你一直追问的份上，看在…看在我们是朋友的份上。那次我爸爸外出打猎，差点出大事，在大雨中，我脑袋里想的全部事情就是要找到他，救出他…好了啦，满意了吧！"
      },
      {
        "Title": "有什么想要分享…",
        "Context": "龙脊雪山上，会不会长着奇珍异草呢。「拥有致命的苦味」或者「沾到一点就嘴巴发麻」这样？要拔好多下来！然后…嘿嘿嘿…嚯嚯。"
      },
      {
        "Title": "感兴趣的见闻…",
        "Context": "我扑…捕捉蝴蝶的技巧可是一流的。喂，不是啦！抓蝴蝶是为了加进酒里做出难吃的味道，不要把我当成猫啦！喵！"
      },
      {
        "Title": "关于迪卢克…",
        "Context": "那个…迪卢克，是我最讨厌的人！没有迪卢克就不会有蒙德酒业，没有蒙德酒业爸爸就不会喝酒，爸爸不喝酒就…就会陪我了，哼。"
      },
      {
        "Title": "关于凯亚…",
        "Context": "为什么连我的「护卫队长」也是个令人讨厌的酒鬼啦！就是那个，说起话来总是笑盈盈的家伙！喝起酒来一杯接一杯的，没完没了。呼！"
      },
      {
        "Title": "关于温迪…",
        "Context": "温迪？不太熟的样子。但说到吟游诗人，就是那伙会给酒鬼们唱歌助兴的人吧。那就不喜欢！不喜欢不喜欢。"
      },
      {
        "Title": "关于芭芭拉…",
        "Context": "芭芭拉小姐的粉丝们，都是大哥哥大姐姐…好羡慕，为什么我的粉丝都是一群大叔呢。呜…可恶，哼，不想了。"
      },
      {
        "Title": "关于琴…",
        "Context": "琴啊，骑士团的代理团长，嗯…难得一个不喝酒的成熟大人…但总感觉认真过了头，骑士团的大家对我有些过度保护了吧？"
      },
      {
        "Title": "关于阿贝多…",
        "Context": "首席炼金术士大人？唔…我这种一直调出好酒的体质，他会知道破解的方法么？"
      },
      {
        "Title": "关于丽莎…",
        "Context": "丽莎姐姐，很和善对吧，很温柔对吧？但是，这样的姐姐也经常喝酒！呜呜呜…这是为什么啦…蒙德城已经没救了吧…"
      },
      {
        "Title": "关于香菱…",
        "Context": "我向香菱讨过一份「口感搭配特别糟糕的食物组合」，据说是她亲自实践下来的，绝对难吃什么的…没用，完全没用。「续杯」两个字已经听到猫耳朵都生茧了！呜…"
      },
      {
        "Title": "关于可莉…",
        "Context": "可莉每次来找我玩的时候，我都只好把她带去离酒馆远一点的地方。酒和炸弹…实在是太危险了！就算我想摧毁蒙德酒业，也得用堂堂正正的方式。"
      },
      {
        "Title": "关于父亲…",
        "Context": "爸爸是我最尊敬的人！爸爸是最厉害的人！但是…喝了酒的爸爸，唔——果然还是要早点终结蒙德的酒业！没时间闲聊啦！"
      },
      {
        "Title": "想要了解迪奥娜·其一",
        "Context": "「调酒师」可是很忙的！即使不在酒馆工作，也要抽出时间来收集配方。所以，所以没有要紧事情的话，就不要来打搅我。"
      },
      {
        "Title": "想要了解迪奥娜·其二",
        "Context": "你不会…也像那些讨厌的酒鬼一样要我学猫咪叫吧？不会的，绝对不会的！我才不是什么抖抖耳朵伸伸懒腰的宠物！我可是…可是…「酒业杀手」！"
      },
      {
        "Title": "想要了解迪奥娜·其三",
        "Context": "你问我…为什么「酒业杀手」变成了「猫尾酒馆」的招牌…？你，你是故意这样问的吧！就是想看我的笑话。呜，坏人！再也不给你调喝的了，水也不给！"
      },
      {
        "Title": "想要了解迪奥娜·其四",
        "Context": "别再惹我了啊，我宽容大度，但也不好欺负！我警告你，我生起气来可是会咬人的！喵！虽然不一定舍得咬你…"
      },
      {
        "Title": "想要了解迪奥娜·其五",
        "Context": "我和你…已经成为好朋友了，对吧。我隐约记得…我以前也有过这样一个朋友，但我不确定那是不是梦…\n把你的手给我。啊呜，唔…暖和的。这样就好，不要变成梦走了…"
      },
      {
        "Title": "迪奥娜的爱好…",
        "Context": "我喜欢打猎，追捕猎物可是我的强项！但爸爸说野外情况瞬息万变，只有跟着可靠的大人一起，才能深入森林。你…算是可靠的大人吧？"
      },
      {
        "Title": "迪奥娜的烦恼…",
        "Context": "嗯…到底怎样才能调出难喝的酒呢…连我给予厚望的噩梦搭配——「酱油牛奶绝云椒椒配蒲公英籽特调」都被说成是「小迪奥娜又有进步了」，呜…我不会认输的…"
      },
      {
        "Title": "喜欢的食物…",
        "Context": "我喜欢吃鱼！作为主食的鱼…爸爸做的鱼！但是…不要作为下酒菜，那是对鱼的亵渎！"
      },
      {
        "Title": "讨厌的食物…",
        "Context": "胡萝卜、土豆、洋葱、番茄…这些味道都不太喜欢。我，我可不是吃素的啊！"
      },
      {
        "Title": "收到赠礼·其一",
        "Context": "好吃…我，我就随便问一下哦，下次还有吗？"
      },
      {
        "Title": "收到赠礼·其二",
        "Context": "你可别指望我尝了点甜头，就会来蹭你…"
      },
      {
        "Title": "收到赠礼·其三",
        "Context": "喂…你是把我当成路边的野猫了吗！"
      },
      {
        "Title": "生日…",
        "Context": "炸鱼，配上这个我特别调制的酱料，给你。\n…没有加奇怪的东西！我认真调味的手艺才不会差呢，先尝过才可以说话。\n哼…这才对嘛…唔，那个，生日快乐。"
      },
      {
        "Title": "突破的感受·起",
        "Context": "猫的眼睛，看得见黑暗中的一切猎物！"
      },
      {
        "Title": "突破的感受·承",
        "Context": "猫的耳朵，听得见地上最细微的脚步声。"
      },
      {
        "Title": "突破的感受·转",
        "Context": "猫的四肢，爬得上全提瓦特最高的树。"
      },
      {
        "Title": "突破的感受·合",
        "Context": "猫的鼻子，闻得出熟悉的、喜欢的人的…唔？！是你听错了！我怎么可能说出那种话…呜…"
      },
      {
        "Title": "元素战技·其一",
        "Context": "嘿…呀！"
      },
      {
        "Title": "元素战技·其二",
        "Context": "咻咻——"
      },
      {
        "Title": "元素战技·其三",
        "Context": "目标确认。"
      },
      {
        "Title": "元素战技·其四",
        "Context": "攻守兼备。"
      },
      {
        "Title": "元素战技·其五",
        "Context": "抓到你了！"
      },
      {
        "Title": "元素战技·其六",
        "Context": "我可不好欺负！"
      },
      {
        "Title": "元素爆发·其一",
        "Context": "迪奥娜特调！"
      },
      {
        "Title": "元素爆发·其二",
        "Context": "贪杯的下场…哼！"
      },
      {
        "Title": "元素爆发·其三",
        "Context": "反省吧，酒鬼！"
      },
      {
        "Title": "冲刺开始·其一",
        "Context": "唔，来了。"
      },
      {
        "Title": "冲刺开始·其二",
        "Context": "出发，出发！"
      },
      {
        "Title": "冲刺结束·其一",
        "Context": "呼。"
      },
      {
        "Title": "冲刺结束·其二",
        "Context": "哈唔…"
      },
      {
        "Title": "打开风之翼·其一",
        "Context": "飞起来喽。"
      },
      {
        "Title": "打开宝箱·其一",
        "Context": "让酒变难喝的材料啊，出现吧！"
      },
      {
        "Title": "打开宝箱·其二",
        "Context": "亮晶晶的…想要…扑过去！"
      },
      {
        "Title": "打开宝箱·其三",
        "Context": "宝箱里有些什么，我很好奇！"
      },
      {
        "Title": "生命值低·其一",
        "Context": "我不会认输…！"
      },
      {
        "Title": "生命值低·其二",
        "Context": "喵…喵…！"
      },
      {
        "Title": "生命值低·其三",
        "Context": "胜负还没分呢！"
      },
      {
        "Title": "同伴生命值低·其一",
        "Context": "太乱来啦！"
      },
      {
        "Title": "同伴生命值低·其二",
        "Context": "去休息去休息！"
      },
      {
        "Title": "倒下·其一",
        "Context": "酒的味道…好臭…"
      },
      {
        "Title": "倒下·其二",
        "Context": "泉水精灵…不要走…"
      },
      {
        "Title": "倒下·其三",
        "Context": "眼睛…睁不开了…"
      },
      {
        "Title": "普通受击·其一",
        "Context": "没躲开…"
      },
      {
        "Title": "重受击·其一",
        "Context": "从哪里来的？"
      },
      {
        "Title": "加入队伍·其一",
        "Context": "狩猎开始！"
      },
      {
        "Title": "加入队伍·其二",
        "Context": "果然需要我出手嘛！"
      },
      {
        "Title": "加入队伍·其三",
        "Context": "哼，就包在我身上。"
      }
    ],
    "FetterStories": [
      {
        "Title": "角色详细",
        "Context": "酒客每次走进「猫尾酒馆」，一定会先把视线投向吧台的方向。\n因为那里经常站着一位猫耳微动的少女，一边晃着摇壶，一边露出一脸不高兴的样子。\n那就是蒙德酒业的超新星，传统势力的最大挑战者，调酒师迪奥娜。\n但调出好喝的酒并非她的本意——不如说，恰恰相反。\n她调酒的配方，在外人看来，似乎是「有些不可思议」。但在迪奥娜自己看来，根本就是「我真的在努力破坏那杯讨厌的液体了」。\n但不论什么品种的酒，只要经迪奥娜之手调制以后，都会变成难以想象的美味佳酿。\n这是一种「受祝福的体质」，而这种体质给迪奥娜造成了很大的困扰。\n因为，对自诩「酒业杀手」的迪奥娜来说，以一己之力摧毁整个蒙德的酒业，才是她的最终目标。"
      },
      {
        "Title": "角色故事1",
        "Context": "来「猫尾酒馆」担任调酒师，其实是迪奥娜精心谋划的一场恶作剧，这场恶作剧正是她宏大计划的第一步。\n当酒客在吧台旁找到椅子坐下，一边「享受」着调酒师少女嫌弃的视线，一边期待着一杯「迪奥娜特调」时…\n「哼，喝下这杯蜥蜴海盐酒，给你的酒鬼生涯画上句号吧…」\n迪奥娜就会如此这般地，盘算着好好倒一倒这些酒鬼的胃口。\n然而…\n「咕噜…咕噜…啊，我从没喝过这么美妙的酒！可以续杯吗，小姐？」\n「…续、续杯？」\n时至今日，迪奥娜仍在与「百分百调出好喝的酒」的体质斗争着。而不服输的她，也还没放弃找到真正难喝配方的愿望。\n可结果却总是一样，「猫尾酒馆」中依旧觥筹交错，开怀的酒客们对迪奥娜的夸赞声不绝于耳。\n而迪奥娜只能眼噙泪花，生气地鼓起腮帮——\n「你们别太得意忘形啦！」"
      },
      {
        "Title": "角色故事2",
        "Context": "迪奥娜的父亲，杜拉夫，是整个清泉镇最好的猎手。\n他拥有坚毅的面容、凌厉的狩技、冷静的判断力，是清泉镇所有猎人当之无愧的头领，更是他们的榜样。\n对迪奥娜来说，父亲在她的童年里一直闪耀着光辉，也是她心中的憧憬，是近乎完美的偶像。\n也正因如此，当父亲作为偶像的形象忽然倒塌时，小迪奥娜才哭得那么伤心。\n「他喝醉酒的样子，就像刚吃饱的在泥潭里打滚的野猪！」小迪奥娜红着眼眶说道。\n可迪奥娜并不准备将其归咎于父亲糟糕的酒品，她永远不会觉得父亲有错，那样可靠的父亲又怎么会有错呢？\n「都是酒的错！酒是会蛊惑人，让人变笨的坏东西！」\n这就是迪奥娜对酒厌恶的根源，同时也是「猫尾酒馆」交上好运的起源。\n而「猫尾酒馆」的老板玛格丽特小姐，当初其实并未预见到这些，她录用迪奥娜的理由十分简单。\n「没办法，她看起来太可爱了嘛。」"
      },
      {
        "Title": "角色故事3",
        "Context": "很多客人以为，迪奥娜的猫耳和猫尾，是和她的调酒师制服成套的装饰。\n直到一位酒醉半酣的客人出于好奇，触摸了那根尾巴…是出乎意料的温暖而柔软的触感。\n然后，那天的「猫尾酒馆」被迪奥娜彻底闹了个天翻地覆。\n这些类似猫的性状，是「凯茨莱茵家族」血统的象征，在蒙德地区十分罕见。\n除了外观上与猫相近之外，迪奥娜和她的父亲杜拉夫在狩猎方面卓越的天资，也是得益于这古老的血统。\n因此，潜行、射箭、灵活地攀爬与闪避…这些技巧迪奥娜几乎完全无师自通。\n「哦，她还拥有一双能在黑夜里视物的眼睛。」\n「以及，缺点是…凶起来有可能会咬人，这一点请务必小心。」\n艾迪丝博士在《奇异血统的调查研究》笔记中如此标注道。"
      },
      {
        "Title": "角色故事4",
        "Context": "迪奥娜的出现，确实对蒙德酒业产生了一些影响。\n晨曦酒庄的产业垄断，有被异军突起的猫尾酒馆所打破的趋势，这是打理酒庄生意的管家埃泽所不能容许的。\n老谋深算的埃泽，开始动起了挖角这位「关键人物」的心思。殊不知，迪奥娜一直把晨曦酒庄当做要打败的「最终Boss」来看待。\n「这奇妙而又大胆的调酒配方，想必就是美味的秘诀吧？」\n迪奥娜抬起头，不悦地瞪视着这位刚刚坐到吧台前的白发男子。\n「嗯，堪称绝味，我品尝到了您对酒无比的热情与厚爱。」\n迪奥娜正在摇酒的手开始微微颤抖了起来，敏锐的埃泽捕捉到了这一变化，直接道明了来意——\n「像您这样优秀的调酒师，如果能赏光来和我们晨曦酒庄合作的话，一定能让蒙德的酒业达到前所未有的繁荣！」\n……\n事后，当迪卢克问起埃泽手上的绷带是怎么回事的时候，埃泽少见地有些支支吾吾：\n「被，被猫咬了。」"
      },
      {
        "Title": "角色故事5",
        "Context": "在迪奥娜的家乡，流传着一个「泉水精灵」的传说。\n她拯救了井边一对绝望的母子，从枯井中唤起汩汩水流，汇聚成泉。原本病得奄奄一息的孩子奇迹般地在泉水中痊愈了。\n当时的人们纷纷前来观瞻这受到祝福的泉水，甚至围绕泉水建起聚落、不愿离去。久而久之，便诞生了名为「清泉镇」的小镇。\n然而在如今的清泉镇，大多数人认为那只是一个传说而已，甚至有人说那是「旅游业的阴谋」。\n唯有小时候的迪奥娜坚信着泉水精灵的存在，在每一个父亲沉沉睡去的夜里，面对月亮在泉水中的倒影说话。\n那是一份值得回应的感情，真挚、天真而美好…\n泉水精灵是这样认为的。\n于是，迪奥娜得到了一份奇妙的友谊，一位可以互相倾诉，偶尔排解孤独的伙伴。\n在迪奥娜七岁生日那天的晚上，月光透过泉水映在迪奥娜的脸上，她听到泉水精灵的细语。\n「我将祝福送予猎人的女儿，作为成长与饯别的礼物。愿你的杯中永远盛满欢庆的美酒，如千年融雪的清泉一般甘冽。」\n自那以后，泉水精灵再也没有出现在迪奥娜面前，那些记忆也如同梦幻泡影一般留在了幼小的童年。\n而迪奥娜至今也没能意识到，自己麻烦的体质与曾经的「那场梦」有什么牵连。"
      },
      {
        "Title": "凉凉摇壶",
        "Context": "迪奥娜的父亲杜拉夫，也有偶尔自己调酒喝的兴趣。\n夜里的父亲晃荡着摇酒壶，在一旁偷看的迪奥娜也不自觉地摇着尾巴。\n年幼的迪奥娜发现往往在这样的夜里，父亲会醉得更厉害。在为她讲睡前故事之前，便会倒在床上不省人事。\n于是那天父亲外出狩猎以后，她把摇壶悄悄藏起来，放在小床底下的最深处。\n可没料到父亲几乎找也没找，第二天又带了一个新的回来。\n在迪奥娜到「猫尾酒馆」面试调酒师的那天，玛格丽特注意到了迪奥娜随身带来的、与她气质格格不入的摇壶。\n在心灵手巧的玛格丽特老板的改造下，带有可爱猫尾的摇壶作为「上岗礼物」回到了迪奥娜手上。\n「这样才配得上你呀。」玛格丽特小姐满意地点点头。"
      },
      {
        "Title": "神之眼",
        "Context": "迪奥娜对酒的厌恶，并非是一种「仇恨」，而应该说是源自于「贪婪」。\n她想要父亲永远都是自己憧憬的样子，珍视着家人陪伴的每分每秒，绝不愿意与酒来「分享」这份幸福。\n有一场暴雨整整下了三天，而外出狩猎的父亲也整整三天没有回来。\n恶劣的天气使得西风骑士团的搜救小队毫无进展，一种对「失去」的恐惧深深笼罩了迪奥娜。\n如果说「分享」都是不能容忍的事，又怎么可能忍受被「全部夺去」呢？\n迪奥娜推门而出，闯进了暴风雨中。一股陌生的力量将阻挡在她面前的洪流统统冻结。\n依靠着自己超绝的追踪天赋，迪奥娜最终在一处断崖下找到了父亲。\n在其他猎人的帮助下回到家中、确定父亲并无大碍后，迪奥娜才终于破涕为笑。\n「要不然…我给你调一杯酒吧，喝些酒可以镇痛吧？」\n那恐怕是迪奥娜唯一一次配方正常的调酒了。\n「凉凉的，真是太好喝啦，哈哈哈哈…哎哟…」\n能够喝上自己女儿帮忙调的酒，这件事本身的镇痛效果就远远大于酒精了吧。\n——尽管这件事让迪奥娜获得了操控冰元素的力量，但还是没能成为她与酒和解的契机。"
      }
    ]
  },
  "Costumes": [
    {
      "Id": 203900,
      "Name": "粉糖青酿",
      "Description": "迪奥娜的装扮款式。猫尾酒吧明星调酒师工作时的日常装束。",
      "IsDefault": true
    }
  ],
  "CultivationItems": [
    104164,
    113010,
    100056,
    112013,
    104303,
    113014
  ],
  "NameCard": {
    "Name": "迪奥娜·呜喵",
    "Description": "名片纹饰。\n凯茨莱茵一家都有这种猫一样的特征。是远古时代里谁人的恶趣味吧。",
    "Icon": "UI_NameCardIcon_Diona",
    "PicturePrefix": "UI_NameCardPic_Diona"
  }
}