{
  "Id": 10000072,
  "PromoteId": 72,
  "Sort": 54,
  "Body": 3,
  "Icon": "UI_AvatarIcon_Candace",
  "SideIcon": "UI_AvatarIcon_Side_Candace",
  "Name": "坎蒂丝",
  "Description": "有着琥珀色左眼的赤王后裔，阿如村的守护者。",
  "BeginTime": "2022-09-27T00:00:00+08:00",
  "Quality": 4,
  "Weapon": 13,
  "BaseValue": {
    "HpBase": 911.791,
    "AttackBase": 17.808,
    "DefenseBase": 57.225
  },
  "GrowCurves": [
    {
      "Type": 1,
      "Value": 22
    },
    {
      "Type": 4,
      "Value": 32
    },
    {
      "Type": 7,
      "Value": 22
    }
  ],
  "SkillDepot": {
    "Arkhe": 0,
    "Skills": [
      {
        "GroupId": 7231,
        "Proud": {
          "Descriptions": [
            "一段伤害|{param1:F1P}",
            "二段伤害|{param2:F1P}",
            "三段伤害|{param3:F1P}+{param4:F1P}",
            "四段伤害|{param5:F1P}",
            "重击伤害|{param6:F1P}",
            "重击体力消耗|{param7:F1}点",
            "下坠期间伤害|{param8:F1P}",
            "低空/高空坠地冲击伤害|{param9:P}/{param10:P}"
          ],
          "Parameters": [
            {
              "Level": 1,
              "Parameters": [
                0.60802,
                0.61146,
                0.354879,
                0.433741,
                0.94944,
                1.24184,
                25,
                0.639324,
                1.278377,
                1.596762
              ]
            },
            {
              "Level": 2,
              "Parameters": [
                0.65751,
                0.66123,
                0.383765,
                0.469046,
                1.02672,
                1.34292,
                25,
                0.691362,
                1.382431,
                1.726731
              ]
            },
            {
              "Level": 3,
              "Parameters": [
                0.707,
                0.711,
                0.41265,
                0.50435,
                1.104,
                1.444,
                25,
                0.7434,
                1.486485,
                1.8567
              ]
            },
            {
              "Level": 4,
              "Parameters": [
                0.7777,
                0.7821,
                0.453915,
                0.554785,
                1.2144,
                1.5884,
                25,
                0.81774,
                1.635134,
                2.04237
              ]
            },
            {
              "Level": 5,
              "Parameters": [
                0.82719,
                0.83187,
                0.4828,
                0.59009,
                1.29168,
                1.68948,
                25,
                0.869778,
                1.739187,
                2.172339
              ]
            },
            {
              "Level": 6,
              "Parameters": [
                0.88375,
                0.88875,
                0.515813,
                0.630438,
                1.38,
                1.805,
                25,
                0.92925,
                1.858106,
                2.320875
              ]
            },
            {
              "Level": 7,
              "Parameters": [
                0.96152,
                0.96696,
                0.561204,
                0.685916,
                1.50144,
                1.96384,
                25,
                1.011024,
                2.02162,
                2.525112
              ]
            },
            {
              "Level": 8,
              "Parameters": [
                1.03929,
                1.04517,
                0.606596,
                0.741395,
                1.62288,
                2.12268,
                25,
                1.092798,
                2.185133,
                2.729349
              ]
            },
            {
              "Level": 9,
              "Parameters": [
                1.11706,
                1.12338,
                0.651987,
                0.796873,
                1.74432,
                2.28152,
                25,
                1.174572,
                2.348646,
                2.933586
              ]
            },
            {
              "Level": 10,
              "Parameters": [
                1.2019,
                1.2087,
                0.701505,
                0.857395,
                1.8768,
                2.4548,
                25,
                1.26378,
                2.527025,
                3.15639
              ]
            },
            {
              "Level": 11,
              "Parameters": [
                1.28674,
                1.29402,
                0.751023,
                0.917917,
                2.00928,
                2.62808,
                25,
                1.352988,
                2.705403,
                3.379194
              ]
            },
            {
              "Level": 12,
              "Parameters": [
                1.37158,
                1.37934,
                0.800541,
                0.978439,
                2.14176,
                2.80136,
                25,
                1.442196,
                2.883781,
                3.601998
              ]
            },
            {
              "Level": 13,
              "Parameters": [
                1.45642,
                1.46466,
                0.850059,
                1.038961,
                2.27424,
                2.97464,
                25,
                1.531404,
                3.062159,
                3.824802
              ]
            },
            {
              "Level": 14,
              "Parameters": [
                1.54126,
                1.54998,
                0.899577,
                1.099483,
                2.40672,
                3.14792,
                25,
                1.620612,
                3.240537,
                4.047606
              ]
            },
            {
              "Level": 15,
              "Parameters": [
                1.6261,
                1.6353,
                0.949095,
                1.160005,
                2.5392,
                3.3212,
                25,
                1.70982,
                3.418915,
                4.27041
              ]
            }
          ]
        },
        "Id": 10721,
        "Name": "普通攻击·流耀枪术·守势",
        "Description": "<color=#FFD780FF>普通攻击</color>\n进行至多四段的连续枪击。\n\n<color=#FFD780FF>重击</color>\n消耗一定体力，向前方突进，对路径上的敌人造成伤害。\n\n<color=#FFD780FF>下落攻击</color>\n从空中下坠冲击地面，攻击下落路径上的敌人，并在落地时造成范围伤害。",
        "Icon": "Skill_A_03"
      },
      {
        "GroupId": 7232,
        "Proud": {
          "Descriptions": [
            "护盾吸收量|{param1:F1P}生命值上限+{param2:I}",
            "基础伤害|{param3:F1P}生命值上限",
            "蓄力完成伤害|{param4:F1P}生命值上限",
            "点按冷却时间|{param5:F1}秒",
            "长按冷却时间|{param6:F1}秒"
          ],
          "Parameters": [
            {
              "Level": 1,
              "Parameters": [
                0.12,
                1155.5629,
                0.12,
                0.1904,
                6,
                9
              ]
            },
            {
              "Level": 2,
              "Parameters": [
                0.129,
                1271.1353,
                0.129,
                0.20468,
                6,
                9
              ]
            },
            {
              "Level": 3,
              "Parameters": [
                0.138,
                1396.3386,
                0.138,
                0.21896,
                6,
                9
              ]
            },
            {
              "Level": 4,
              "Parameters": [
                0.15,
                1531.173,
                0.15,
                0.238,
                6,
                9
              ]
            },
            {
              "Level": 5,
              "Parameters": [
                0.159,
                1675.6384,
                0.159,
                0.25228,
                6,
                9
              ]
            },
            {
              "Level": 6,
              "Parameters": [
                0.168,
                1829.7349,
                0.168,
                0.26656,
                6,
                9
              ]
            },
            {
              "Level": 7,
              "Parameters": [
                0.18,
                1993.4624,
                0.18,
                0.2856,
                6,
                9
              ]
            },
            {
              "Level": 8,
              "Parameters": [
                0.192,
                2166.8208,
                0.192,
                0.30464,
                6,
                9
              ]
            },
            {
              "Level": 9,
              "Parameters": [
                0.204,
                2349.8105,
                0.204,
                0.32368,
                6,
                9
              ]
            },
            {
              "Level": 10,
              "Parameters": [
                0.216,
                2542.4312,
                0.216,
                0.34272,
                6,
                9
              ]
            },
            {
              "Level": 11,
              "Parameters": [
                0.228,
                2744.6826,
                0.228,
                0.36176,
                6,
                9
              ]
            },
            {
              "Level": 12,
              "Parameters": [
                0.24,
                2956.5652,
                0.24,
                0.3808,
                6,
                9
              ]
            },
            {
              "Level": 13,
              "Parameters": [
                0.255,
                3178.0789,
                0.255,
                0.4046,
                6,
                9
              ]
            },
            {
              "Level": 14,
              "Parameters": [
                0.27,
                3409.2236,
                0.27,
                0.4284,
                6,
                9
              ]
            },
            {
              "Level": 15,
              "Parameters": [
                0.285,
                3649.9995,
                0.285,
                0.4522,
                6,
                9
              ]
            }
          ]
        },
        "Id": 10722,
        "Name": "圣仪·苍鹭庇卫",
        "Description": "坎蒂丝的战斗风格，是能抵御洪水一般的军势的。\n\n<color=#FFD780FF>点按</color>\n以盾牌进行冲击，向前方造成<color=#80C0FFFF>水元素伤害</color>。\n\n<color=#FFD780FF>长按</color>\n举起盾牌抵挡周围敌人的攻击，形成护盾，伤害吸收量受益于坎蒂丝的生命值上限，并且对<color=#80C0FFFF>水元素伤害</color>有250%的吸收效果。护盾持续至元素战技施放完毕。\n长按一段时间后，坎蒂丝将完成蓄力，并在松开技能、持续时间结束，或护盾被破坏时，进行跳跃攻击，对前方的敌人造成<color=#80C0FFFF>水元素伤害</color>。\n\n<i>守护者们传承的誓言，要比他们传承的盾更为刚坚。</i>",
        "Icon": "Skill_S_Candace_01"
      }
    ],
    "EnergySkill": {
      "GroupId": 7239,
      "Proud": {
        "Descriptions": [
          "技能伤害|{param1:F1P}生命值上限",
          "持续时间|{param2:F1}秒",
          "伤害加成|{param3:F1P}",
          "水波冲击伤害|{param4:F1P}生命值上限",
          "水波冲击触发次数|{param5:I}次",
          "冷却时间|{param6:F1}秒",
          "元素能量|{param7:I}"
        ],
        "Parameters": [
          {
            "Level": 1,
            "Parameters": [
              0.066104,
              9,
              0.2,
              0.066104,
              3,
              15,
              60
            ]
          },
          {
            "Level": 2,
            "Parameters": [
              0.071062,
              9,
              0.2,
              0.071062,
              3,
              15,
              60
            ]
          },
          {
            "Level": 3,
            "Parameters": [
              0.07602,
              9,
              0.2,
              0.07602,
              3,
              15,
              60
            ]
          },
          {
            "Level": 4,
            "Parameters": [
              0.08263,
              9,
              0.2,
              0.08263,
              3,
              15,
              60
            ]
          },
          {
            "Level": 5,
            "Parameters": [
              0.087588,
              9,
              0.2,
              0.087588,
              3,
              15,
              60
            ]
          },
          {
            "Level": 6,
            "Parameters": [
              0.092546,
              9,
              0.2,
              0.092546,
              3,
              15,
              60
            ]
          },
          {
            "Level": 7,
            "Parameters": [
              0.099156,
              9,
              0.2,
              0.099156,
              3,
              15,
              60
            ]
          },
          {
            "Level": 8,
            "Parameters": [
              0.105766,
              9,
              0.2,
              0.105766,
              3,
              15,
              60
            ]
          },
          {
            "Level": 9,
            "Parameters": [
              0.112377,
              9,
              0.2,
              0.112377,
              3,
              15,
              60
            ]
          },
          {
            "Level": 10,
            "Parameters": [
              0.118987,
              9,
              0.2,
              0.118987,
              3,
              15,
              60
            ]
          },
          {
            "Level": 11,
            "Parameters": [
              0.125598,
              9,
              0.2,
              0.125598,
              3,
              15,
              60
            ]
          },
          {
            "Level": 12,
            "Parameters": [
              0.132208,
              9,
              0.2,
              0.132208,
              3,
              15,
              60
            ]
          },
          {
            "Level": 13,
            "Parameters": [
              0.140471,
              9,
              0.2,
              0.140471,
              3,
              15,
              60
            ]
          },
          {
            "Level": 14,
            "Parameters": [
              0.148734,
              9,
              0.2,
              0.148734,
              3,
              15,
              60
            ]
          },
          {
            "Level": 15,
            "Parameters": [
              0.156997,
              9,
              0.2,
              0.156997,
              3,
              15,
              60
            ]
          }
        ]
      },
      "Id": 10725,
      "Name": "圣仪·灰鸰衒潮",
      "Description": "高举武器，召请神佑，基于坎蒂丝的生命值上限，造成<color=#80C0FFFF>水元素范围伤害</color>，并持续为当前场上自己的角色赋予「赤冕祝祷」状态。\n\n<color=#FFD780FF>赤冕祝祷</color>\n具有如下特性：\n·角色的普通攻击对敌人造成元素伤害时，提高造成的伤害；\n·角色登场时，会发动水波冲击，对周围的敌人造成<color=#80C0FFFF>水元素伤害</color>。该效果在持续时间内触发的次数有限；\n·处于这种状态下的单手剑、双手剑、长柄武器角色会获得<color=#80C0FFFF>水元素附魔</color>。\n\n<i>坎蒂丝家族世代传承的秘仪。尽管古老的信仰早已消逝在千年的岁月中，沙海依然庇护着古国的后人。</i>",
      "Icon": "Skill_E_Candace_01"
    },
    "Inherents": [
      {
        "GroupId": 7221,
        "Proud": {
          "Descriptions": [],
          "Parameters": [
            {
              "Level": 1,
              "Parameters": []
            }
          ]
        },
        "Id": 722101,
        "Name": "流羽交护",
        "Description": "若坎蒂丝在<color=#FFD780FF>圣仪·苍鹭庇卫</color>长按期间受到攻击，会立即完成蓄力。",
        "Icon": "UI_Talent_S_Candace_05"
      },
      {
        "GroupId": 7222,
        "Proud": {
          "Descriptions": [],
          "Parameters": [
            {
              "Level": 1,
              "Parameters": [
                0.005
              ]
            }
          ]
        },
        "Id": 722201,
        "Name": "漫沙陨穹",
        "Description": "处于<color=#FFD780FF>圣仪·灰鸰衒潮</color>的赤冕祝祷状态下的角色，普通攻击对敌人造成元素伤害时，坎蒂丝每1000点生命值上限会使这次伤害提高0.5%。",
        "Icon": "UI_Talent_S_Candace_06"
      },
      {
        "GroupId": 7223,
        "Proud": {
          "Descriptions": [],
          "Parameters": [
            {
              "Level": 1,
              "Parameters": []
            }
          ]
        },
        "Id": 722301,
        "Name": "向拂晓的初光",
        "Description": "队伍中自己的角色攀爬消耗的体力降低20%。\n无法与效果完全相同的固有天赋叠加。",
        "Icon": "UI_Talent_Explosion_Climb"
      }
    ],
    "Talents": [
      {
        "Id": 721,
        "Name": "赤沙的归嗣",
        "Description": "<color=#FFD780FF>圣仪·灰鸰衒潮</color>的赤冕祝祷状态持续时间延长3秒。",
        "Icon": "UI_Talent_S_Candace_01"
      },
      {
        "Id": 722,
        "Name": "贯月的耀锋",
        "Description": "<color=#FFD780FF>圣仪·苍鹭庇卫</color>命中敌人时，坎蒂丝的生命值上限提升20%，持续15秒。",
        "Icon": "UI_Talent_S_Candace_02"
      },
      {
        "Id": 723,
        "Name": "织狩的奉祀",
        "Description": "<color=#FFD780FF>圣仪·灰鸰衒潮</color>的技能等级提高3级。\n至多提升至15级。",
        "Icon": "UI_Talent_U_Candace_01",
        "ExtraLevel": {
          "Index": 9,
          "Level": 3
        }
      },
      {
        "Id": 724,
        "Name": "守戍的誓命",
        "Description": "缩短<color=#FFD780FF>圣仪·苍鹭庇卫</color>长按的冷却时间，使其降低至与点按的冷却时间相同。",
        "Icon": "UI_Talent_S_Candace_03"
      },
      {
        "Id": 725,
        "Name": "萦金的苍瞳",
        "Description": "<color=#FFD780FF>圣仪·苍鹭庇卫</color>的技能等级提高3级。\n至多提升至15级。",
        "Icon": "UI_Talent_U_Candace_02",
        "ExtraLevel": {
          "Index": 2,
          "Level": 3
        }
      },
      {
        "Id": 726,
        "Name": "衍溢的汐潮",
        "Description": "处于<color=#FFD780FF>圣仪·灰鸰衒潮</color>的赤冕祝祷状态下的当前场上角色（不包括坎蒂丝自己），在普通攻击对敌人造成元素伤害时，将释放衍潮冲击，造成相当于坎蒂丝生命值上限15%<color=#80C0FFFF>水元素范围伤害</color>。\n该效果每2.3秒至多触发一次，造成的伤害视为元素爆发伤害。",
        "Icon": "UI_Talent_S_Candace_04"
      }
    ]
  },
  "FetterInfo": {
    "Title": "浮金的誓愿",
    "Detail": "有着琥珀色左眼的赤王后裔，阿如村的守护者。",
    "Association": 7,
    "Native": "阿如村",
    "BirthMonth": 5,
    "BirthDay": 3,
    "VisionBefore": "水",
    "ConstellationBefore": "箭盾座",
    "CvChinese": "张琦",
    "CvJapanese": "柚木凉香",
    "CvEnglish": "莎蕾·科尔比",
    "CvKorean": "全暎洙",
    "CookBonus": {
      "OriginItemId": 108461,
      "ItemId": 108468,
      "InputList": [
        100092,
        110001,
        100096,
        100079
      ]
    },
    "Fetters": [
      {
        "Title": "初次见面…",
        "Context": "你好呀，远道而来的旅行者，夜晚的沙漠可是很严酷的，不如就在敝处稍住一晚吧，由我来照看你的无梦之夜。"
      },
      {
        "Title": "闲聊·盾与枪",
        "Context": "为了保护珍贵之物，只有盾是不够的。所以…我才会握起枪。"
      },
      {
        "Title": "闲聊·生活",
        "Context": "希望每个人都平安无事。只要能维持这样的生活，我就心满意足了…"
      },
      {
        "Title": "闲聊·愿望",
        "Context": "无论以怎样的方法，我都希望守护住那些重要的东西。尽管有时…这会是一种奢望。"
      },
      {
        "Title": "下雨的时候…",
        "Context": "可别着凉了。"
      },
      {
        "Title": "打雷的时候…",
        "Context": "雷声隆隆——会让你害怕吗？"
      },
      {
        "Title": "下雪的时候…",
        "Context": "这些白色的东西，冰冰凉凉的…"
      },
      {
        "Title": "刮大风了…",
        "Context": "在沙漠里，这样的风会吹起沙暴，得小心了。"
      },
      {
        "Title": "在沙漠的时候…",
        "Context": "我就在你身旁。若你不放心的话，就请牵着我的手吧。"
      },
      {
        "Title": "早上好…",
        "Context": "早上好啊，不知旅者昨夜可曾安然入眠？"
      },
      {
        "Title": "中午好…",
        "Context": "已经是中午了，天上明眸之光灼然炫目，不如找个荫凉处歇息一下吧。"
      },
      {
        "Title": "晚上好…",
        "Context": "夜晚啊，在那光芒褪尽的诸多帷帐之后，藏着多少难言的隐秘呢…"
      },
      {
        "Title": "晚安…",
        "Context": "嗯，确实已经到休息的时间了，你先去睡吧。我吗？离我入睡的时候还早，夜晚虽然美丽却也危险，我得好好帮你守夜才行啊。"
      },
      {
        "Title": "关于坎蒂丝自己·瞳色",
        "Context": "很奇怪吗，不管是琥珀色还是蔚蓝色，应该都还算常见的瞳色吧…"
      },
      {
        "Title": "关于坎蒂丝自己·阿如村",
        "Context": "我自小就在阿如村出生长大，在我尚且懵懂之时就知道，将来一定会从祖父手中接过守护阿如村的职责…如今，这已是我欣然接受的天职了。"
      },
      {
        "Title": "关于坎蒂丝自己·父母",
        "Context": "我的父亲是教令院的学者，当时为了研究才到了阿如村，也由此和我的母亲相遇。关于母亲的事，我全是从父亲口中得知的…在我出生那日，母亲就走入永夜之中了…"
      },
      {
        "Title": "关于我们·主客",
        "Context": "你永远是阿如村的客人，无论何时，若是在旅途中觉得困倦疲累，你都可以到这儿来歇息一会儿。阿如村永远欢迎你…我永远会欢迎你。"
      },
      {
        "Title": "关于我们·宝匣之中",
        "Context": "据说每个人心中都有一个宝匣，他们将珍视之物装入匣中，花上一生的时间好好守护。这样想要守护的东西，在我的宝匣之中也有许多，要猜猜看都有什么吗？"
      },
      {
        "Title": "关于「神之眼」…",
        "Context": "在我获得「神之眼」的时候，村里不少人都说这是阿赫玛尔的恩眷…但对我来说这并不重要。无论有没有神明的恩赐，我都会履行「守护者」的职责。"
      },
      {
        "Title": "有什么想要分享…",
        "Context": "我很喜欢在阿如村度过的日子。同时，在这里度过的每一天也都在提醒我，如果我因为松懈失察而酿成大错的话，就再也无法回到这样的生活了。"
      },
      {
        "Title": "感兴趣的见闻…",
        "Context": "你有在旅行的途中见过枣椰吗，村里的人经常把它们摘回来做成糖果吃，味道非常甜美。如果感兴趣的话，你也尝尝看吧。"
      },
      {
        "Title": "关于小吉祥草王…",
        "Context": "草神啊…作为阿赫玛尔血脉延续的我既然能在此安然生存，或许也仰赖她的仁慈吧。不过，虽说心中怀有淡薄的感激之念，但我毕竟是沙漠的子嗣…"
      },
      {
        "Title": "关于莱依拉…",
        "Context": "「状若梦游的古怪少女」么…我确实在防沙壁附近看到过，虽然完全听不懂她说的话和写在纸上的一堆算式…不过，她似乎说完那些心情变好了许多。或许这是她排解心中压力的方式吧。"
      },
      {
        "Title": "关于艾尔海森…",
        "Context": "真是奇怪的须弥学者，跟我接触过的其他学者都有些不太一样，他的想法与见解都很独到…希望他的这份锐利，不会打扰到阿如村的安宁吧。"
      },
      {
        "Title": "关于赛诺…",
        "Context": "教令院的大风纪官…之前很少到防沙壁的这一侧来，最近却常常出现。关于他，镀金旅团里似乎流传着一些相当可怕的传说…"
      },
      {
        "Title": "关于迪希雅…",
        "Context": "迪希雅，她每次带着镀金旅团的人在阿如村寄宿的时候，都能约束好手下的行动，可以说…给我免了很多麻烦。迪希雅小姐，跟看上去大大咧咧的样子不同，是个非常可爱的人哦。"
      },
      {
        "Title": "关于赛索斯…",
        "Context": "赤王的子民永远保有骄傲，他也是如此。我听说了他的事，赫曼努比斯的威光将与有能力的人共存。听说他最近在须弥城很活跃，还跟赛诺他们提起阿如村，说是想来作客，我很期待。"
      },
      {
        "Title": "想要了解坎蒂丝·其一",
        "Context": "想要了解我的事情吗…那算不上是一个好故事，但要是你执意想听的话…那就在入夜之后，由我在篝火边为你讲述吧。"
      },
      {
        "Title": "想要了解坎蒂丝·其二",
        "Context": "我们是失去了神明庇护的一族，对我们而言，谎言不是什么敌人，没有明天才是。怀揣谎言行走于痛苦的荆棘之路上，说不定…说不定比自顾自拥抱真相死去的人要高尚一些呢…"
      },
      {
        "Title": "想要了解坎蒂丝·其三",
        "Context": "即使到现在，也有人相信赤王有朝一日能够复活，但那是不可能的。一切的过去都如同被吹拂的砂砾，对过往之事来说，随风而去才是最好的归宿。"
      },
      {
        "Title": "想要了解坎蒂丝·其四",
        "Context": "我的盾牌？喔，如果按照村外人的说法，这面盾牌上可是有着「贝努」的祝福呢，只要拿着这面盾牌，沙漠里的每一颗沙砾都是我的斥候，沙暴也任我驱使…这其实都是外人的臆想。但无论如何，对我来说…至少这面盾牌用得挺顺手的。"
      },
      {
        "Title": "想要了解坎蒂丝·其五",
        "Context": "我真想用这只琥珀色的眼睛，预见你的未来…我想，它大概会是一片金黄，介于阳光和黄金之间，是充满希望的颜色。你的前路一定会顺利，我由衷祝福着它。"
      },
      {
        "Title": "坎蒂丝的爱好…",
        "Context": "在村中散步就是我最喜欢做的事。看到一切都好，就让人觉得今日犹如昨天，昨天犹如过去，而过去又总是好的。"
      },
      {
        "Title": "坎蒂丝的烦恼…",
        "Context": "偶尔还是会有不长眼的宵小之徒，企图打扰阿如村的宁静。或许…只将那些家伙赶进全是魔兽的山谷里还是太过仁慈了，怎么样，你有更好的建议吗？"
      },
      {
        "Title": "喜欢的食物…",
        "Context": "对我来说…食物的分量比口味更重要。在沙漠里生活需要耗费比想象中更多的体力，一天的劳累过后，没有比吃饱肚子更为惬意的事了吧。"
      },
      {
        "Title": "讨厌的食物…",
        "Context": "倒也没到讨厌的程度，不过相较于肉，鱼吃起来确实非常麻烦…可能也是在沙漠中很少吃鱼的关系吧，我对于那种将刺从鱼肉中剔除的工作并不擅长…让你见笑了。"
      },
      {
        "Title": "收到赠礼·其一",
        "Context": "好吃极了，为做出这样的美食，你想必付出了相当的努力吧。"
      },
      {
        "Title": "收到赠礼·其二",
        "Context": "明明是四处漂泊的旅人，你做的饭，却有家的味道呢。"
      },
      {
        "Title": "收到赠礼·其三",
        "Context": "或许是我对可食用之物的定义太过保守…"
      },
      {
        "Title": "生日…",
        "Context": "祝你生日快乐！多了不起啊，你在过去某年某月的这一天出生了。有什么想要实现的愿望吗。如果要去险远之处，我就作你旅途的护卫。若是想稍作休息，那就来阿如村，我用最好的烤肉和饮料招待你。"
      },
      {
        "Title": "突破的感受·起",
        "Context": "感觉到了更坚实的力量，希望我可以保护更多…"
      },
      {
        "Title": "突破的感受·承",
        "Context": "更坚固的盾，和更锋利的枪。我曾听说过一个枪和盾的故事…不，我不会做出枪盾相击的尝试。"
      },
      {
        "Title": "突破的感受·转",
        "Context": "人在「现在」获得的力量，或许都是为了应对「将来」的不安。就像我过去锻炼枪术和持盾的技巧，实际上都是为了守护现在的安稳。"
      },
      {
        "Title": "突破的感受·合",
        "Context": "现在的我，已经可以站在你的身前，替你挡下所有的危险。如果你相信我的话，就请闭上双眼，将敌人交给我吧。"
      },
      {
        "Title": "元素战技·其一",
        "Context": "破！"
      },
      {
        "Title": "元素战技·其二",
        "Context": "走开！"
      },
      {
        "Title": "元素战技·其三",
        "Context": "来吧！"
      },
      {
        "Title": "元素战技·其四",
        "Context": "坠刺！"
      },
      {
        "Title": "元素战技·其五",
        "Context": "不过如此！"
      },
      {
        "Title": "元素战技·其六",
        "Context": "有破绽！"
      },
      {
        "Title": "元素爆发·其一",
        "Context": "听取我的战祷！"
      },
      {
        "Title": "元素爆发·其二",
        "Context": "赐予我们祝福！"
      },
      {
        "Title": "元素爆发·其三",
        "Context": "此为守护之战！"
      },
      {
        "Title": "打开宝箱·其一",
        "Context": "都是些有用之物呀…"
      },
      {
        "Title": "打开宝箱·其二",
        "Context": "怎么样，有看得上眼的么？"
      },
      {
        "Title": "打开宝箱·其三",
        "Context": "希望里面有能帮上你的东西。"
      },
      {
        "Title": "生命值低·其一",
        "Context": "不用手下留情了。"
      },
      {
        "Title": "生命值低·其二",
        "Context": "仍不悔改吗？"
      },
      {
        "Title": "生命值低·其三",
        "Context": "请你们，滚开…"
      },
      {
        "Title": "同伴生命值低·其一",
        "Context": "好好休息一下…"
      },
      {
        "Title": "同伴生命值低·其二",
        "Context": "站我身后吧！"
      },
      {
        "Title": "倒下·其一",
        "Context": "仍需磨炼…"
      },
      {
        "Title": "倒下·其二",
        "Context": "对不起，我没能守护…"
      },
      {
        "Title": "倒下·其三",
        "Context": "盾，破碎了…"
      },
      {
        "Title": "普通受击·其一",
        "Context": "没问题。"
      },
      {
        "Title": "重受击·其一",
        "Context": "了不起。"
      },
      {
        "Title": "重受击·其二",
        "Context": "小伤罢了…"
      },
      {
        "Title": "加入队伍·其一",
        "Context": "怎么了，遇到危险了吗？"
      },
      {
        "Title": "加入队伍·其二",
        "Context": "记得跟紧我哦。"
      },
      {
        "Title": "加入队伍·其三",
        "Context": "我会保证你的安全。"
      }
    ],
    "FetterStories": [
      {
        "Title": "角色详细",
        "Context": "拥有异色眼瞳的坎蒂丝担任着阿如村「守护者」一职。\n对一切来访阿如村的旅人，坎蒂丝总会展现最大的善意，而对某些人无心的失礼之举，只要对方改正及时，她也不会追究。\n在坎蒂丝眼中，村里的规矩最为重要。只要尊重这些边界，任何人都能被允许在阿如村内休憩。\n可若是将这份宽容视为软弱，那么，妄图到阿如村行不法之事的人都会付出最为沉重的代价。\n到那时，他们就会发现，坎蒂丝的枪与盾是最可怕的武器。\n阿赫玛尔之嗣，沙漠之民，守护者…背负重重身份的坎蒂丝担负着守护阿如村这一永恒职责。\n「这座村子，只欢迎守序之人。」"
      },
      {
        "Title": "角色故事1",
        "Context": "「阿如村乃是赤王后裔最后的安歇之所。」\n「阿如村『守护者』的使命，便是维持这座村子直到最后一位赤王子民消逝。」\n八岁那年，坎蒂丝被正式指派为新任「守护者」。将职位交接给她的那个人，如此告诫了她。\n赤王逝去，他们这群后裔能获得这样一片避世之所，已经再好不过了。\n一代又一代守护者沉默地履行着职责，守护无数位村人直至以「赤王后裔」的身份逝去，获得永恒的安宁。\n能像这样在村落中宁静地消逝，曾是阿如村居民共同的夙愿。\n然而，当这座古老的村庄中出现新生命…曾经的一切，也许不得不做出些许改变。"
      },
      {
        "Title": "角色故事2",
        "Context": "村长安普叔宣布一支来自须弥城的商队即将抵达村内进行贸易，那时，前任「守护者」们简直不敢相信自己的耳朵。\n这些苍老的前任「守护者」愤怒地指责安普叔破坏传统，并且要求现任「守护者」坎蒂丝履行职责，召集守卫将商人驱赶出去。\n坎蒂丝却拒绝了这个要求。她早已和村长达成共识——为了村内居民的未来，阿如村必须做出改变。\n他们不断解释，但前任「守护者」们不依不饶，甚至有人提出，假如坎蒂丝不愿意照做，那他就会再次拿起武器，亲自去履行「守护者」应尽的职责。\n最终，一声枪盾相击的铮鸣镇住了所有争吵。手持着枪与盾的坎蒂丝站起来，微笑着环顾四周，对满脸愕然的老者们宣布：\n「各位，看到你们精神这么好我很高兴。」\n「但我才是阿如村现在的『守护者』，请您现在就去休息吧。」\n武器的说服力在这一刻胜过了语言，看似声势浩大的声讨就此休止。\n短暂准备过后，坎蒂丝便以「守护者」身份陪同村长正式接待这支商队，与他们进行贸易商谈，后又亲自护送他们离开了村子。\n数日后，商人们再次拜访，完成了这笔似乎很不起眼的布匹交易生意。\n这批商人带着交易成功的消息返回须弥城。不久后，须弥的商人之间有了一个过去鲜少听说的崭新话题：\n「喂，你知道吗？有人去阿如村做成了生意，赚了不少啊！下次，我们要不要也去试试…」"
      },
      {
        "Title": "角色故事3",
        "Context": "事实上，坎蒂丝倒也不常用枪和盾与人争夺话语权。\n阿如村的孩子们始终认为，「坎蒂丝姐姐」再怎么生气也只是皱着眉头，让闯祸的孩子罚抄几遍库尔苏姆奶奶为他们准备的字帖；\n阿如村的其他守卫们认为，坎蒂丝要求虽然严格，但对那些动作不到位或是心有懈怠者，她并不会加以体罚，只是更加仔细地指导他们；\n村内的老人们则认为，坎蒂丝是一个不会流露出负面情绪的人。她从不在他们面前表现得忧伤。\n就连那些到访村里的客商，也会受到坎蒂丝周全到极致的接待。从接引介绍到生活起居，全都被她安排得井井有条。\n大概是她表现得太过温和，居然让客商们心里生出了一股不安——\n要知道，这村子可是紧挨着大赤沙海，且不说周围有多少魔物，那些目无法纪的流匪暗盗一定也早已盯上了这座村庄。\n这样的「守护者」真能保护大家…和大家的生意吗？\n某个夜晚，喝多了酒的商贩壮着胆子提问：\n「守护者，我们倒是可以在这座村庄里做生意。但您也知道，这片沙漠里可有很多不法之徒啊…」\n「这个您不需担心，只有遵纪者才能成为阿如村的客人——意思是，不遵守纪律的人…」"
      },
      {
        "Title": "角色故事4",
        "Context": "不遵纪者，将是阿如村的「敌人」。\n躲藏在沙海里的镀金旅团，伪装成冒险家试图蒙混过关的盗贼，妄图劫掠货物的盗宝团…任何敢于侵扰这座村庄的人，无论用何种方法试图躲藏逃避，最后都会领受他们应受的惩罚。\n诚心俯首认罪者将获得宽恕，获得一份足够他们跨越沙海的补给，但作为代价，他们从此不能在阿如村周围出现。\n至于负隅顽抗者…其卑劣灵魂，从此只可与沙砾为伴。\n一位离开沙漠的镀金旅团成员曾警告他的同伴：阿如村里那个恐怖的「守护者」坎蒂丝，是真正的赤王后裔。\n她手中那面盾牌上有着阿赫玛尔的祝福。只要紧握盾牌，大赤沙海中每一颗沙砾都会听从她的召唤。只要她想，甚至能掀起滔天沙暴吞没所有敌人。\n不仅如此，她那颗琥珀色的左眼还可以看穿未来，分辨人的命运。她是如此骇人，没有谁能逃过她的追猎。\n人们相信，坎蒂丝正是凭借这种神力扫清了所有阿如村的「敌人」。"
      },
      {
        "Title": "角色故事5",
        "Context": "只有坎蒂丝自己知道，她从未真正感受过阿赫玛尔的恩泽。\n「守护者从未承神恩眷」——这是流传在「守护者」之间的秘密。\n唯有一个新任「守护者」拿起盾牌正式就职时，他才会被告知实情。\n知情的「守护者」表现各不相同，有人自暴自弃，沮丧得连武艺也懒于修炼；有人认为既然自己不被注视，便也无需守纪，因而恣意妄为，甚至目无法纪。\n但坎蒂丝并未因此沮丧。\n「我的枪与盾，不是为了祈求神明的恩赐而挥舞。」\n「无论是否有神明垂青，『守护者』的职责都不会改变。」\n日复一日，她勤勉锻炼，亲手铸就了过人的意志和武艺。\n许多来访阿如村的客人们都向坎蒂丝发出邀请。他们总说，坎蒂丝既然能力过人，又何必屈居在阿如村这个不起眼的小地方？假如她愿意外出游历一番，未必不能闯出新事业…\n坎蒂丝每次都这样回答：\n「『守护者』不会离开被保护的对象。」"
      },
      {
        "Title": "坎蒂丝的饰品",
        "Context": "坎蒂丝经常从来访阿如村的客商手里收购各类小饰品。\n缀有水蓝色珠石的发卡，绸缎制发带，鎏金的颈饰，刻有劫波莲花纹的金属手环，绘有教令院各大学院纹章的挂坠…\n虽然迪希雅鼓励她平日多打扮，把花了的钱都用在身上，但坎蒂丝回想自己的日常工作环境，觉得有些东西还是太脆弱了，便只能将它们收入衣柜深处。\n看来，只能等坎蒂丝暂时卸下「守护者」职责，换上其他衣服到荫凉地稍作休憩，这些小饰品才能派上用场吧。或者，干脆拿来当礼物送给朋友好了。"
      },
      {
        "Title": "神之眼",
        "Context": "外人纷至沓来，阿如村因而面临各种前所未有的状况。\n假扮商人潜入村内的盗宝团，劫持商队的佣兵团体，偷奸耍滑的不良商贩…\n并且，在见过外面的人之后，阿如村居民逐渐开始向往外部生活。逐渐有人试着外出谋生，愿意留在村里的青年人越来越少。\n前任「守护者」们早就对「背弃」传统的坎蒂丝心怀不满。看到阿如村陷入这般境地，他们再次召开会议，对坎蒂丝发难。\n「守护者要做的，是维护村子的秩序！」\n「坎蒂丝！你所做的一切，只会让这座村子失去安宁！」\n「坎蒂丝！现在就去履行你的职责！」\n唇枪舌战之中，手持长枪的女战士猛然站起。\n「够了！\n「如果你们只想守护这座村子的『过去』，那就自己去守护吧！不管是枯坐在屋子里，还是离开阿如村，都随你们！\n「我不会让阿如村的人们永远被『过去』束缚。\n「假如你们无法前进，那就由我一个人守护大家的『未来』！」\n苍老的守护者们被女战士震慑住了。年轻的、如火焰一般炽热的眼神，令他们无论如何也没法上前继续诘问。\n带着罕见的愤怒，坎蒂丝提起长枪走出充斥着纷争的小屋。\n像是回应她的信念，那杆枪的枪尖上不知何时多了一枚闪耀的「珠宝」。\n神明的目光察觉到了她，为她送去认可。\n「神之眼」，即为坚定的心。它会是最好的首饰。"
      }
    ]
  },
  "Costumes": [
    {
      "Id": 207200,
      "Name": "沙漠与夜",
      "Description": "坎蒂丝的装扮款式。不论走到哪里，点缀在衣间的金黄沙漠和故乡的夜空都陪伴着她。",
      "IsDefault": true
    }
  ],
  "CultivationItems": [
    104124,
    113039,
    101220,
    112067,
    104331,
    113033
  ],
  "NameCard": {
    "Name": "坎蒂丝·苍鹭",
    "Description": "名片纹饰。\n往昔的炽风撩拂着苍鹭的尾羽，那鸟儿却只是望向初晓的晨星。",
    "Icon": "UI_NameCardIcon_Candace",
    "PicturePrefix": "UI_NameCardPic_Candace"
  }
}