{
  "Id": 10000062,
  "PromoteId": 62,
  "Sort": 37,
  "Body": 2,
  "Icon": "UI_AvatarIcon_Aloy",
  "SideIcon": "UI_AvatarIcon_Side_Aloy",
  "Name": "埃洛伊",
  "Description": "曾经是流放者，如今则是无比机敏的猎手。随时准备着为了正当之事而挽弓放箭。",
  "BeginTime": "2021-09-01T00:00:00+08:00",
  "Quality": 105,
  "Weapon": 12,
  "BaseValue": {
    "HpBase": 848.4548,
    "AttackBase": 18.21036,
    "DefenseBase": 52.6504
  },
  "GrowCurves": [
    {
      "Type": 1,
      "Value": 21
    },
    {
      "Type": 4,
      "Value": 31
    },
    {
      "Type": 7,
      "Value": 21
    }
  ],
  "SkillDepot": {
    "Arkhe": 0,
    "Skills": [
      {
        "GroupId": 6231,
        "Proud": {
          "Descriptions": [
            "一段伤害|{param1:F1P}+{param2:F1P}",
            "二段伤害|{param3:F1P}",
            "三段伤害|{param4:F1P}",
            "四段伤害|{param5:F1P}",
            "瞄准射击|{param6:F1P}",
            "满蓄力瞄准射击|{param7:P}",
            "下坠期间伤害|{param8:F1P}",
            "低空/高空坠地冲击伤害|{param9:P}/{param10:P}"
          ],
          "Parameters": [
            {
              "Level": 1,
              "Parameters": [
                0.2112,
                0.2376,
                0.4312,
                0.528,
                0.65648,
                0.4386,
                1.24,
                0.568288,
                1.136335,
                1.419344
              ]
            },
            {
              "Level": 2,
              "Parameters": [
                0.2256,
                0.2538,
                0.4606,
                0.564,
                0.70124,
                0.4743,
                1.333,
                0.614544,
                1.228828,
                1.534872
              ]
            },
            {
              "Level": 3,
              "Parameters": [
                0.24,
                0.27,
                0.49,
                0.6,
                0.746,
                0.51,
                1.426,
                0.6608,
                1.32132,
                1.6504
              ]
            },
            {
              "Level": 4,
              "Parameters": [
                0.2592,
                0.2916,
                0.5292,
                0.648,
                0.80568,
                0.561,
                1.55,
                0.72688,
                1.453452,
                1.81544
              ]
            },
            {
              "Level": 5,
              "Parameters": [
                0.2736,
                0.3078,
                0.5586,
                0.684,
                0.85044,
                0.5967,
                1.643,
                0.773136,
                1.545944,
                1.930968
              ]
            },
            {
              "Level": 6,
              "Parameters": [
                0.2904,
                0.3267,
                0.5929,
                0.726,
                0.90266,
                0.6375,
                1.736,
                0.826,
                1.65165,
                2.063
              ]
            },
            {
              "Level": 7,
              "Parameters": [
                0.312,
                0.351,
                0.637,
                0.78,
                0.9698,
                0.6936,
                1.86,
                0.898688,
                1.796995,
                2.244544
              ]
            },
            {
              "Level": 8,
              "Parameters": [
                0.3336,
                0.3753,
                0.6811,
                0.834,
                1.03694,
                0.7497,
                1.984,
                0.971376,
                1.94234,
                2.426088
              ]
            },
            {
              "Level": 9,
              "Parameters": [
                0.3552,
                0.3996,
                0.7252,
                0.888,
                1.10408,
                0.8058,
                2.108,
                1.044064,
                2.087686,
                2.607632
              ]
            },
            {
              "Level": 10,
              "Parameters": [
                0.3768,
                0.4239,
                0.7693,
                0.942,
                1.17122,
                0.867,
                2.232,
                1.12336,
                2.246244,
                2.80568
              ]
            },
            {
              "Level": 11,
              "Parameters": [
                0.3984,
                0.4482,
                0.8134,
                0.996,
                1.23836,
                0.9282,
                2.356,
                1.202656,
                2.404802,
                3.003728
              ]
            },
            {
              "Level": 12,
              "Parameters": [
                0.42,
                0.4725,
                0.8575,
                1.05,
                1.3055,
                0.9894,
                2.48,
                1.281952,
                2.563361,
                3.201776
              ]
            },
            {
              "Level": 13,
              "Parameters": [
                0.4416,
                0.4968,
                0.9016,
                1.104,
                1.37264,
                1.0506,
                2.635,
                1.361248,
                2.721919,
                3.399824
              ]
            },
            {
              "Level": 14,
              "Parameters": [
                0.4632,
                0.5211,
                0.9457,
                1.158,
                1.43978,
                1.1118,
                2.79,
                1.440544,
                2.880478,
                3.597872
              ]
            },
            {
              "Level": 15,
              "Parameters": [
                0.4848,
                0.5454,
                0.9898,
                1.212,
                1.50692,
                1.173,
                2.945,
                1.51984,
                3.039036,
                3.79592
              ]
            }
          ]
        },
        "Id": 10621,
        "Name": "普通攻击·快速射击",
        "Description": "<color=#FFD780FF>普通攻击</color>\n进行至多四段的连续弓箭射击。\n\n<color=#FFD780FF>重击</color>\n进行伤害更高、更为精准的<color=#FFD780FF>瞄准射击</color>。\n瞄准时，冰霜散发的寒气会凭附在箭矢上。聚满了寒气的箭矢会造成<color=#99FFFFFF>冰元素伤害</color>。\n\n<color=#FFD780FF>下落攻击</color>\n从空中射出箭雨，并迅速下坠冲击地面，在落地时造成范围伤害。",
        "Icon": "Skill_A_02"
      },
      {
        "GroupId": 6232,
        "Proud": {
          "Descriptions": [
            "冰尘弹伤害|{param1:P}",
            "冷冻炸弹伤害|{param2:F1P}",
            "攻击力降低|{param3:P}",
            "攻击力降低持续时间|{param4:F1}秒",
            "线圈普通攻击伤害提升|{param5:F1P}/{param6:F1P}/{param7:F1P}",
            "冰驰普通攻击伤害提升|{param8:F1P}",
            "冰驰持续时间|{param9:F1}秒",
            "冷却时间|{param10:F1}秒"
          ],
          "Parameters": [
            {
              "Level": 1,
              "Parameters": [
                1.776,
                0.4,
                0.12,
                6,
                0.05845,
                0.1169,
                0.17535,
                0.29225,
                10,
                20
              ]
            },
            {
              "Level": 2,
              "Parameters": [
                1.9092,
                0.43,
                0.12,
                6,
                0.06195,
                0.1239,
                0.18585,
                0.30975,
                10,
                20
              ]
            },
            {
              "Level": 3,
              "Parameters": [
                2.0424,
                0.46,
                0.12,
                6,
                0.06545,
                0.1309,
                0.19635,
                0.32725,
                10,
                20
              ]
            },
            {
              "Level": 4,
              "Parameters": [
                2.22,
                0.5,
                0.13,
                6,
                0.07,
                0.14,
                0.21,
                0.35,
                10,
                20
              ]
            },
            {
              "Level": 5,
              "Parameters": [
                2.3532,
                0.53,
                0.13,
                6,
                0.0735,
                0.147,
                0.2205,
                0.3675,
                10,
                20
              ]
            },
            {
              "Level": 6,
              "Parameters": [
                2.4864,
                0.56,
                0.13,
                6,
                0.077,
                0.154,
                0.231,
                0.385,
                10,
                20
              ]
            },
            {
              "Level": 7,
              "Parameters": [
                2.664,
                0.6,
                0.14,
                6,
                0.08155,
                0.1631,
                0.24465,
                0.40775,
                10,
                20
              ]
            },
            {
              "Level": 8,
              "Parameters": [
                2.8416,
                0.64,
                0.14,
                6,
                0.0861,
                0.1722,
                0.2583,
                0.4305,
                10,
                20
              ]
            },
            {
              "Level": 9,
              "Parameters": [
                3.0192,
                0.68,
                0.14,
                6,
                0.09065,
                0.1813,
                0.27195,
                0.45325,
                10,
                20
              ]
            },
            {
              "Level": 10,
              "Parameters": [
                3.1968,
                0.72,
                0.15,
                6,
                0.0952,
                0.1904,
                0.2856,
                0.476,
                10,
                20
              ]
            },
            {
              "Level": 11,
              "Parameters": [
                3.3744,
                0.76,
                0.15,
                6,
                0.09975,
                0.1995,
                0.29925,
                0.49875,
                10,
                20
              ]
            },
            {
              "Level": 12,
              "Parameters": [
                3.552,
                0.8,
                0.15,
                6,
                0.1043,
                0.2086,
                0.3129,
                0.5215,
                10,
                20
              ]
            },
            {
              "Level": 13,
              "Parameters": [
                3.774,
                0.85,
                0.15,
                6,
                0.10885,
                0.2177,
                0.32655,
                0.54425,
                10,
                20
              ]
            },
            {
              "Level": 14,
              "Parameters": [
                3.996,
                0.9,
                0.15,
                6,
                0.1134,
                0.2268,
                0.3402,
                0.567,
                10,
                20
              ]
            },
            {
              "Level": 15,
              "Parameters": [
                4.218,
                0.95,
                0.15,
                6,
                0.11795,
                0.2359,
                0.35385,
                0.58975,
                10,
                20
              ]
            }
          ]
        },
        "Id": 10622,
        "Name": "冰尘雪野",
        "Description": "向目标方向投掷一枚冰尘弹，在命中后引发爆炸，造成<color=#99FFFFFF>冰元素伤害</color>。爆炸后，冰尘弹将分裂成许多冷冻炸弹，在接触到敌人或一段时间后爆炸，造成<color=#99FFFFFF>冰元素伤害</color>。\n冰尘弹或冷冻炸弹命中敌人后，会使敌人的攻击力降低，并为埃洛伊赋予1层「线圈」效果。\n每0.1秒至多获得1层线圈效果。\n\n<color=#FFD780FF>线圈</color>\n·依据层数，提高埃洛伊的普通攻击造成的伤害；\n·拥有4层线圈时，埃洛伊清除所有的线圈效果，并获得「冰驰」，进一步提高普通攻击造成的伤害，并将普通攻击造成的伤害转为<color=#99FFFFFF>冰元素伤害</color>。\n\n处于冰驰状态下时，埃洛伊无法获得线圈效果。\n线圈效果会在脱离战斗30秒后清除。\n\n<i>挥刀断崖那里的温度可要冷得多。</i>",
        "Icon": "Skill_S_Aloy_01"
      }
    ],
    "EnergySkill": {
      "GroupId": 6239,
      "Proud": {
        "Descriptions": [
          "技能伤害|{param1:P}",
          "冷却时间|{param2:F1}秒",
          "元素能量|{param3:I}"
        ],
        "Parameters": [
          {
            "Level": 1,
            "Parameters": [
              3.592,
              12,
              40
            ]
          },
          {
            "Level": 2,
            "Parameters": [
              3.8614,
              12,
              40
            ]
          },
          {
            "Level": 3,
            "Parameters": [
              4.1308,
              12,
              40
            ]
          },
          {
            "Level": 4,
            "Parameters": [
              4.49,
              12,
              40
            ]
          },
          {
            "Level": 5,
            "Parameters": [
              4.7594,
              12,
              40
            ]
          },
          {
            "Level": 6,
            "Parameters": [
              5.0288,
              12,
              40
            ]
          },
          {
            "Level": 7,
            "Parameters": [
              5.388,
              12,
              40
            ]
          },
          {
            "Level": 8,
            "Parameters": [
              5.7472,
              12,
              40
            ]
          },
          {
            "Level": 9,
            "Parameters": [
              6.1064,
              12,
              40
            ]
          },
          {
            "Level": 10,
            "Parameters": [
              6.4656,
              12,
              40
            ]
          },
          {
            "Level": 11,
            "Parameters": [
              6.8248,
              12,
              40
            ]
          },
          {
            "Level": 12,
            "Parameters": [
              7.184,
              12,
              40
            ]
          },
          {
            "Level": 13,
            "Parameters": [
              7.633,
              12,
              40
            ]
          },
          {
            "Level": 14,
            "Parameters": [
              8.082,
              12,
              40
            ]
          },
          {
            "Level": 15,
            "Parameters": [
              8.531,
              12,
              40
            ]
          }
        ]
      },
      "Id": 10625,
      "Name": "曙光预言",
      "Description": "向目标方向投掷冰元素满溢的蓄能容器，并用弓箭引爆，造成<color=#99FFFFFF>冰元素范围伤害</color>。\n\n<i>零之曙光的本质究竟是希望还是灭绝已经并不重要了。埃洛伊已经拯救了她自己的那个世界。这个世界的命运有它自己的勇者去操心。</i>",
      "Icon": "Skill_E_Aloy_01"
    },
    "Inherents": [
      {
        "GroupId": 6221,
        "Proud": {
          "Descriptions": [],
          "Parameters": [
            {
              "Level": 1,
              "Parameters": [
                0.08,
                10
              ]
            }
          ]
        },
        "Id": 622101,
        "Name": "战斗覆盖",
        "Description": "埃洛伊获得<color=#FFD780FF>冰尘雪野</color>的线圈效果时，埃洛伊的攻击力提升16%，队伍中附近的其他角色的攻击力提升8%，持续10秒。",
        "Icon": "UI_Talent_S_Aloy_05"
      },
      {
        "GroupId": 6222,
        "Proud": {
          "Descriptions": [],
          "Parameters": [
            {
              "Level": 1,
              "Parameters": [
                0.035
              ]
            }
          ]
        },
        "Id": 622201,
        "Name": "强力攻击",
        "Description": "埃洛伊处于<color=#FFD780FF>冰尘雪野</color>的冰驰状态下时，每1秒提升3.5%<color=#99FFFFFF>冰元素伤害加成</color>，通过这种方式至多获得35%<color=#99FFFFFF>冰元素伤害加成</color>。",
        "Icon": "UI_Talent_S_Aloy_06"
      },
      {
        "GroupId": 6223,
        "Proud": {
          "Descriptions": [],
          "Parameters": [
            {
              "Level": 1,
              "Parameters": []
            }
          ]
        },
        "Id": 622301,
        "Name": "荒野猎手",
        "Description": "埃洛伊在队伍中时，队伍中自己的角色接近产出禽肉、兽肉与冷鲜肉的小动物时，不会轻易惊动它们。",
        "Icon": "UI_Talent_S_Aloy_07"
      }
    ],
    "Talents": [
      {
        "Id": 621,
        "Name": "异界之星",
        "Description": "点亮此人一方星空之刻尚未到来。",
        "Icon": "UI_Talent_S_Aloy_Lock"
      },
      {
        "Id": 622,
        "Name": "异界之星",
        "Description": "点亮此人一方星空之刻尚未到来。",
        "Icon": "UI_Talent_S_Aloy_Lock"
      },
      {
        "Id": 623,
        "Name": "异界之星",
        "Description": "点亮此人一方星空之刻尚未到来。",
        "Icon": "UI_Talent_S_Aloy_Lock"
      },
      {
        "Id": 624,
        "Name": "异界之星",
        "Description": "点亮此人一方星空之刻尚未到来。",
        "Icon": "UI_Talent_S_Aloy_Lock"
      },
      {
        "Id": 625,
        "Name": "异界之星",
        "Description": "点亮此人一方星空之刻尚未到来。",
        "Icon": "UI_Talent_S_Aloy_Lock"
      },
      {
        "Id": 626,
        "Name": "异界之星",
        "Description": "点亮此人一方星空之刻尚未到来。",
        "Icon": "UI_Talent_S_Aloy_Lock"
      }
    ]
  },
  "FetterInfo": {
    "Title": "「异界的救世主」",
    "Detail": "曾经是流放者，如今则是无比机敏的猎手。随时准备着为了正当之事而挽弓放箭。",
    "Association": 6,
    "Native": "游侠",
    "BirthMonth": 4,
    "BirthDay": 4,
    "VisionBefore": "冰",
    "ConstellationBefore": "诺拉勇者座",
    "CvChinese": "沐霏",
    "CvJapanese": "高垣彩阳",
    "CvEnglish": "——",
    "CvKorean": "赵玄正",
    "CookBonus": {
      "OriginItemId": 108226,
      "ItemId": 108339,
      "InputList": [
        100016,
        110006
      ]
    },
    "Fetters": [
      {
        "Title": "初次见面…",
        "Context": "我是埃洛伊，虽然对这个世界还不太了解，但我的弓和箭随时为你所用。如果你的队伍需要我，我会倾力相助。"
      },
      {
        "Title": "闲聊·动身",
        "Context": "别闲站着了，该动身了。"
      },
      {
        "Title": "闲聊·帮助",
        "Context": "现在不该停留，还有人需要我们帮助。"
      },
      {
        "Title": "下雨的时候…",
        "Context": "雨，可以洗净脏污。"
      },
      {
        "Title": "雨过天晴…",
        "Context": "雨停了，该把自己晾一晾了。"
      },
      {
        "Title": "下雪的时候…",
        "Context": "下雪时，似乎整个世界都静下来了。"
      },
      {
        "Title": "起风的时候…",
        "Context": "又起风了，在风中呼吸的感觉真不错。"
      },
      {
        "Title": "刮大风了…",
        "Context": "风烈起来了，刮得脸上生疼。"
      },
      {
        "Title": "早上好…",
        "Context": "早上好。世界又充满了活力，我也一样。"
      },
      {
        "Title": "中午好…",
        "Context": "日已过半，我们还有不少事要忙。"
      },
      {
        "Title": "晚上好…",
        "Context": "太阳落山了，再过不久星星就要出来了。"
      },
      {
        "Title": "晚安…",
        "Context": "晚上好。该休息了，除非你想借着星光继续行动。"
      },
      {
        "Title": "关于埃洛伊自己…",
        "Context": "我从小就是个流放者，那段日子很不好过。但在这里，即便是对待我这样的外人，大家也比我所降生的那个部落友好的多。感觉…很好。"
      },
      {
        "Title": "关于我们·行动",
        "Context": "我的一切行动都是为了拯救生命，而非带来死亡。这就是我与你并肩战斗的原因。"
      },
      {
        "Title": "关于我们·誓约",
        "Context": "立誓什么的，有点太循规蹈矩了。不过如果你想要我的誓约，那我的誓言与你同在。"
      },
      {
        "Title": "关于我们·前进",
        "Context": "我会尽全力与你一起前进，直到终点。我不会踌躇，也不会辜负。"
      },
      {
        "Title": "有什么想要分享…",
        "Context": "如果说有什么可以分享的话，那一定是我的弓与箭，我只为扶助他人而使用。"
      },
      {
        "Title": "感兴趣的见闻…",
        "Context": "和我那边的世界一样，这片天地的过去也充满了秘密。如果能有足够的时间，我一定要把一切秘密都揭开。"
      },
      {
        "Title": "想要了解埃洛伊·其一",
        "Context": "我不太擅长谈论自己的事情，眼下的任务才是重点。"
      },
      {
        "Title": "想要了解埃洛伊·其二",
        "Context": "我没有父母，是一个叫罗斯特的男人抚养我长大的。他有点严厉，不过心肠很好，也很大方。他教了我很多东西，嗯…我很想他。"
      },
      {
        "Title": "想要了解埃洛伊·其三",
        "Context": "以前，我花了很多时间在寻找我的生母，却没能找到「她」。取而代之的是，我找到了一些远古的留言，是我的…「克隆母体」留下的。听着那些留言，我觉得她似乎很了解我，也很会鼓励我。"
      },
      {
        "Title": "想要了解埃洛伊·其四",
        "Context": "在成长的过程中，我没有什么朋友。虽然后来在旅途中认识了一些人，但当我离开那个世界时，我和他们的关系还称不上熟络。所以，能和你一同度过这么多时间，成为朋友，我真的很开心。"
      },
      {
        "Title": "想要了解埃洛伊·其五",
        "Context": "我不会轻易信任他人，但我确定你是可以信任的。你是我真正的伙伴，我可不经常这样评价别人。"
      },
      {
        "Title": "埃洛伊的爱好…",
        "Context": "我不太清楚自己有什么爱好，「阅读古物」算一个吧。嗯，那就…历史？"
      },
      {
        "Title": "埃洛伊的烦恼…",
        "Context": "除了我自己的世界，现在又多了一个世界需要拯救。唔…时间总是不够用。"
      },
      {
        "Title": "喜欢的食物…",
        "Context": "我不挑食。只要不饿着肚子旅行，吃什么都行。"
      },
      {
        "Title": "讨厌的食物…",
        "Context": "我吃过一次「奥斯拉姆炖肉」，稠得都能当沥青铺路了，呕。"
      },
      {
        "Title": "生日…",
        "Context": "我从来不怎么在意生日。在我出生的世界，大家都会纪念母亲，没人庆祝自己的生日。不过先不管那些。嗯…祝你生日快乐。"
      },
      {
        "Title": "突破的感受·起",
        "Context": "很好，咱们进展不错。但可不能止步于此。"
      },
      {
        "Title": "突破的感受·承",
        "Context": "有所成长，变得更强了，是件好事。"
      },
      {
        "Title": "突破的感受·转",
        "Context": "无论现在是多精湛的猎手，总还能更进一步。不要因为自满而止步，不要停止学习。"
      },
      {
        "Title": "突破的感受·合",
        "Context": "我们刚开始搭伴旅行时，对我而言，你还只是一个陌生人，来自我所不熟悉的世界。但既然如今我们已经一同经历了这么多，我可以向你保证：我的弓永远与你同在。"
      },
      {
        "Title": "元素战技·其一",
        "Context": "这玩意是会炸的。"
      },
      {
        "Title": "元素战技·其二",
        "Context": "猎手的小玩具。"
      },
      {
        "Title": "元素战技·其三",
        "Context": "见过这个吗？"
      },
      {
        "Title": "元素爆发·其一",
        "Context": "禁锢！"
      },
      {
        "Title": "元素爆发·其二",
        "Context": "一点新技巧。"
      },
      {
        "Title": "元素爆发·其三",
        "Context": "这里是我的猎场！"
      },
      {
        "Title": "打开风之翼·其一",
        "Context": "这玩意用着还不错。"
      },
      {
        "Title": "打开宝箱·其一",
        "Context": "嗯…算是些有用的东西。"
      },
      {
        "Title": "打开宝箱·其二",
        "Context": "这些能吃…这些能用…"
      },
      {
        "Title": "打开宝箱·其三",
        "Context": "这些，到底是谁留在这的呢…"
      },
      {
        "Title": "生命值低·其一",
        "Context": "棘手的猎物…"
      },
      {
        "Title": "生命值低·其二",
        "Context": "弱点在哪…"
      },
      {
        "Title": "生命值低·其三",
        "Context": "大意了…"
      },
      {
        "Title": "同伴生命值低·其一",
        "Context": "当心！"
      },
      {
        "Title": "同伴生命值低·其二",
        "Context": "别太冒进！"
      },
      {
        "Title": "倒下·其一",
        "Context": "哪里…出了错…"
      },
      {
        "Title": "倒下·其二",
        "Context": "抱歉…"
      },
      {
        "Title": "倒下·其三",
        "Context": "失败的狩猎…"
      },
      {
        "Title": "普通受击·其一",
        "Context": "唔…"
      },
      {
        "Title": "普通受击·其二",
        "Context": "小问题…"
      },
      {
        "Title": "重受击·其一",
        "Context": "呃！"
      },
      {
        "Title": "重受击·其二",
        "Context": "有点麻烦…"
      },
      {
        "Title": "加入队伍·其一",
        "Context": "这次要去哪转转？"
      },
      {
        "Title": "加入队伍·其二",
        "Context": "埃洛伊，加入狩猎。"
      },
      {
        "Title": "加入队伍·其三",
        "Context": "需要帮手吗？"
      }
    ],
    "FetterStories": [
      {
        "Title": "角色详细",
        "Context": "流放者、机械猎手、探索者、被封者、救世主等…在原本的世界里有着诸多身份的她，是一名从「基因」层面就注定要治愈世界的女杰。\n如今她来到了全新的世界，充满了前所未见的挑战，于是，她再次欣然投身狩猎的旅途。"
      },
      {
        "Title": "故事1",
        "Context": "埃洛伊自出生起便是一个流放者，深受其部落排斥与畏避。在毗邻部落的险峻山野中，她由经验老道的猎手罗斯特抚养成人。\n他教给了她狩猎的心得：猫一般的形姿与致命的精确；却没能将于她而言最为重要的事情传授给她——埃洛伊的身世：她的生父母究竟是何人？为何自己不受部落的待见？\n然而，个中缘由只有流逐她的部落族长才知道。"
      },
      {
        "Title": "故事2",
        "Context": "要从族长口中得知埃洛伊的生父母身份，只有一个办法，那就是在部落年度的狩猎竞赛——「试炼仪式」——中取胜，其中的胜者可以自由索求一件恩赏。\n从记事起她便为此刻苦训练，但当试炼之刻到来时，仪式却在灾难中落幕。\n神秘的杀手袭击了参赛的猎人，而罗斯特牺牲了自己的生命，让埃洛伊逃过一劫。\n后来，埃洛伊了解到袭击的真正目标是她自己，因为有一名神秘的古代女性，长相与她几乎一模一样。"
      },
      {
        "Title": "故事3",
        "Context": "埃洛伊明白，只有找到杀手，才能掌握自己生世的秘密。\n追寻的旅途将她带到了远超想象的狂野危险的世界中，将奇异而强大的部落、充满谜团的远古遗迹、可怖的敌人——不论是人类，还是机械——带到了她的面前。\n在最后，真正的敌人「哈迪斯」出现在了她的面前：它是充满恶意的智能体，执着于肃清世间一切生命。\n击败「哈迪斯」唯一的方法，是探明她与那名古代女性之间的联系，那个过去的埃洛伊…甚至，或许是埃洛伊的生母？"
      },
      {
        "Title": "故事4",
        "Context": "追寻着「哈迪斯」的踪迹，埃洛伊踏遍诸多远古遗迹，最终发现了自己的起源：并非经由人的血肉诞生，而是克隆的造物。\n千年前拯救生命的那名女性的基因，是制造她的原本。\n这等秘密不仅仅赋予了她与生俱来的力量，也引导着她的命运：这些遗传物质是阻止末日再次降临的关键。\n在这份知识的加持下，在来自大地上诸多部族的盟友协助下，埃洛伊在光辉的「子午线城」中，经由宏大的决战，最终击败了「哈迪斯」与其麾下的恶徒与机械爪牙。"
      },
      {
        "Title": "故事5",
        "Context": "击败「哈迪斯」后，埃洛伊开始了新的旅程：追寻远古的技术，净化「哈迪斯」所践踏蹂躏的大地。\n在漫漫旅途中，她走遍了每一处自己能踏足的「旧世遗迹」，搜寻「先祖」的失落秘密。\n在某一间破败的古代实验室中，她发现了过去从未见过的事物：一座闪闪发光的传送门。靠近时，一股强大的力量包围了她，如窥向镜中般她从中见到了自己的形象，产生了宛如同时身处两处空间的奇异感觉。\n在一阵闪光后，埃洛伊所知的「世界」从她的面前彻底消失不见，她来到了另一个奇异而美丽、亟待探索的新世界。"
      }
    ]
  },
  "Costumes": [
    {
      "Id": 206200,
      "Name": "机动猎手",
      "Description": "埃洛伊的装扮款式。适合林野生活的猎手装束。",
      "IsDefault": true
    }
  ],
  "CultivationItems": [
    104164,
    113020,
    101203,
    112055,
    104303,
    113025
  ],
  "NameCard": {
    "Name": "埃洛伊·曙光记",
    "Description": "名片纹饰。\n「真想让罗斯特也看看这些。」",
    "Icon": "UI_NameCardIcon_Aloy",
    "PicturePrefix": "UI_NameCardPic_Aloy"
  }
}