{
  "Id": 10000006,
  "PromoteId": 4,
  "Sort": 21,
  "Body": 3,
  "Icon": "UI_AvatarIcon_Lisa",
  "SideIcon": "UI_AvatarIcon_Side_Lisa",
  "Name": "丽莎",
  "Description": "慵懒而博学的图书管理员，须弥教令院「两百年一见」的天才毕业生。",
  "BeginTime": "2020-09-15T04:00:00+08:00",
  "Quality": 4,
  "Weapon": 10,
  "BaseValue": {
    "HpBase": 802.3761,
    "AttackBase": 19.41072,
    "DefenseBase": 48.069
  },
  "GrowCurves": [
    {
      "Type": 1,
      "Value": 22
    },
    {
      "Type": 4,
      "Value": 32
    },
    {
      "Type": 7,
      "Value": 22
    }
  ],
  "SkillDepot": {
    "Arkhe": 0,
    "Skills": [
      {
        "GroupId": 431,
        "Proud": {
          "Descriptions": [
            "一段伤害|{param1:F1P}",
            "二段伤害|{param2:F1P}",
            "三段伤害|{param3:F1P}",
            "四段伤害|{param4:F1P}",
            "重击伤害|{param5:P}",
            "重击体力消耗|{param6:F1}点",
            "下坠期间伤害|{param7:F1P}",
            "低空/高空坠地冲击伤害|{param8:P}/{param9:P}"
          ],
          "Parameters": [
            {
              "Level": 1,
              "Parameters": [
                0.396,
                0.3592,
                0.428,
                0.5496,
                1.7712,
                50,
                0.568288,
                1.136335,
                1.419344
              ]
            },
            {
              "Level": 2,
              "Parameters": [
                0.4257,
                0.38614,
                0.4601,
                0.59082,
                1.90404,
                50,
                0.614544,
                1.228828,
                1.534872
              ]
            },
            {
              "Level": 3,
              "Parameters": [
                0.4554,
                0.41308,
                0.4922,
                0.63204,
                2.03688,
                50,
                0.6608,
                1.32132,
                1.6504
              ]
            },
            {
              "Level": 4,
              "Parameters": [
                0.495,
                0.449,
                0.535,
                0.687,
                2.214,
                50,
                0.72688,
                1.453452,
                1.81544
              ]
            },
            {
              "Level": 5,
              "Parameters": [
                0.5247,
                0.47594,
                0.5671,
                0.72822,
                2.34684,
                50,
                0.773136,
                1.545944,
                1.930968
              ]
            },
            {
              "Level": 6,
              "Parameters": [
                0.5544,
                0.50288,
                0.5992,
                0.76944,
                2.47968,
                50,
                0.826,
                1.65165,
                2.063
              ]
            },
            {
              "Level": 7,
              "Parameters": [
                0.594,
                0.5388,
                0.642,
                0.8244,
                2.6568,
                50,
                0.898688,
                1.796995,
                2.244544
              ]
            },
            {
              "Level": 8,
              "Parameters": [
                0.6336,
                0.57472,
                0.6848,
                0.87936,
                2.83392,
                50,
                0.971376,
                1.94234,
                2.426088
              ]
            },
            {
              "Level": 9,
              "Parameters": [
                0.6732,
                0.61064,
                0.7276,
                0.93432,
                3.01104,
                50,
                1.044064,
                2.087686,
                2.607632
              ]
            },
            {
              "Level": 10,
              "Parameters": [
                0.7128,
                0.64656,
                0.7704,
                0.98928,
                3.18816,
                50,
                1.12336,
                2.246244,
                2.80568
              ]
            },
            {
              "Level": 11,
              "Parameters": [
                0.753984,
                0.683917,
                0.814912,
                1.046438,
                3.372365,
                50,
                1.202656,
                2.404802,
                3.003728
              ]
            },
            {
              "Level": 12,
              "Parameters": [
                0.80784,
                0.732768,
                0.87312,
                1.121184,
                3.613248,
                50,
                1.281952,
                2.563361,
                3.201776
              ]
            },
            {
              "Level": 13,
              "Parameters": [
                0.861696,
                0.781619,
                0.931328,
                1.19593,
                3.854131,
                50,
                1.361248,
                2.721919,
                3.399824
              ]
            },
            {
              "Level": 14,
              "Parameters": [
                0.915552,
                0.83047,
                0.989536,
                1.270675,
                4.095014,
                50,
                1.440544,
                2.880478,
                3.597872
              ]
            },
            {
              "Level": 15,
              "Parameters": [
                0.969408,
                0.879322,
                1.047744,
                1.345421,
                4.335898,
                50,
                1.51984,
                3.039036,
                3.79592
              ]
            }
          ]
        },
        "Id": 10060,
        "Name": "普通攻击·指尖雷暴",
        "Description": "<color=#FFD780FF>普通攻击</color>\n进行至多四段的电击，造成<color=#FFACFFFF>雷元素伤害</color>。\n\n<color=#FFD780FF>重击</color>\n消耗一定体力，短暂咏唱后，造成<color=#FFACFFFF>雷元素范围伤害</color>。\n\n<color=#FFD780FF>下落攻击</color>\n凝聚雷电的力量，从空中下坠冲击地面，攻击下落路径上的敌人，并在落地时造成<color=#FFACFFFF>雷元素范围伤害</color>。",
        "Icon": "Skill_A_Catalyst_MD"
      },
      {
        "GroupId": 432,
        "Proud": {
          "Descriptions": [
            "点按伤害|{param6:F1P}",
            "点按冷却时间|{param7:F1}秒",
            "无引雷长按伤害|{param1:P}",
            "一层引雷长按伤害|{param2:P}",
            "二层引雷长按伤害|{param3:P}",
            "三层引雷长按伤害|{param4:P}",
            "长按冷却时间|{param5:F1}秒"
          ],
          "Parameters": [
            {
              "Level": 1,
              "Parameters": [
                3.2,
                3.68,
                4.24,
                4.872,
                16,
                0.8,
                1
              ]
            },
            {
              "Level": 2,
              "Parameters": [
                3.44,
                3.956,
                4.558,
                5.2374,
                16,
                0.86,
                1
              ]
            },
            {
              "Level": 3,
              "Parameters": [
                3.68,
                4.232,
                4.876,
                5.6028,
                16,
                0.92,
                1
              ]
            },
            {
              "Level": 4,
              "Parameters": [
                4,
                4.6,
                5.3,
                6.09,
                16,
                1,
                1
              ]
            },
            {
              "Level": 5,
              "Parameters": [
                4.24,
                4.876,
                5.618,
                6.4554,
                16,
                1.06,
                1
              ]
            },
            {
              "Level": 6,
              "Parameters": [
                4.48,
                5.152,
                5.936,
                6.8208,
                16,
                1.12,
                1
              ]
            },
            {
              "Level": 7,
              "Parameters": [
                4.8,
                5.52,
                6.36,
                7.308,
                16,
                1.2,
                1
              ]
            },
            {
              "Level": 8,
              "Parameters": [
                5.12,
                5.888,
                6.784,
                7.7952,
                16,
                1.28,
                1
              ]
            },
            {
              "Level": 9,
              "Parameters": [
                5.44,
                6.256,
                7.208,
                8.2824,
                16,
                1.36,
                1
              ]
            },
            {
              "Level": 10,
              "Parameters": [
                5.76,
                6.624,
                7.632,
                8.7696,
                16,
                1.44,
                1
              ]
            },
            {
              "Level": 11,
              "Parameters": [
                6.08,
                6.992,
                8.056,
                9.2568,
                16,
                1.52,
                1
              ]
            },
            {
              "Level": 12,
              "Parameters": [
                6.4,
                7.36,
                8.48,
                9.744,
                16,
                1.6,
                1
              ]
            },
            {
              "Level": 13,
              "Parameters": [
                6.8,
                7.82,
                9.01,
                10.353,
                16,
                1.7,
                1
              ]
            },
            {
              "Level": 14,
              "Parameters": [
                7.2,
                8.28,
                9.54,
                10.962,
                16,
                1.8,
                1
              ]
            },
            {
              "Level": 15,
              "Parameters": [
                7.6,
                8.74,
                10.07,
                11.571,
                16,
                1.9,
                1
              ]
            }
          ]
        },
        "Id": 10061,
        "Name": "苍雷",
        "Description": "导引雷电的力量，把麻烦的东西都清理干净。\n\n<color=#FFD780FF>点按</color>\n放出能自行索敌的球形闪电。\n命中时，会造成<color=#FFACFFFF>雷元素伤害</color>，并对小范围内的敌人施加至多叠加3层的引雷状态。\n\n<color=#FFD780FF>长按</color>\n持续咏唱后，召唤雷电从天而降，对附近的所有敌人造成大量<color=#FFACFFFF>雷元素伤害</color>。\n对处于引雷状态下的敌人，会根据叠加层数造成大量额外伤害，并清除引雷效果。\n\n<i>雷电的颜色就是蔷薇魔女的颜色。</i>",
        "Icon": "Skill_S_Lisa_01"
      }
    ],
    "EnergySkill": {
      "GroupId": 439,
      "Proud": {
        "Descriptions": [
          "放电伤害|{param1:F1P}",
          "持续时间|{param2:F1}秒",
          "冷却时间|{param3:F1}秒",
          "元素能量|{param4:I}"
        ],
        "Parameters": [
          {
            "Level": 1,
            "Parameters": [
              0.3656,
              15,
              20,
              80
            ]
          },
          {
            "Level": 2,
            "Parameters": [
              0.39302,
              15,
              20,
              80
            ]
          },
          {
            "Level": 3,
            "Parameters": [
              0.42044,
              15,
              20,
              80
            ]
          },
          {
            "Level": 4,
            "Parameters": [
              0.457,
              15,
              20,
              80
            ]
          },
          {
            "Level": 5,
            "Parameters": [
              0.48442,
              15,
              20,
              80
            ]
          },
          {
            "Level": 6,
            "Parameters": [
              0.51184,
              15,
              20,
              80
            ]
          },
          {
            "Level": 7,
            "Parameters": [
              0.5484,
              15,
              20,
              80
            ]
          },
          {
            "Level": 8,
            "Parameters": [
              0.58496,
              15,
              20,
              80
            ]
          },
          {
            "Level": 9,
            "Parameters": [
              0.62152,
              15,
              20,
              80
            ]
          },
          {
            "Level": 10,
            "Parameters": [
              0.65808,
              15,
              20,
              80
            ]
          },
          {
            "Level": 11,
            "Parameters": [
              0.69464,
              15,
              20,
              80
            ]
          },
          {
            "Level": 12,
            "Parameters": [
              0.7312,
              15,
              20,
              80
            ]
          },
          {
            "Level": 13,
            "Parameters": [
              0.7769,
              15,
              20,
              80
            ]
          },
          {
            "Level": 14,
            "Parameters": [
              0.8226,
              15,
              20,
              80
            ]
          },
          {
            "Level": 15,
            "Parameters": [
              0.8683,
              15,
              20,
              80
            ]
          }
        ]
      },
      "Id": 10062,
      "Name": "蔷薇的雷光",
      "Description": "召唤蔷薇雷光，释放强大的雷电之力，击退周围的敌人并造成<color=#FFACFFFF>雷元素伤害</color>。\n存在期间内，蔷薇雷光会持续放电攻击附近的敌人，造成<color=#FFACFFFF>雷元素伤害</color>。\n\n<i>这朵蔷薇固然美丽，却也有着致命的刺。</i>",
      "Icon": "Skill_E_Lisa_01"
    },
    "Inherents": [
      {
        "GroupId": 421,
        "Proud": {
          "Descriptions": [],
          "Parameters": [
            {
              "Level": 1,
              "Parameters": [
                0.7
              ]
            }
          ]
        },
        "Id": 42101,
        "Name": "电感余震",
        "Description": "重击命中时，会为敌人附加<color=#FFD780FF>苍雷</color>的引雷效果。",
        "Icon": "UI_Talent_S_Lisa_05"
      },
      {
        "GroupId": 422,
        "Proud": {
          "Descriptions": [],
          "Parameters": [
            {
              "Level": 1,
              "Parameters": [
                0.15,
                10
              ]
            }
          ]
        },
        "Id": 42201,
        "Name": "静电场力",
        "Description": "敌人受到<color=#FFD780FF>蔷薇的雷光</color>攻击后，降低15%防御力，持续10秒。",
        "Icon": "UI_Talent_S_Lisa_06"
      },
      {
        "GroupId": 423,
        "Proud": {
          "Descriptions": [],
          "Parameters": [
            {
              "Level": 1,
              "Parameters": []
            }
          ]
        },
        "Id": 42301,
        "Name": "药剂通识",
        "Description": "合成药剂时，有20%概率返还部分合成材料。",
        "Icon": "UI_Talent_Combine_Potion"
      }
    ],
    "Talents": [
      {
        "Id": 41,
        "Name": "无限的电回路",
        "Description": "<color=#FFD780FF>苍雷</color>长按时，每个命中的敌人都会为丽莎恢复2点元素能量。\n通过这种方式，一次至多回复10点元素能量。",
        "Icon": "UI_Talent_S_Lisa_01"
      },
      {
        "Id": 42,
        "Name": "空间电势结界",
        "Description": "<color=#FFD780FF>苍雷</color>长按时，具有如下效果：\n·防御力提升25%；\n·提高丽莎的抗打断能力。",
        "Icon": "UI_Talent_S_Lisa_02"
      },
      {
        "Id": 43,
        "Name": "谐振的雷光",
        "Description": "<color=#FFD780FF>蔷薇的雷光</color>的技能等级提高3级。\n至多提升至15级。",
        "Icon": "UI_Talent_U_Lisa_02",
        "ExtraLevel": {
          "Index": 9,
          "Level": 3
        }
      },
      {
        "Id": 44,
        "Name": "如雨的电浆",
        "Description": "<color=#FFD780FF>蔷薇的雷光</color>攻击时，放出的闪电增加至1~3道。",
        "Icon": "UI_Talent_S_Lisa_03"
      },
      {
        "Id": 45,
        "Name": "等离态的落雷",
        "Description": "<color=#FFD780FF>苍雷</color>的技能等级提高3级。\n至多提升至15级。",
        "Icon": "UI_Talent_U_Lisa_01",
        "ExtraLevel": {
          "Index": 2,
          "Level": 3
        }
      },
      {
        "Id": 46,
        "Name": "脉冲的魔女",
        "Description": "丽莎登场时，对附近的敌人施加3层<color=#FFD780FF>苍雷</color>的引雷效果。\n该效果每5秒只能触发一次。",
        "Icon": "UI_Talent_S_Lisa_04"
      }
    ]
  },
  "FetterInfo": {
    "Title": "蔷薇魔女",
    "Detail": "慵懒而博学的图书管理员，须弥教令院「两百年一见」的天才毕业生。",
    "Association": 1,
    "Native": "西风骑士团",
    "BirthMonth": 6,
    "BirthDay": 9,
    "VisionBefore": "雷",
    "ConstellationBefore": "沙漏座",
    "CvChinese": "钟可",
    "CvJapanese": "田中理惠",
    "CvEnglish": "玛拉·朱诺",
    "CvKorean": "朴高夽",
    "CookBonus": {
      "OriginItemId": 108016,
      "ItemId": 108018,
      "InputList": [
        110001,
        100061,
        100079
      ]
    },
    "Fetters": [
      {
        "Title": "初次见面…",
        "Context": "嗨，小可爱，你是新来的助理吗？啊？魔导师大人？那是很久以前的事啦，现在的我不过是一介图书管理员而已。放心吧，姐姐会照顾好你的。那么…"
      },
      {
        "Title": "闲聊·下午茶",
        "Context": "明明是该喝下午茶的时间。"
      },
      {
        "Title": "闲聊·任务",
        "Context": "任务是做不完的，还不如陪姐姐…聊会儿天。"
      },
      {
        "Title": "闲聊·不宜出门",
        "Context": "今天不宜出门…欸，我昨天也是这么说的？"
      },
      {
        "Title": "下雨的时候…",
        "Context": "这种天气，泡一杯茶，坐着看雨多好。"
      },
      {
        "Title": "打雷的时候…",
        "Context": "在雷雨天训练事半功倍哦~呵呵，骗你的。"
      },
      {
        "Title": "起风的时候…",
        "Context": "天气真好，能躺下来补个觉就更好了。"
      },
      {
        "Title": "早上好…",
        "Context": "啊…早安，琴。嗯？不好意思，我看错了。"
      },
      {
        "Title": "中午好…",
        "Context": "午休时间到了…"
      },
      {
        "Title": "晚上好…",
        "Context": "你还不睡吗？我已经困了呢…"
      },
      {
        "Title": "晚安…",
        "Context": "你努力的样子，姐姐全都见到了哦。嗯…让我想想，给你什么奖励吧…"
      },
      {
        "Title": "关于丽莎自己…",
        "Context": "这可不是偷懒呀。谁不想用最省力的方法达到目的呢？"
      },
      {
        "Title": "关于我们·关系",
        "Context": "你想把我当作你的老师、前辈，还是朋友？都可以哦。"
      },
      {
        "Title": "关于我们·本领",
        "Context": "哎呀，再不拿出点真本事出来，就对不起你的努力了吧。嗯哼…也好也好。"
      },
      {
        "Title": "关于我们·仪式",
        "Context": "再等一下，「将悔罪的记号吻在弟子的前额」…好了，那么仪式就完成了~今后你就是我丽莎的首席弟子了哟。"
      },
      {
        "Title": "关于「神之眼」…",
        "Context": "「神之眼」啊…那可是导引元素力所必要的装置呢。唯独在你身上却是例外。唔…究竟是什么原理呢，啊，有了，你…有空陪姐姐做个实验么？"
      },
      {
        "Title": "有什么想要分享…",
        "Context": "图书馆楼上的炼金工坊，可以随意使用哦？不过进去之前记得敲门，如果撞见什么不该见到的东西那就麻烦了。"
      },
      {
        "Title": "感兴趣的见闻…",
        "Context": "嘟嘟莲是有着解毒功效的药草。有了它，就不用再担心魔药的副作用了…哼哼。"
      },
      {
        "Title": "关于琴…",
        "Context": "琴是个称职的好团长。看到她认真工作的样子，就连我也忍不住想要多帮她一把。"
      },
      {
        "Title": "关于安柏…",
        "Context": "小安柏刚进骑士团的样子我还记得呢，一转眼都那么能干了。啊，再过几年，又会变成什么样呢？"
      },
      {
        "Title": "关于芭芭拉…",
        "Context": "芭芭拉的歌，你听过么？哼哼，听说她的旋律里有种治愈的魔力在流动喔。和我的魔药相比，不知道哪边更合你的胃口呢？"
      },
      {
        "Title": "关于迪卢克…",
        "Context": "哦，想听迪卢克的故事？哈哈，那我知道一个更好的聊天对象。"
      },
      {
        "Title": "关于雷泽…",
        "Context": "小狼狼，来来，过来这边。今天就临时来一场实战练习吧，对手我已经给你找好了哟。欸？怎么跑了，真是的…"
      },
      {
        "Title": "关于可莉…",
        "Context": "上次小可莉想借用我的工坊做实验，被我拒绝了，她可是生了我一天的气呢。嗯？你问第二天？第二天，她当然又高高兴兴地出门去玩了。"
      },
      {
        "Title": "关于莫娜…",
        "Context": "莫娜？似乎是一位很优秀的魔导师小姐呢。但我并不是她们「魔女会」的成员哦。古树考察，组织茶会，一听就是麻烦的事情吧。"
      },
      {
        "Title": "关于阿贝多…",
        "Context": "姐姐我觉得，阿贝多是很优秀的炼金术士。跟他只需要用三言两语，就能得到不错的结论。而且脸也长得好看。和小可爱你很像喔，嗯。"
      },
      {
        "Title": "关于菲谢尔…",
        "Context": "菲谢尔…哦，那个总是来图书馆借幻想小说的女孩子。每次还书都会提前三天，对书籍也十分爱护，是个好孩子呢。"
      },
      {
        "Title": "关于诺艾尔…",
        "Context": "拜托诺艾尔清扫书架的时候，总感觉这孩子，越是疲惫就越开心，嗯…到底是怎么回事呢？"
      },
      {
        "Title": "关于砂糖…",
        "Context": "没事就不要去打扰小砂糖哦，会吓到她的。呵呵，她擅长和各种各样的生物打交道，却唯独，不怎么善于和人类相处呢。"
      },
      {
        "Title": "关于赛诺…",
        "Context": "离开须弥之后，除了和恩师保持礼节性的通信，我和教令院已经没有什么往来了。幸好，不是每位被寄予了重望的弟子，都像我一样怠惰…听说那位师弟赛诺就相当活跃呢。"
      },
      {
        "Title": "关于柯莱…",
        "Context": "小柯莱每次写信都会使用新词，尝试与之前不同的表述方式。呵呵，也难怪她进步得那么快。除了自己的努力之外，她那位善良而又热忱的师父，一定也给予了很多帮助吧。"
      },
      {
        "Title": "关于米卡…",
        "Context": "真羡慕霍夫曼先生有这样一位擅长照顾人的弟弟。不仅帮着打点生活起居，连喝醉后的护理也无微不至。啊，我也好想什么都不用操心，懒洋洋地度过每一天啊…嗯？你说我现在也差不多？哼，小可爱…胆子变大了嘛。"
      },
      {
        "Title": "想要了解丽莎·其一",
        "Context": "那么，今天想学习哪种元素力的知识呢？"
      },
      {
        "Title": "想要了解丽莎·其二",
        "Context": "我的过去？嗯？想要更多地了解我一些吗？…可今天我恰巧有点累了。不过这份心意，姐姐我还是很高兴的。"
      },
      {
        "Title": "想要了解丽莎·其三",
        "Context": "我教雷泽掌握元素力量的时候，完全没想到那个孩子的悟性有那么好。仔细想想的话，你也相当能干啊，小可爱。"
      },
      {
        "Title": "想要了解丽莎·其四",
        "Context": "什么？想学习须弥教令院的魔法？可对现在的你来说，负担会有些重…啊？至少想学会入门的知识？那先看完这本《绪论》吧，也就800多页而已。"
      },
      {
        "Title": "想要了解丽莎·其五",
        "Context": "总有一天，这「眼」中的力量会毁灭一切的吧…到了那时，如果有你在的话…啊，没什么。"
      },
      {
        "Title": "丽莎的爱好…",
        "Context": "小可爱，你想要来挑一瓶神奇的药水么？喝下去之前完全不知道会有什么效果，呼呼。"
      },
      {
        "Title": "丽莎的烦恼…",
        "Context": "二楼的审讯大厅已经闲置两年了，明明给我用作元素工坊的话，就不至于那么荒废…赫塔小姐真是死脑筋。"
      },
      {
        "Title": "喜欢的食物…",
        "Context": "我喜欢蔬菜汤哦。只要把所有的蔬菜全都丢进一口大锅子里，再用长柄的勺子搅一搅…欸，问我好不好吃？哼哼，来，啊——"
      },
      {
        "Title": "讨厌的食物…",
        "Context": "我有南瓜恐惧症，每年的秋收节对我来说都太煎熬了。啊，要不要干脆把南瓜这个物种，彻底抹除呢？"
      },
      {
        "Title": "收到赠礼·其一",
        "Context": "真贴心呢，小可爱。姐姐我很满意哦。"
      },
      {
        "Title": "收到赠礼·其二",
        "Context": "呵呵，你很擅长做这些呢。"
      },
      {
        "Title": "收到赠礼·其三",
        "Context": "哎呀…这可真是…"
      },
      {
        "Title": "生日…",
        "Context": "来，拿着，护身符，就作为生日礼物送给你了。虽然制作起来花了我不少时间…不许弄丢哦。"
      },
      {
        "Title": "突破的感受·起",
        "Context": "该不会想让我加班吧…那可不好哦。"
      },
      {
        "Title": "突破的感受·承",
        "Context": "锻炼的机会，应该多留给新人，不是吗？"
      },
      {
        "Title": "突破的感受·转",
        "Context": "…要是我恢复全盛状态的话，说不定会发生什么不得了的大事哟。"
      },
      {
        "Title": "突破的感受·合",
        "Context": "明明已经用各种方法劝过你了…真有你的，小可爱。到这份上还装作无动于衷的话，恐怕连丘丘人都看得出来我在撒谎了。那就让你见识一下，「蔷薇魔女」的真实吧。"
      },
      {
        "Title": "元素战技·其一",
        "Context": "哼哼。"
      },
      {
        "Title": "元素战技·其二",
        "Context": "该电一电了。"
      },
      {
        "Title": "元素战技·其三",
        "Context": "别逃哟。"
      },
      {
        "Title": "元素战技·其四",
        "Context": "…Blitz！"
      },
      {
        "Title": "元素战技·其五",
        "Context": "这是…惩罚哦！"
      },
      {
        "Title": "元素战技·其六",
        "Context": "…呵呵~"
      },
      {
        "Title": "元素爆发·其一",
        "Context": "酥酥麻麻的哟。"
      },
      {
        "Title": "元素爆发·其二",
        "Context": "快点投降吧。"
      },
      {
        "Title": "元素爆发·其三",
        "Context": "可别上瘾喔。"
      },
      {
        "Title": "打开宝箱·其一",
        "Context": "努力，获得回报了哟。"
      },
      {
        "Title": "打开宝箱·其二",
        "Context": "我也来兴致了…"
      },
      {
        "Title": "打开宝箱·其三",
        "Context": "小可爱会喜欢吗？"
      },
      {
        "Title": "生命值低·其一",
        "Context": "有你的嘛。"
      },
      {
        "Title": "生命值低·其二",
        "Context": "有点生疏了呀…"
      },
      {
        "Title": "生命值低·其三",
        "Context": "哎呀，手套要破了呢。"
      },
      {
        "Title": "同伴生命值低·其一",
        "Context": "逞强可不好。"
      },
      {
        "Title": "同伴生命值低·其二",
        "Context": "要姐姐帮忙吗？"
      },
      {
        "Title": "倒下·其一",
        "Context": "出门好累…"
      },
      {
        "Title": "倒下·其二",
        "Context": "看来我大意了呢…"
      },
      {
        "Title": "倒下·其三",
        "Context": "果然不该出门的…"
      },
      {
        "Title": "普通受击·其一",
        "Context": "疼…"
      },
      {
        "Title": "重受击·其一",
        "Context": "不要那么粗暴。"
      },
      {
        "Title": "加入队伍·其一",
        "Context": "让姐姐帮帮你吧。"
      },
      {
        "Title": "加入队伍·其二",
        "Context": "我会看着你的。"
      },
      {
        "Title": "加入队伍·其三",
        "Context": "要出门了吗？"
      }
    ],
    "FetterStories": [
      {
        "Title": "角色详细",
        "Context": "西风骑士团的图书管理员，胸怀万卷的优雅淑女。\n据说她是须弥教令院两百年一遇的天才魔女。\n虽然不知道具体理由，但在须弥国进修两年之后，她最终回到了蒙德。\n目前，丽莎在西风骑士团工作，职位是管理骑士团藏书的图书管理员。"
      },
      {
        "Title": "角色故事1",
        "Context": "丽莎的职责，一是整理图书馆中大量藏书，二是保障骑士团的药剂供应。\n蒙德人遇见丽莎的场合，不是去骑士团总部借阅图书，就是去骑士团总部归还图书。\n而丽莎往往会懒洋洋地坐在接待台，打着哈欠帮来客进行登记。\n有时，她的工作状态会让人产生「图书管理员这样子真的没问题吗…」的疑问。\n但丽莎的工作总是完美无缺，挑不出一点纰漏。"
      },
      {
        "Title": "角色故事2",
        "Context": "作为须弥教令院学者居勒什口中「两百年一见」的高材生，丽莎的博学毋须多言。\n无论是荒野妖魔的禁忌知识，还是元素花药的处理方法，抑或是只用两层瓷碗便能减少一次蒸馏过程的酿酒方法…\n丽莎都能简明易懂地解释个中原理，以至于年轻骑士与炼金术士中形成了「丽莎女士一定知道」的共识。\n当然，前提是你要在合适的时间去拜访她。\n如果不小心在上午的回笼觉时间，或者午饭后的茶点时间打扰丽莎，后果可是不堪设想的。"
      },
      {
        "Title": "角色故事3",
        "Context": "初见丽莎的人往往会对她形成「不愧是教令院天才毕业生」的第一印象。\n但实际上，她在生活态度上与其说高效，不如说单纯是因为怕麻烦而倾向于能懒则懒。\n药剂的调配和补充用度的工作通过凯亚丢给了霍夫曼和斯万，每天的药草则是让芙萝拉差唐娜送来。\n唯独书籍跟档案的整理丽莎是必须亲力亲为的。\n只有亲自管理这些知识，丽莎才会安心。"
      },
      {
        "Title": "角色故事4",
        "Context": "丽莎进入西风骑士团时日尚短的时候，曾被团长指派接任第八小队队长一职。\n这件事引来了小队佐官尼姆芙的强烈不满，她并不认可丽莎这么一个「学院派」来担此高位。\n经时任庶务长凯亚批准，丽莎与尼姆芙进行了魔法方面的「实战练习」。\n练习只持续了两分钟，随后，丽莎婉拒了第八小队队长一职，理由是「尼姆芙佐官的能力堪当此任。」\n随后的一年里，不断有来自尼姆芙的队长推荐书放到团长办公桌上，意向栏里只有一个名字：丽莎·敏兹。\n这些推荐书最终转交到丽莎手里，丽莎每次都只能现编理由来推脱。\n她的加入固然能让第八小队变强，但这种强大不仅没有必要，更会增添常人无法理解的风险。\n丽莎有控制大多数局面的自信，可额外的危险意味着额外的工作，这一点上，她绝对无法接受。"
      },
      {
        "Title": "角色故事5",
        "Context": "亲眼目睹须弥雨林中呢喃狂言的学者与评议会中如有大智慧的智者之后，丽莎深深理解了渊海般的「学识」会给人烙下怎样的痕迹。\n代价如此沉重…到底要承担多少，才能从灵魂深处掘出这样的知识呢？\n丽莎对这一切心生反感，离开了须弥。\n从那以后，丽莎不再对任何事物展露出完全认真的态度。\n「对神给予的奇迹要求太多，就要好好想想——神开出的价码，自己到底付不付得起。」\n丽莎回到蒙德后，仅对三名她认为有必要听的人作此告诫。"
      },
      {
        "Title": "特制加热釜",
        "Context": "特制加热釜，一种用蒙德人无法理解的设计打造的定制品。同时具备延时加热、辅料半自动投放和有限的保温功能。\n这是丽莎动用了大笔预算和炼金工坊两周的工作时间造出来的「特种设备」。\n用它的话，一切精确的加热操作都可以在扳动不超过两次把手的情况下完成。\n然而它最常见的使用场合，是用于在丽莎整理书籍的时候把茶泡好并维持在最佳的口感。\n毕竟丽莎一天中最重要的日程，是悠闲愉快的下午茶时间啊。"
      },
      {
        "Title": "神之眼",
        "Context": "「神之眼」——神选者、改变世间之人的证明。\n抑或是，在挖掘魔导奥秘的前路上一个顺理成章的小小注脚。\n为了探索魔导，必须要了解元素。而比起从旧书堆中获取知识，实战是更好的方式。\n啊，看来需要一颗「神之眼」呢。\n想到这件事的刹那，「神之眼」就这么出现在了丽莎手中。\n取得「神之眼」的丽莎获得了她想要的知识，却也察觉了知识中暗藏的奥秘。\n神出于某些原因，给予人改变一切的钥匙，却未说明其所需要的代价。这让丽莎对「真相」心生恐惧。\n挂在脖子上的「神之眼」，成了悬在丽莎心头散发甜蜜香气的万丈深渊。\n所以，偶尔地，丽莎会向那些她认为有意思的人，传授她对各种事情的见解。\n或许丽莎一直暗中期待着，有能力探明「神之眼」背后真相的人将因此出现在她面前。"
      }
    ]
  },
  "Costumes": [
    {
      "Id": 200601,
      "Name": "叶隐芳名",
      "Description": "丽莎重游须弥时请人订做的服饰。裙装干练而不失优雅，与她学生时代的制服有几分相似之处。",
      "IsDefault": false,
      "FrontIcon": "UI_AvatarIcon_LisaCostumeStudentin",
      "SideIcon": "UI_AvatarIcon_Side_LisaCostumeStudentin"
    },
    {
      "Id": 200600,
      "Name": "绀紫蔷薇",
      "Description": "丽莎的装扮款式。以蔷薇缀饰描绘淑女优雅气质的修身裙装。",
      "IsDefault": true
    }
  ],
  "CultivationItems": [
    104144,
    113002,
    100022,
    112004,
    104309,
    113004
  ],
  "NameCard": {
    "Name": "丽莎·沙漏",
    "Description": "名片纹饰。\n什么东西会流逝？时间，和丽莎计算下班时间的沙漏。",
    "Icon": "UI_NameCardIcon_Lisa",
    "PicturePrefix": "UI_NameCardPic_Lisa"
  }
}