{"1": {"id": "1", "name": "温明德", "icon": "icon/avatar/Wenmingde.png"}, "2": {"id": "2", "name": "掘掘博士", "icon": "icon/avatar/DoctorDig.png"}, "3": {"id": "3", "name": "「地火」官方", "icon": "icon/avatar/Anonymous.png"}, "4": {"id": "4", "name": "铁卫禁区播报", "icon": "icon/avatar/Anonymous.png"}, "5": {"id": "5", "name": "洛奇", "icon": "icon/avatar/Rocky.png"}, "6": {"id": "6", "name": "螺中笑声", "icon": "icon/avatar/Anonymous.png"}, "7": {"id": "7", "name": "「黑塔•全景系统」", "icon": "icon/avatar/Anonymous.png"}, "8": {"id": "8", "name": "亚伯拉罕", "icon": "icon/avatar/Abraham.png"}, "9": {"id": "9", "name": "？？？", "icon": "icon/avatar/Anonymous.png"}, "10": {"id": "10", "name": "尤利安", "icon": "icon/avatar/Julian.png"}, "11": {"id": "11", "name": "？？？", "icon": "icon/avatar/Julian.png"}, "12": {"id": "12", "name": "奥列格", "icon": "icon/avatar/Oleg.png"}, "13": {"id": "13", "name": "星穹列车一家人", "icon": "icon/avatar/GroupTrain.png"}, "14": {"id": "14", "name": "？？？", "icon": "icon/avatar/Anonymous.png"}, "15": {"id": "15", "name": "黑塔女士单推协会", "icon": "icon/avatar/GroupDefault.png"}, "16": {"id": "16", "name": "知名不具", "icon": "icon/avatar/Anonymous.png"}, "17": {"id": "17", "name": "玛氏机器人", "icon": "icon/avatar/Anonymous.png"}, "18": {"id": "18", "name": "无证开飞船", "icon": "icon/avatar/Anonymous.png"}, "19": {"id": "19", "name": "瓜田里猹", "icon": "icon/avatar/Anonymous.png"}, "20": {"id": "20", "name": "比尔盖瓦", "icon": "icon/avatar/Anonymous.png"}, "21": {"id": "21", "name": "绿色胖大海", "icon": "icon/avatar/Anonymous.png"}, "22": {"id": "22", "name": "红毛斑鸠", "icon": "icon/avatar/Anonymous.png"}, "23": {"id": "23", "name": "紫色雪尔丽", "icon": "icon/avatar/Anonymous.png"}, "24": {"id": "24", "name": "帕梅拉", "icon": "icon/avatar/Pamela.png"}, "25": {"id": "25", "name": "毁人不倦", "icon": "icon/avatar/Anonymous.png"}, "26": {"id": "26", "name": "爆炸头才是艺术", "icon": "icon/avatar/Anonymous.png"}, "27": {"id": "27", "name": "相亲交友私小窗", "icon": "icon/avatar/Anonymous.png"}, "28": {"id": "28", "name": "脸接大招", "icon": "icon/avatar/Anonymous.png"}, "29": {"id": "29", "name": "伦纳德", "icon": "icon/avatar/Leonard.png"}, "30": {"id": "30", "name": "星际互联网络", "icon": "icon/avatar/Anonymous.png"}, "31": {"id": "31", "name": "檀檀", "icon": "icon/avatar/Tantan.png"}, "32": {"id": "32", "name": "芦慧", "icon": "icon/avatar/Luhui.png"}, "33": {"id": "33", "name": "温符瑞", "icon": "icon/avatar/Wenfurui.png"}, "34": {"id": "34", "name": "狐仙黛青", "icon": "icon/avatar/Daiqing.png"}, "35": {"id": "35", "name": "？？？", "icon": "icon/avatar/Anonymous.png"}, "36": {"id": "36", "name": "肉店镇屠", "icon": "icon/avatar/Anonymous.png"}, "37": {"id": "37", "name": "「广云袖」自动客服", "icon": "icon/avatar/Anonymous.png"}, "38": {"id": "38", "name": "夕葵", "icon": "icon/avatar/Xikui.png"}, "39": {"id": "39", "name": "予衿", "icon": "icon/avatar/Yujin.png"}, "40": {"id": "40", "name": "邓恩", "icon": "icon/avatar/Donne.png"}, "41": {"id": "41", "name": "阿青", "icon": "icon/avatar/Anonymous.png"}, "42": {"id": "42", "name": "大毫", "icon": "icon/avatar/Dahao.png"}, "44": {"id": "44", "name": "梁沐", "icon": "icon/avatar/Liangmu.png"}, "46": {"id": "46", "name": "谛听", "icon": "icon/avatar/Diting.png"}, "47": {"id": "47", "name": "净砚", "icon": "icon/avatar/Jingyana.png"}, "48": {"id": "48", "name": "埃美丽", "icon": "icon/avatar/Emilie.png"}, "49": {"id": "49", "name": "「星际和平家电」", "icon": "icon/avatar/Anonymous.png"}, "50": {"id": "50", "name": "正当权益会社", "icon": "icon/avatar/GroupDefault.png"}, "51": {"id": "51", "name": "晴霓", "icon": "icon/avatar/Qingni.png"}, "52": {"id": "52", "name": "布凯辛", "icon": "icon/avatar/Bukaixin.png"}, "53": {"id": "53", "name": "匿名", "icon": "icon/avatar/Anonymous.png"}, "54": {"id": "54", "name": "铖杰", "icon": "icon/avatar/Chengjie.png"}, "55": {"id": "55", "name": "梓桥", "icon": "icon/avatar/Ziqiao.png"}, "56": {"id": "56", "name": "黑塔、阿兰、{NICKNAME}的群聊", "icon": "icon/avatar/GroupDefault.png"}, "57": {"id": "57", "name": "？？？", "icon": "icon/avatar/Anonymous.png"}, "58": {"id": "58", "name": "？？？", "icon": "icon/avatar/Anonymous.png"}, "59": {"id": "59", "name": "维修工程师", "icon": "icon/avatar/Engineer.png"}, "60": {"id": "60", "name": "青镞", "icon": "icon/avatar/Qingzu.png"}, "61": {"id": "61", "name": "绿芙蓉", "icon": "icon/avatar/Lvfulong.png"}, "62": {"id": "62", "name": "？？？", "icon": "icon/avatar/Anonymous.png"}, "63": {"id": "63", "name": "魔方秘社", "icon": "icon/avatar/Anonymous.png"}, "64": {"id": "64", "name": "？？？", "icon": "icon/avatar/Anonymous.png"}, "65": {"id": "65", "name": "？？？", "icon": "icon/avatar/Anonymous.png"}, "66": {"id": "66", "name": "丹枢", "icon": "icon/avatar/Danshu.png"}, "67": {"id": "67", "name": "杰帕德、希露瓦、{NICKNAME}的群聊", "icon": "icon/avatar/GroupDefault.png"}, "68": {"id": "68", "name": "亚伯拉罕、{NICKNAME}、艾丝妲…", "icon": "icon/avatar/GroupDefault.png"}, "69": {"id": "69", "name": "雷金", "icon": "icon/avatar/Regin.png"}, "70": {"id": "70", "name": "文物失窃专项调查组", "icon": "icon/avatar/GroupDefault.png"}, "71": {"id": "71", "name": "铁卫调查员", "icon": "icon/avatar/NPCSoldier.png"}, "72": {"id": "72", "name": "人工智能回复", "icon": "icon/avatar/Zhangzhang.png"}, "73": {"id": "73", "name": "布洛妮娅、{NICKNAME}、三月七、丹恒的群聊", "icon": "icon/avatar/GroupDefault.png"}, "74": {"id": "74", "name": "匿名", "icon": "icon/avatar/Anonymous.png"}, "75": {"id": "75", "name": "匿名", "icon": "icon/avatar/Anonymous.png"}, "76": {"id": "76", "name": "地衡司•应急中心", "icon": "icon/avatar/Anonymous.png"}, "77": {"id": "77", "name": "布洛妮娅、杰帕德、{NICKNAME}等人的群聊", "icon": "icon/avatar/GroupDefault.png"}, "78": {"id": "78", "name": "金人巷复兴小组", "icon": "icon/avatar/GroupDefault.png"}, "79": {"id": "79", "name": "明曦", "icon": "icon/avatar/Mingxi.png"}, "80": {"id": "80", "name": "霄翰", "icon": "icon/avatar/Xiaohan.png"}, "82": {"id": "82", "name": "钟珊", "icon": "icon/avatar/Zhongshan.png"}, "83": {"id": "83", "name": "小聪", "icon": "icon/avatar/XiaoCong.png"}, "84": {"id": "84", "name": "陶德", "icon": "icon/avatar/Taode.png"}, "86": {"id": "86", "name": "维尔德", "icon": "icon/avatar/Velite.png"}, "87": {"id": "87", "name": "西衍先生", "icon": "icon/avatar/MrXiYan.png"}, "88": {"id": "88", "name": "乔瓦尼", "icon": "icon/avatar/Giovanni.png"}, "89": {"id": "89", "name": "燕翠", "icon": "icon/avatar/Yancui.png"}, "90": {"id": "90", "name": "捉鬼小队", "icon": "icon/avatar/GroupDefault.png"}, "91": {"id": "91", "name": "沃森", "icon": "icon/avatar/Wosen.png"}, "92": {"id": "92", "name": "广进", "icon": "icon/avatar/Guangjin.png"}, "93": {"id": "93", "name": "《以太战线》官方答疑群", "icon": "icon/avatar/GroupDefault.png"}, "95": {"id": "95", "name": "界种科科员", "icon": "icon/avatar/JieZhongKe.png"}, "97": {"id": "97", "name": "豆沙单推", "icon": "icon/avatar/Anonymous.png"}, "98": {"id": "98", "name": "吃瓜专家", "icon": "icon/avatar/Anonymous.png"}, "102": {"id": "102", "name": "？？？", "icon": "icon/avatar/Anonymous.png"}, "103": {"id": "103", "name": "猹里猹气", "icon": "icon/avatar/Anonymous.png"}, "104": {"id": "104", "name": "亦可赛艇", "icon": "icon/avatar/Anonymous.png"}, "105": {"id": "105", "name": "黑塔纠察队", "icon": "icon/avatar/GroupDefault.png"}, "106": {"id": "106", "name": "爱德华医生", "icon": "icon/avatar/DreamStore.png"}, "107": {"id": "107", "name": "托帕、三月七、{NICKNAME}的群聊", "icon": "icon/avatar/GroupDefault.png"}, "108": {"id": "108", "name": "？？？", "icon": "icon/avatar/Anonymous.png"}, "109": {"id": "109", "name": "银枝、三月七、帕姆、{NICKNAME}的群聊", "icon": "icon/avatar/GroupDefault.png"}, "110": {"id": "110", "name": "捉鬼小队对接群", "icon": "icon/avatar/GroupDefault.png"}, "111": {"id": "111", "name": "阿月", "icon": "icon/avatar/Anonymous.png"}, "112": {"id": "112", "name": "一支试管", "icon": "icon/avatar/Anonymous.png"}, "113": {"id": "113", "name": "空间站-天才俱乐部事务同步群", "icon": "icon/avatar/GroupDefault.png"}, "114": {"id": "114", "name": "豆沙单推、比尔盖瓦、无证开飞船…", "icon": "icon/avatar/GroupDefault.png"}, "115": {"id": "115", "name": "匹诺康尼小分队", "icon": "icon/avatar/GroupDefault.png"}, "116": {"id": "116", "name": "美梦报社", "icon": "icon/avatar/DreamOffice.png"}, "117": {"id": "117", "name": "莱斯利•迪恩粉丝集合！", "icon": "icon/avatar/GroupDefault.png"}, "118": {"id": "118", "name": "伍尔西", "icon": "icon/avatar/Woolsey.png"}, "119": {"id": "119", "name": "钟■■■", "icon": "icon/avatar/Anonymous.png"}, "120": {"id": "120", "name": "钟表餐厅", "icon": "icon/avatar/DelicayExpress.png"}, "121": {"id": "121", "name": "乌玛", "icon": "icon/avatar/Uma.png"}, "122": {"id": "122", "name": "匹诺康尼奢侈品", "icon": "icon/avatar/LuxuryStore.png"}, "123": {"id": "123", "name": "水晶杯", "icon": "icon/avatar/Anonymous.png"}, "124": {"id": "124", "name": "老朋友", "icon": "icon/avatar/Anonymous.png"}, "125": {"id": "125", "name": "垃圾桶", "icon": "icon/avatar/202002.png"}, "126": {"id": "126", "name": "灼热的垃圾桶", "icon": "icon/avatar/202002.png"}, "127": {"id": "127", "name": "热情似火的垃圾桶", "icon": "icon/avatar/202002.png"}, "128": {"id": "128", "name": "心碎的垃圾桶", "icon": "icon/avatar/202002.png"}, "129": {"id": "129", "name": "？？？", "icon": "icon/avatar/Anonymous.png"}, "130": {"id": "130", "name": "筑梦拼图课题组", "icon": "icon/avatar/Anonymous.png"}, "131": {"id": "131", "name": "美梦报社", "icon": "icon/avatar/DreamOffice.png"}, "132": {"id": "132", "name": "湛蓝爵士", "icon": "icon/avatar/Anonymous.png"}, "133": {"id": "133", "name": "舒翁", "icon": "icon/avatar/Sionbhan.png"}, "134": {"id": "134", "name": "蒂索克三世", "icon": "icon/avatar/DesolaTheSecond.png"}, "135": {"id": "135", "name": "？？？", "icon": "icon/avatar/Anonymous.png"}, "136": {"id": "136", "name": "司令", "icon": "icon/avatar/3002030.png"}, "137": {"id": "137", "name": "黑桃", "icon": "icon/avatar/3001010.png"}, "138": {"id": "138", "name": "淑女", "icon": "icon/avatar/3002010.png"}, "139": {"id": "139", "name": "忧郁派", "icon": "icon/avatar/3001020.png"}, "140": {"id": "140", "name": "完蛋！我们被傻子包围了！", "icon": "icon/avatar/GroupDefault.png"}, "141": {"id": "141", "name": "广告牌侦探", "icon": "icon/avatar/AdvertBoard.png"}, "142": {"id": "142", "name": "黄泉", "icon": "icon/avatar/1308.png"}, "143": {"id": "143", "name": "1111111111", "icon": "icon/avatar/GroupDefault.png"}, "144": {"id": "144", "name": "烟花该从哪边看", "icon": "icon/avatar/Anonymous.png"}, "145": {"id": "145", "name": "猎犬承办", "icon": "icon/avatar/Anonymous.png"}, "146": {"id": "146", "name": "克劳克影业客服", "icon": "icon/avatar/Anonymous.png"}, "147": {"id": "147", "name": "公输师傅", "icon": "icon/avatar/MasterGongshu.png"}, "148": {"id": "148", "name": "捷德", "icon": "icon/avatar/Jetta.png"}, "149": {"id": "149", "name": "公事公办", "icon": "icon/avatar/Anonymous.png"}, "150": {"id": "150", "name": "艾迪恩", "icon": "icon/avatar/Aideen.png"}, "151": {"id": "151", "name": "派送员", "icon": "icon/avatar/Anonymous.png"}, "152": {"id": "152", "name": "三个大宝贝", "icon": "icon/avatar/GroupDefault.png"}, "153": {"id": "153", "name": "丹西", "icon": "icon/avatar/Dennis.png"}, "154": {"id": "154", "name": "米凯", "icon": "icon/avatar/Micah.png"}, "155": {"id": "155", "name": "缇娜", "icon": "icon/avatar/Tina.png"}, "156": {"id": "156", "name": "「短信」娃娃", "icon": "icon/avatar/202017.png"}, "157": {"id": "157", "name": "缭乱忍侠是在下", "icon": "icon/avatar/Anonymous.png"}, "158": {"id": "158", "name": "艾尔菲", "icon": "icon/avatar/Aierfei.png"}, "159": {"id": "159", "name": "音忍集会", "icon": "icon/avatar/GroupDefault.png"}, "160": {"id": "160", "name": "达凡绮", "icon": "icon/avatar/Dafanqi.png"}, "161": {"id": "161", "name": "契波", "icon": "icon/avatar/Anonymous.png"}, "162": {"id": "162", "name": "演武仪典赛事沟通", "icon": "icon/avatar/GroupDefault.png"}, "163": {"id": "163", "name": "演武仪典组委会代表", "icon": "icon/avatar/FightFest.png"}, "164": {"id": "164", "name": "电子小垃圾", "icon": "icon/avatar/BandMember02.png"}, "165": {"id": "165", "name": "吉他高手", "icon": "icon/avatar/BandMember01.png"}, "166": {"id": "166", "name": "契", "icon": "icon/avatar/BandMember03.png"}, "167": {"id": "167", "name": "缭乱•忍侠", "icon": "icon/avatar/1317.png"}, "168": {"id": "168", "name": "「缭乱」粉丝聚集地", "icon": "icon/avatar/GroupDefault.png"}, "170": {"id": "170", "name": "赵相机", "icon": "icon/avatar/1001.png"}, "171": {"id": "171", "name": "独爱蕉宝", "icon": "icon/avatar/Montana.png"}, "172": {"id": "172", "name": "恰丽卡", "icon": "icon/avatar/Chaletka.png"}, "173": {"id": "173", "name": "蕉开富贵", "icon": "icon/avatar/Richesandhonor.png"}, "174": {"id": "174", "name": "芭蕉花酱（努力版）", "icon": "icon/avatar/Kenebo.png"}, "175": {"id": "175", "name": "折纸大学新蕉群", "icon": "icon/avatar/GroupDefault.png"}, "176": {"id": "176", "name": "缇宝、丹恒、{NICKNAME}的群聊", "icon": "icon/avatar/GroupDefault.png"}, "177": {"id": "177", "name": "翁法罗斯迎宾组", "icon": "icon/avatar/GroupDefault.png"}, "179": {"id": "179", "name": "演化神秘学信徒", "icon": "icon/avatar/Anonymous.png"}, "180": {"id": "180", "name": "黄金替罪羊的呓语", "icon": "icon/avatar/GroupDefault.png"}, "181": {"id": "181", "name": "提灯找人", "icon": "icon/avatar/Anonymous.png"}, "182": {"id": "182", "name": "遐蝶、阿格莱雅、{NICKNAME}的群聊", "icon": "icon/avatar/GroupDefault.png"}, "183": {"id": "183", "name": "「粉霞天女」讨论组", "icon": "icon/avatar/GroupDefault.png"}, "184": {"id": "184", "name": "天外探险家", "icon": "icon/avatar/Anonymous.png"}, "185": {"id": "185", "name": "扎格列斯送我钱", "icon": "icon/avatar/Anonymous.png"}, "186": {"id": "186", "name": "只愿做人台", "icon": "icon/avatar/Anonymous.png"}, "187": {"id": "187", "name": "第十三泰坦", "icon": "icon/avatar/Anonymous.png"}, "188": {"id": "188", "name": "法吉娜还在喝", "icon": "icon/avatar/Anonymous.png"}, "189": {"id": "189", "name": "赫卡忒", "icon": "icon/avatar/Hekate.png"}, "190": {"id": "190", "name": "德墨忒尔", "icon": "icon/avatar/Demetria.png"}, "191": {"id": "191", "name": "跃渊", "icon": "icon/avatar/Yueyuan.png"}, "1000": {"id": "1000", "name": "帕姆", "icon": "icon/avatar/Pam.png"}, "1001": {"id": "1001", "name": "三月七", "icon": "icon/avatar/1001.png"}, "1002": {"id": "1002", "name": "丹恒", "icon": "icon/avatar/1002.png"}, "1003": {"id": "1003", "name": "姬子", "icon": "icon/avatar/1003.png"}, "1004": {"id": "1004", "name": "瓦尔特", "icon": "icon/avatar/1004.png"}, "1005": {"id": "1005", "name": "卡芙卡", "icon": "icon/avatar/1005.png"}, "1006": {"id": "1006", "name": "银狼", "icon": "icon/avatar/1006.png"}, "1007": {"id": "1007", "name": "螺丝咕姆", "icon": "icon/avatar/Screwllum.png"}, "1008": {"id": "1008", "name": "阿兰", "icon": "icon/avatar/1008.png"}, "1009": {"id": "1009", "name": "艾丝妲", "icon": "icon/avatar/1009.png"}, "1013": {"id": "1013", "name": "黑塔", "icon": "icon/avatar/1013.png"}, "1101": {"id": "1101", "name": "布洛妮娅", "icon": "icon/avatar/1101.png"}, "1102": {"id": "1102", "name": "希儿", "icon": "icon/avatar/1102.png"}, "1103": {"id": "1103", "name": "希露瓦", "icon": "icon/avatar/1103.png"}, "1104": {"id": "1104", "name": "杰帕德", "icon": "icon/avatar/1104.png"}, "1105": {"id": "1105", "name": "娜塔莎", "icon": "icon/avatar/1105.png"}, "1106": {"id": "1106", "name": "佩拉", "icon": "icon/avatar/1106.png"}, "1107": {"id": "1107", "name": "克拉拉", "icon": "icon/avatar/1107.png"}, "1108": {"id": "1108", "name": "桑博", "icon": "icon/avatar/1108.png"}, "1109": {"id": "1109", "name": "虎克", "icon": "icon/avatar/1109.png"}, "1110": {"id": "1110", "name": "玲可", "icon": "icon/avatar/1110.png"}, "1111": {"id": "1111", "name": "卢卡", "icon": "icon/avatar/1111.png"}, "1112": {"id": "1112", "name": "托帕", "icon": "icon/avatar/1112.png"}, "1201": {"id": "1201", "name": "青雀", "icon": "icon/avatar/1201.png"}, "1202": {"id": "1202", "name": "停云", "icon": "icon/avatar/1202.png"}, "1203": {"id": "1203", "name": "罗刹", "icon": "icon/avatar/1203.png"}, "1204": {"id": "1204", "name": "景元", "icon": "icon/avatar/1204.png"}, "1205": {"id": "1205", "name": "刃", "icon": "icon/avatar/1205.png"}, "1206": {"id": "1206", "name": "素裳", "icon": "icon/avatar/1206.png"}, "1207": {"id": "1207", "name": "驭空", "icon": "icon/avatar/1207.png"}, "1208": {"id": "1208", "name": "符玄", "icon": "icon/avatar/1208.png"}, "1209": {"id": "1209", "name": "彦卿", "icon": "icon/avatar/1209.png"}, "1210": {"id": "1210", "name": "桂乃芬", "icon": "icon/avatar/1210.png"}, "1211": {"id": "1211", "name": "白露", "icon": "icon/avatar/1211.png"}, "1214": {"id": "1214", "name": "雪衣", "icon": "icon/avatar/1214.png"}, "1215": {"id": "1215", "name": "寒鸦", "icon": "icon/avatar/1215.png"}, "1217": {"id": "1217", "name": "藿藿", "icon": "icon/avatar/1217.png"}, "1218": {"id": "1218", "name": "椒丘", "icon": "icon/avatar/1218.png"}, "1220": {"id": "1220", "name": "飞霄", "icon": "icon/avatar/1220.png"}, "1221": {"id": "1221", "name": "云璃", "icon": "icon/avatar/1221.png"}, "1222": {"id": "1222", "name": "灵砂", "icon": "icon/avatar/1222.png"}, "1223": {"id": "1223", "name": "貊泽", "icon": "icon/avatar/1223.png"}, "1301": {"id": "1301", "name": "加拉赫", "icon": "icon/avatar/1301.png"}, "1302": {"id": "1302", "name": "银枝", "icon": "icon/avatar/1302.png"}, "1303": {"id": "1303", "name": "阮•梅", "icon": "icon/avatar/1303.png"}, "1304": {"id": "1304", "name": "砂金", "icon": "icon/avatar/1304.png"}, "1305": {"id": "1305", "name": "真理医生", "icon": "icon/avatar/1305.png"}, "1306": {"id": "1306", "name": "花火", "icon": "icon/avatar/1306.png"}, "1307": {"id": "1307", "name": "黑天鹅", "icon": "icon/avatar/1307.png"}, "1308": {"id": "1308", "name": "黄泉", "icon": "icon/avatar/1308.png"}, "1309": {"id": "1309", "name": "知更鸟", "icon": "icon/avatar/1309.png"}, "1310": {"id": "1310", "name": "流萤", "icon": "icon/avatar/1310.png"}, "1312": {"id": "1312", "name": "米沙", "icon": "icon/avatar/1312.png"}, "1313": {"id": "1313", "name": "星期日", "icon": "icon/avatar/1313.png"}, "1314": {"id": "1314", "name": "翡翠", "icon": "icon/avatar/1314.png"}, "1315": {"id": "1315", "name": "波提欧", "icon": "icon/avatar/1315.png"}, "1317": {"id": "1317", "name": "乱破", "icon": "icon/avatar/1317.png"}, "1401": {"id": "1401", "name": "大黑塔", "icon": "icon/avatar/1401.png"}, "1402": {"id": "1402", "name": "阿格莱雅", "icon": "icon/avatar/1402.png"}, "1403": {"id": "1403", "name": "缇宝", "icon": "icon/avatar/1403.png"}, "1407": {"id": "1407", "name": "遐蝶", "icon": "icon/avatar/1407.png"}, "1408": {"id": "1408", "name": "白厄", "icon": "icon/avatar/1408.png"}, "8000": {"id": "8000", "name": "{NICKNAME}", "icon": ""}, "200001": {"id": "200001", "name": "无", "rarity": 4, "icon": "icon/avatar/Anonymous.png"}, "200101": {"id": "200101", "name": "三月七•迎新", "rarity": 5, "icon": "icon/avatar/200101.png"}, "200102": {"id": "200102", "name": "丹恒•迎新", "rarity": 5, "icon": "icon/avatar/200102.png"}, "200103": {"id": "200103", "name": "姬子•迎新", "rarity": 5, "icon": "icon/avatar/200103.png"}, "200104": {"id": "200104", "name": "瓦尔特•迎新", "rarity": 5, "icon": "icon/avatar/200104.png"}, "200105": {"id": "200105", "name": "开拓者•迎新", "rarity": 5, "icon": "icon/avatar/200105.png"}, "200106": {"id": "200106", "name": "开拓者•迎新", "rarity": 5, "icon": "icon/avatar/200106.png"}, "200107": {"id": "200107", "name": "卡芙卡•夜宴", "rarity": 5, "icon": "icon/avatar/200107.png"}, "200108": {"id": "200108", "name": "刃•夜宴", "rarity": 5, "icon": "icon/avatar/200108.png"}, "200109": {"id": "200109", "name": "景元•适暇", "rarity": 5, "icon": "icon/avatar/200109.png"}, "200110": {"id": "200110", "name": "符玄•适暇", "rarity": 5, "icon": "icon/avatar/200110.png"}, "200111": {"id": "200111", "name": "布洛妮娅•庆典", "rarity": 5, "icon": "icon/avatar/200111.png"}, "200112": {"id": "200112", "name": "杰帕德•庆典", "rarity": 5, "icon": "icon/avatar/200112.png"}, "200113": {"id": "200113", "name": "镜流•远行", "rarity": 5, "icon": "icon/avatar/200113.png"}, "200114": {"id": "200114", "name": "彦卿•远行", "rarity": 5, "icon": "icon/avatar/200114.png"}, "200115": {"id": "200115", "name": "阮•梅•教研", "rarity": 5, "icon": "icon/avatar/200115.png"}, "200116": {"id": "200116", "name": "真理医生•教研", "rarity": 5, "icon": "icon/avatar/200116.png"}, "200117": {"id": "200117", "name": "花火•幻象", "rarity": 5, "icon": "icon/avatar/200117.png"}, "200118": {"id": "200118", "name": "桑博•幻象", "rarity": 5, "icon": "icon/avatar/200118.png"}, "200119": {"id": "200119", "name": "托帕•命中", "rarity": 5, "icon": "icon/avatar/200119.png"}, "200120": {"id": "200120", "name": "砂金•命中", "rarity": 5, "icon": "icon/avatar/200120.png"}, "200121": {"id": "200121", "name": "黄泉•暗袭", "rarity": 5, "icon": "icon/avatar/200121.png"}, "200122": {"id": "200122", "name": "波提欧•暗袭", "rarity": 5, "icon": "icon/avatar/200122.png"}, "200123": {"id": "200123", "name": "流萤•愿景", "rarity": 5, "icon": "icon/avatar/200123.png"}, "200124": {"id": "200124", "name": "装甲「萨姆」•愿景", "rarity": 5, "icon": "icon/avatar/200124.png"}, "200125": {"id": "200125", "name": "白露•仁医", "rarity": 5, "icon": "icon/avatar/200125.png"}, "200126": {"id": "200126", "name": "椒丘•仁医", "rarity": 5, "icon": "icon/avatar/200126.png"}, "200127": {"id": "200127", "name": "飞霄•健体", "rarity": 5, "icon": "icon/avatar/200127.png"}, "200128": {"id": "200128", "name": "貊泽•健体", "rarity": 5, "icon": "icon/avatar/200128.png"}, "200129": {"id": "200129", "name": "乱破•开场", "rarity": 5, "icon": "icon/avatar/200129.png"}, "200130": {"id": "200130", "name": "银狼•开场", "rarity": 5, "icon": "icon/avatar/200130.png"}, "200131": {"id": "200131", "name": "知更鸟•韶华", "rarity": 5, "icon": "icon/avatar/200131.png"}, "200132": {"id": "200132", "name": "星期日•韶华", "rarity": 5, "icon": "icon/avatar/200132.png"}, "200133": {"id": "200133", "name": "大黑塔•茶歇", "rarity": 5, "icon": "icon/avatar/200133.png"}, "200134": {"id": "200134", "name": "黑塔•茶歇", "rarity": 5, "icon": "icon/avatar/200134.png"}, "201001": {"id": "201001", "name": "三月七•存护", "icon": "icon/avatar/1001.png"}, "201002": {"id": "201002", "name": "丹恒", "icon": "icon/avatar/1002.png"}, "201003": {"id": "201003", "name": "姬子", "icon": "icon/avatar/1003.png"}, "201004": {"id": "201004", "name": "瓦尔特", "icon": "icon/avatar/1004.png"}, "201005": {"id": "201005", "name": "卡芙卡", "icon": "icon/avatar/1005.png"}, "201006": {"id": "201006", "name": "银狼", "icon": "icon/avatar/1006.png"}, "201008": {"id": "201008", "name": "阿兰", "icon": "icon/avatar/1008.png"}, "201009": {"id": "201009", "name": "艾丝妲", "icon": "icon/avatar/1009.png"}, "201013": {"id": "201013", "name": "黑塔", "icon": "icon/avatar/1013.png"}, "201101": {"id": "201101", "name": "布洛妮娅", "icon": "icon/avatar/1101.png"}, "201102": {"id": "201102", "name": "希儿", "icon": "icon/avatar/1102.png"}, "201103": {"id": "201103", "name": "希露瓦", "icon": "icon/avatar/1103.png"}, "201104": {"id": "201104", "name": "杰帕德", "icon": "icon/avatar/1104.png"}, "201105": {"id": "201105", "name": "娜塔莎", "icon": "icon/avatar/1105.png"}, "201106": {"id": "201106", "name": "佩拉", "icon": "icon/avatar/1106.png"}, "201107": {"id": "201107", "name": "克拉拉", "icon": "icon/avatar/1107.png"}, "201108": {"id": "201108", "name": "桑博", "icon": "icon/avatar/1108.png"}, "201109": {"id": "201109", "name": "虎克", "icon": "icon/avatar/1109.png"}, "201110": {"id": "201110", "name": "玲可", "icon": "icon/avatar/1110.png"}, "201111": {"id": "201111", "name": "卢卡", "icon": "icon/avatar/1111.png"}, "201112": {"id": "201112", "name": "托帕&账账", "icon": "icon/avatar/1112.png"}, "201201": {"id": "201201", "name": "青雀", "icon": "icon/avatar/1201.png"}, "201202": {"id": "201202", "name": "停云", "icon": "icon/avatar/1202.png"}, "201203": {"id": "201203", "name": "罗刹", "icon": "icon/avatar/1203.png"}, "201204": {"id": "201204", "name": "景元", "icon": "icon/avatar/1204.png"}, "201205": {"id": "201205", "name": "刃", "icon": "icon/avatar/1205.png"}, "201206": {"id": "201206", "name": "素裳", "icon": "icon/avatar/1206.png"}, "201207": {"id": "201207", "name": "驭空", "icon": "icon/avatar/1207.png"}, "201208": {"id": "201208", "name": "符玄", "icon": "icon/avatar/1208.png"}, "201209": {"id": "201209", "name": "彦卿", "icon": "icon/avatar/1209.png"}, "201210": {"id": "201210", "name": "桂乃芬", "icon": "icon/avatar/1210.png"}, "201211": {"id": "201211", "name": "白露", "icon": "icon/avatar/1211.png"}, "201212": {"id": "201212", "name": "镜流", "icon": "icon/avatar/1212.png"}, "201213": {"id": "201213", "name": "丹恒•饮月", "icon": "icon/avatar/1213.png"}, "201214": {"id": "201214", "name": "雪衣", "icon": "icon/avatar/1214.png"}, "201215": {"id": "201215", "name": "寒鸦", "icon": "icon/avatar/1215.png"}, "201217": {"id": "201217", "name": "藿藿", "icon": "icon/avatar/1217.png"}, "201218": {"id": "201218", "name": "椒丘", "icon": "icon/avatar/1218.png"}, "201220": {"id": "201220", "name": "飞霄", "icon": "icon/avatar/1220.png"}, "201221": {"id": "201221", "name": "云璃", "icon": "icon/avatar/1221.png"}, "201222": {"id": "201222", "name": "灵砂", "icon": "icon/avatar/1222.png"}, "201223": {"id": "201223", "name": "貊泽", "icon": "icon/avatar/1223.png"}, "201224": {"id": "201224", "name": "三月七•巡猎", "icon": "icon/avatar/1224.png"}, "201225": {"id": "201225", "name": "忘归人", "icon": "icon/avatar/1225.png"}, "201301": {"id": "201301", "name": "加拉赫", "icon": "icon/avatar/1301.png"}, "201302": {"id": "201302", "name": "银枝", "icon": "icon/avatar/1302.png"}, "201303": {"id": "201303", "name": "阮•梅", "icon": "icon/avatar/1303.png"}, "201304": {"id": "201304", "name": "砂金", "icon": "icon/avatar/1304.png"}, "201305": {"id": "201305", "name": "真理医生", "icon": "icon/avatar/1305.png"}, "201306": {"id": "201306", "name": "花火", "icon": "icon/avatar/1306.png"}, "201307": {"id": "201307", "name": "黑天鹅", "icon": "icon/avatar/1307.png"}, "201308": {"id": "201308", "name": "黄泉", "icon": "icon/avatar/1308.png"}, "201309": {"id": "201309", "name": "知更鸟", "icon": "icon/avatar/1309.png"}, "201310": {"id": "201310", "name": "流萤", "icon": "icon/avatar/1310.png"}, "201312": {"id": "201312", "name": "米沙", "icon": "icon/avatar/1312.png"}, "201313": {"id": "201313", "name": "星期日", "icon": "icon/avatar/1313.png"}, "201314": {"id": "201314", "name": "翡翠", "icon": "icon/avatar/1314.png"}, "201315": {"id": "201315", "name": "波提欧", "icon": "icon/avatar/1315.png"}, "201317": {"id": "201317", "name": "乱破", "icon": "icon/avatar/1317.png"}, "201401": {"id": "201401", "name": "大黑塔", "icon": "icon/avatar/1401.png"}, "201402": {"id": "201402", "name": "阿格莱雅", "icon": "icon/avatar/1402.png"}, "202001": {"id": "202001", "name": "呜呜伯", "rarity": 4, "icon": "icon/avatar/202001.png"}, "202002": {"id": "202002", "name": "垃圾桶", "rarity": 4, "icon": "icon/avatar/202002.png"}, "202003": {"id": "202003", "name": "菌菌", "rarity": 4, "icon": "icon/avatar/202003.png"}, "202004": {"id": "202004", "name": "佩佩", "rarity": 4, "icon": "icon/avatar/202004.png"}, "202005": {"id": "202005", "name": "谛听", "rarity": 4, "icon": "icon/avatar/202005.png"}, "202006": {"id": "202006", "name": "通缉令", "rarity": 4, "icon": "icon/avatar/202006.png"}, "202007": {"id": "202007", "name": "帕姆•美食", "rarity": 4, "icon": "icon/avatar/202007.png"}, "202008": {"id": "202008", "name": "「点心生命」", "rarity": 4, "icon": "icon/avatar/202008.png"}, "202009": {"id": "202009", "name": "{NICKNAME}•星轨", "rarity": 4, "icon": "icon/avatar/202009.png"}, "202010": {"id": "202010", "name": "{NICKNAME}•星轨", "rarity": 4, "icon": "icon/avatar/202010.png"}, "202011": {"id": "202011", "name": "钟表小子", "rarity": 4, "icon": "icon/avatar/202011.png"}, "202012": {"id": "202012", "name": "哈努兄弟", "rarity": 4, "icon": "icon/avatar/202012.png"}, "202013": {"id": "202013", "name": "折纸小鸟", "rarity": 4, "icon": "icon/avatar/202013.png"}, "202014": {"id": "202014", "name": "卡卡瓦夏", "rarity": 4, "icon": "icon/avatar/202014.png"}, "202015": {"id": "202015", "name": "仓鼠球骑士", "rarity": 4, "icon": "icon/avatar/202015.png"}, "202016": {"id": "202016", "name": "一周年纪念", "rarity": 4, "icon": "icon/avatar/202016.png"}, "202017": {"id": "202017", "name": "花火娃娃", "rarity": 4, "icon": "icon/avatar/202017.png"}, "202018": {"id": "202018", "name": "「嗨，来测」", "rarity": 4, "icon": "icon/avatar/202018.png"}, "202019": {"id": "202019", "name": "彦卿•梦乡", "rarity": 4, "icon": "icon/avatar/202019.png"}, "202020": {"id": "202020", "name": "梦境迷钟", "rarity": 4, "icon": "icon/avatar/202020.png"}, "202025": {"id": "202025", "name": "贼灵", "rarity": 4, "icon": "icon/avatar/202025.png"}, "202028": {"id": "202028", "name": "叽米•沐浴", "rarity": 4, "icon": "icon/avatar/202028.png"}, "202029": {"id": "202029", "name": "三月七•节日", "rarity": 5, "icon": "icon/avatar/202029.png"}, "208001": {"id": "208001", "name": "{NICKNAME}•毁灭", "icon": "icon/avatar/8001.png"}, "208002": {"id": "208002", "name": "{NICKNAME}•毁灭", "icon": "icon/avatar/8002.png"}, "208003": {"id": "208003", "name": "{NICKNAME}•存护", "icon": "icon/avatar/8003.png"}, "208004": {"id": "208004", "name": "{NICKNAME}•存护", "icon": "icon/avatar/8004.png"}, "208005": {"id": "208005", "name": "{NICKNAME}•同谐", "icon": "icon/avatar/8005.png"}, "208006": {"id": "208006", "name": "{NICKNAME}•同谐", "icon": "icon/avatar/8006.png"}, "208007": {"id": "208007", "name": "{NICKNAME}•记忆", "icon": "icon/avatar/8007.png"}, "208008": {"id": "208008", "name": "{NICKNAME}•记忆", "icon": "icon/avatar/8008.png"}}