{"10001": {"id": "10001", "title": "命途", "desc": "星神所行之道。\n与之同行者，必能领受其恩赐。"}, "10002": {"id": "10002", "title": "行迹", "desc": "角色于「命途」之上所留的足迹，行止越远，奇迹愈显。"}, "10003": {"id": "10003", "title": "毁灭", "desc": "星神「纳努克」执掌的命途。\n莽撞、愤怒、破坏的行为是「毁灭」命途的体现。"}, "10004": {"id": "10004", "title": "巡猎", "desc": "星神「岚」执掌的命途。\n决断、冷酷、复仇的行为是「巡猎」命途的体现。"}, "10005": {"id": "10005", "title": "智识", "desc": "星神「博识尊」执掌的命途。\n思考、逻辑、策略的行为是「智识」命途的体现。"}, "10006": {"id": "10006", "title": "同谐", "desc": "星神「希佩」执掌的命途。\n理解、支持、配合的行为是「同谐」命途的体现。"}, "10007": {"id": "10007", "title": "虚无", "desc": "星神「IX」执掌的命途。\n懒惰、疲惫、无意义的行为是「虚无」命途的体现。"}, "10008": {"id": "10008", "title": "存护", "desc": "星神「克里珀」执掌的命途。\n等待、牺牲、保护的行为是「存护」命途的体现。"}, "10009": {"id": "10009", "title": "丰饶", "desc": "星神「药师」执掌的命途。\n无私、利他、治愈的行为是「丰饶」命途的体现。"}, "10010": {"id": "10010", "title": "光锥", "desc": "被封装的凝固事象。\n其力量亦被封存于光的切片之中。"}, "10011": {"id": "10011", "title": "星魂", "desc": "观测者的存在可能性。\n随着人们踏上固定的道路，它们最终坍缩为一体。"}, "10012": {"id": "10012", "title": "遗器", "desc": "由沾染数据的星尘化成的幻之装备。\n幽邃难言的裂界中，不同世界的遗物于斯交汇。"}, "10013": {"id": "10013", "title": "{NICKNAME}", "desc": "登上星穹列车的{F#少女}{M#少年}。\n为了消除星核带来的危机，选择与星穹列车同行。"}, "10014": {"id": "10014", "title": "三月七", "desc": "一度沉睡于恒冰，对过去一无所知的少女。\n为了寻找身世的真相，选择与星穹列车同行。\n目前为自己准备了约六十七种「身世故事」。"}, "10015": {"id": "10015", "title": "丹恒", "desc": "对自己的过去讳莫如深，清冷寡言的青年。\n为了躲避血裔同族，选择与星穹列车同行。"}, "10016": {"id": "10016", "title": "姬子", "desc": "星穹列车的修复者。\n为了见证广阔的星空，选择与星穹列车同行。\n爱好是制作手调咖啡。"}, "10017": {"id": "10017", "title": "瓦尔特•杨", "desc": "老成持重的列车组前辈。\n享受着久违的冒险奇遇，心底埋藏的热血再度燃烧。\n偶尔还会将经历的冒险旅程画在本子里。"}, "10018": {"id": "10018", "title": "艾丝妲", "desc": "空间站「黑塔」的站长，出身名门的大小姐。\n好奇心旺盛的天文研究者，擅长管理空间站各抒己见的科员。"}, "10019": {"id": "10019", "title": "阿兰", "desc": "空间站「黑塔」的防卫科负责人。\n不善言辞，希望保护珍视研究的人们顺利完成他们的研究。"}, "10020": {"id": "10020", "title": "卡芙卡", "desc": "「星核猎手」的成员，潇洒从容的职业装丽人。\n利用言灵术，设计令{NICKNAME}吸收星核。\n爱好是购买及整理大衣。"}, "10021": {"id": "10021", "title": "银狼", "desc": "「星核猎手」的成员，骇客高手。\n将宇宙视作大型沉浸式模拟游戏，玩乐其中。\n掌握了能够修改现实数据的「以太编辑」。"}, "10022": {"id": "10022", "title": "刃", "desc": "「星核猎手」的成员，弃身锋刃的剑客。\n效忠于「命运的奴隶」，拥有可怖的自愈能力。"}, "10023": {"id": "10023", "title": "艾利欧", "desc": "「星核猎手」的首领，被称为「命运的奴隶」。\n拥有预见未来可能性的能力/诅咒。"}, "10024": {"id": "10024", "title": "黑塔", "desc": "「天才俱乐部」#83号会员，空间站的真正主人。\n智慧过人却毫无同理心的大科学家。"}, "10025": {"id": "10025", "title": "布洛妮娅•兰德", "desc": "贝洛伯格「大守护者」的继承人。\n兼有公主的高傲和军人的坚贞。"}, "10026": {"id": "10026", "title": "希儿", "desc": "地底反抗组织「地火」的骨干，别号「蝴蝶」。\n性格率真直爽，内心隐藏着细腻敏锐的一面。"}, "10027": {"id": "10027", "title": "杰帕德•朗道", "desc": "银鬃铁卫的戍卫官，贝洛伯格数一数二的战士。\n表里如一，一丝不苟，从不懈怠。"}, "10028": {"id": "10028", "title": "希露瓦•朗道", "desc": "贝洛伯格的机械师，曾任筑城者技术部研究员。\n身为杰帕德•朗道的姐姐，性格却与弟弟截然不同。\n钟爱大寒潮前一种名为「摇滚」的古老音乐艺术。"}, "10029": {"id": "10029", "title": "可可利亚•兰德", "desc": "贝洛伯格的现任大守护者。\n寡欲无情，以她所坚信的方式守望着这个冰雪世界。"}, "10030": {"id": "10030", "title": "桑博•科斯基", "desc": "地表和地底之间来去自如的行商。\n自来熟，热情幽默，习惯插科打诨。"}, "10031": {"id": "10031", "title": "佩拉格娅•谢尔盖耶夫娜", "desc": "银鬃铁卫的情报官。\n性格认真，深受铁卫成员们敬畏。"}, "10032": {"id": "10032", "title": "娜塔莎", "desc": "贝洛伯格下层区的医生，也是孩子们的照料者。\n性格温柔可亲、又藏着危险的一面。"}, "10033": {"id": "10033", "title": "虎克", "desc": "地底冒险团队「鼹鼠党」的老大（自封）。\n热爱自由，将生活视为一场又一场冒险。"}, "10034": {"id": "10034", "title": "史瓦罗", "desc": "旧世界遗留的智能机器人。\n始终以自己的方式满足着克拉拉的心愿。"}, "10035": {"id": "10035", "title": "克拉拉", "desc": "与机械生活在一起的流浪少女。\n内向、温柔，有一颗纯粹的心。\n渴望下层区的大家都能成为彼此的「家人」。"}, "10036": {"id": "10036", "title": "纳努克", "desc": "执掌「毁灭」命途的星神，诞生自沦亡世界亚德丽芬。\n祂往往以黝黑皮肤，金黄双眼的人类男子形象现身。"}, "10037": {"id": "10037", "title": "岚", "desc": "被仙舟称为「帝弓司命」的游弋星神，执掌「巡猎」命途。\n祂无止尽地游荡在诸界之间，铲除「丰饶」星神造就的孽物。"}, "10038": {"id": "10038", "title": "希佩", "desc": "来自多个谐乐天体世界的星神，执掌「同谐」命途。\n千面一体，宣扬着人类和谐一致的喜乐。"}, "10039": {"id": "10039", "title": "Ⅸ", "desc": "执掌「虚无」命途的星神，其存在是一个谜。\nⅨ不与其他星神往来，祂相信多宇宙的最终将是虚无，因而毫无价值。"}, "10040": {"id": "10040", "title": "克里珀", "desc": "天彗星墙、亚空晶壁、巨引源基盘的砌造者，崇拜者称其「琥珀王」。\n执掌「存护」命途，最坚韧和古老的星神之一。"}, "10041": {"id": "10041", "title": "药师", "desc": "众生哺育者，乐土之神，旨在令生命兴盛不熄。\n药师执掌「丰饶」命途，「巡猎」的岚视祂为死敌。"}, "10042": {"id": "10042", "title": "阿基维利", "desc": "执掌「开拓」命途的星神，从孤绝世界裴伽纳出发，不断开拓未知的边界。\n祂的命运因意外而终结。"}, "10043": {"id": "10043", "title": "博识尊", "desc": "执掌「智识」命途的星神。\n原为用于求解万物的星体计算机，由机器升格而成。"}, "10044": {"id": "10044", "title": "阿哈", "desc": "「欢愉」的星神。无人能预测祂会因何开怀大笑。\n欢乐乃是智慧生灵的特权，阿哈鼓舞信徒享受生命的欢愉，自命运刀锋般的转折中寻求快乐。"}, "10045": {"id": "10045", "title": "星穹列车", "desc": "「开拓」的星神阿基维利曾搭乘的列车。\n行于星空的轨道上，驶过诸多世界。"}, "10046": {"id": "10046", "title": "虫群", "desc": "「虫皇」塔伊兹育罗斯的复制体军团。\n以「繁育」为唯一目的，如蝗虫般侵袭宇宙中各星球。"}, "10047": {"id": "10047", "title": "反物质军团", "desc": "星神纳努克麾下的军团，汇聚了宇宙间穷凶极恶的造物。\n立誓毁灭一切文明与生命。"}, "10048": {"id": "10048", "title": "筑城者", "desc": "崇拜「存护」的星神克里珀的人们。\n效仿衪的行为，修筑着环护各自星球的城墙。\n相信星神的行为预示着终结银河的灾祸。"}, "10049": {"id": "10049", "title": "家族", "desc": "获得希佩赐福的世界及其选民们。\n不倦地歌颂祂的慷慨，相信宇宙终将成为「同谐」的整体。"}, "10050": {"id": "10050", "title": "天才俱乐部", "desc": "获得星神博识尊青睐的人们。\n汇聚了宇宙间最为卓越的天才和大脑。\n境遇各有不同，甚至有人在水果店打工谋生。"}, "10051": {"id": "10051", "title": "无名客", "desc": "与「开拓」的星神共同探索宇宙的人们。\n一群勇敢而好奇的星际探险者。\n无名客不图名利，阿基维利陨落后，有些无名客仍在坚持开拓之路。"}, "10052": {"id": "10052", "title": "仙舟联盟", "desc": "由诸多智慧种族组成的古老同盟。\n驱驭仙舟清除宇宙间的丰饶孽物。"}, "10053": {"id": "10053", "title": "星核猎手", "desc": "穿行诸界之间狩猎星核的组织。\n赐予其能力的星神是谁尚不明了。"}, "10054": {"id": "10054", "title": "丰饶之民", "desc": "获得「丰饶」赐福的选民们。\n享受不朽肉身带来的幸福，礼赞药师的仁爱慈和。"}, "10055": {"id": "10055", "title": "悲悼伶人", "desc": "坚决抗拒「欢愉」命途的人们。\n提倡以禁欲与苦修冲淡欢愉的诱惑。\n他们的能力来自「欢愉」星神阿哈的赐福。"}, "10056": {"id": "10056", "title": "假面愚者", "desc": "星神阿哈的狂热崇拜者们，追求极致的享乐。\n为了寻求欢乐无所不用其极。"}, "10057": {"id": "10057", "title": "流光忆庭", "desc": "宇宙间珍贵记忆的收集者们。\n自由旅行于诸界，寻找能够取悦星神的记忆。"}, "10058": {"id": "10058", "title": "揽镜人", "desc": "见证了诸界之美的流浪者们。\n为了复活「纯美」的星神，收集衪散落在宇宙间的遗物。"}, "10059": {"id": "10059", "title": "混沌医师", "desc": "于无意中触碰了「虚无」的思考者们。\n企图反抗虚无的命运，向衪证明万物存在的意义。"}, "10060": {"id": "10060", "title": "雅利洛-Ⅵ", "desc": "列车星图中记载的世界名称，寒冷严酷的「冰霜世界」。"}, "10061": {"id": "10061", "title": "贝洛伯格", "desc": "人类对抗寒潮最后的堡垒，由筑城者们建立的避难所城市。"}, "10062": {"id": "10062", "title": "大守护者", "desc": "贝洛伯格的最高领导者，筑城者意志的代言人。\n现任大守护者为可可利亚•兰德。"}, "10063": {"id": "10063", "title": "上层区", "desc": "贝洛伯格位于地表的城市部分，筑城者总部的所在地。\n是贝洛伯格的行政、商业、农业、军事中心。"}, "10064": {"id": "10064", "title": "下层区", "desc": "贝洛伯格位于地底的城市部分，矿民在此聚集成群。\n负责采掘稀有的能源矿石「地髓」，为地上下供给热能。"}, "10065": {"id": "10065", "title": "仙舟", "desc": "跨越星海的天舟世界，原是受古国派遣，前往天之外海寻求「仙迹」的舰队。"}, "10066": {"id": "10066", "title": "虚数之树", "desc": "遍入一切的存在本质，诞生众多世界的宇宙结构。"}, "10067": {"id": "10067", "title": "星神", "desc": "神秘的高等存在，宛如有灵之天体。\n各自司掌着不同的「命途」，能自由往来于星海之间。\n掌控着抹消现实，创造世界的巨大力量。"}, "10068": {"id": "10068", "title": "地髓", "desc": "雅利洛-Ⅵ行星上盛产的一种矿石，贝洛伯格主要的能量来源。"}, "10069": {"id": "10069", "title": "地火", "desc": "贝洛伯格下层区的民间团体。\n他们自发地组织起来，维护地下的秩序。"}, "10070": {"id": "10070", "title": "银鬃铁卫", "desc": "贝洛伯格的防御部队，受筑城者指挥与裂界怪物作战。"}, "10071": {"id": "10071", "title": "裂界", "desc": "随星核而出现的空间扭曲现象，不停蚕食着现实。"}, "10072": {"id": "10072", "title": "裂界造物", "desc": "裂界与采集到的生物数据同化后复制生成的怪物。\n保留了原始生物形态却又兼有变异。"}, "10073": {"id": "10073", "title": "求药使", "desc": "追求长生的远行者。\n在星辰海洋中寻找星神药师的所在。"}, "10074": {"id": "10074", "title": "星际和平公司", "desc": "为支援星神克里珀而组建的公司。\n现已成为银河最大的经济体。"}, "10075": {"id": "10075", "title": "葬仪知宾", "desc": "星神末王的崇拜者。\n等待着一生仅有一次的相遇。"}, "10076": {"id": "10076", "title": "厄兆先锋", "desc": "相信末王代表宇宙终末的人们。\n致力于从末王意义不明的话语中解读末日的预言。"}, "10077": {"id": "10077", "title": "纯美骑士团", "desc": "狂热地赞美星神伊德莉拉美貌的人们。\n其中身手不凡的战士组成了拱卫「纯美」的骑士团。\n因伊德莉拉的失踪而分崩离析。"}, "10078": {"id": "10078", "title": "第Ⅸ机关", "desc": "银河中的黑暗网络，\n它的存在仍未被证实。"}, "10079": {"id": "10079", "title": "巡海游侠", "desc": "自发组成的义侠团体，相信宇宙的善良与公义须以个人的行为伸张。\n与天才俱乐部#64「原始博士」结仇后，失去了音讯。"}, "10080": {"id": "10080", "title": "虚构史学家", "desc": "星神迷思的使徒，致力于编造、混淆、破坏、抹消银河中的历史。\n他们以「神秘」为唯一旨意，决心将宇宙笼罩在一片迷雾之中。"}, "10081": {"id": "10081", "title": "谜语人", "desc": "虚构史学家致力于历史的神秘化，而「谜语人」派系醉心于破坏语言的确定性。\n他们解构文本，创造喻象，变换语序，篡改含义，将原本精确的语言变得面目全非。"}, "10082": {"id": "10082", "title": "令使", "desc": "由星神处直接获得力量的命途行者，拥有远超凡人的实力。\n通常为星神意志的代行人。"}, "10083": {"id": "10083", "title": "命途行者", "desc": "行走于命途之上，从命途中获取力量的人们。"}, "10084": {"id": "10084", "title": "龙", "desc": "执掌「不朽」命途的古老星神，已陨。\n过去多以巨龙的形态现身，曾留下数目众多的子嗣，即「龙裔」。"}, "10085": {"id": "10085", "title": "迷思", "desc": "执掌「神秘」命途的星神，形态不明。\n祂认为物自体不可洞察，有限之物不能想像无限，故万物成谜。"}, "10086": {"id": "10086", "title": "奥博洛斯", "desc": "执掌「贪饕」命途的古老星神，永无餍足的世界吞噬者。\n传说祂既是「星神」，也是远古生命体：「古兽」。"}, "10087": {"id": "10087", "title": "伊德莉拉", "desc": "物质世界的纯善映射在智慧生命心底而成「意义」——即谓之「美」的存在。\n伊德莉拉曾为执掌「纯美」命途的星神，现已消失无踪。"}, "10088": {"id": "10088", "title": "塔伊兹育罗斯", "desc": "执掌「繁育」命途的古老星神，已陨。\n塔伊兹育罗斯是鞘翅目的最后一员，形如自我复制的恐怖，引领无尽繁衍的荒潮。\n祂，或者说，祂们横行诸界，直到众神以某种方式阻止了祂的前进。"}, "10089": {"id": "10089", "title": "末王", "desc": "逆时而行的生物，执掌「终末」命途的星神。\n穿行于宙域之间的幽灵，喃喃宣布着必将实现的预言。"}, "10090": {"id": "10090", "title": "浮黎", "desc": "思维即是存在，记忆即是存在的证据。\n执掌「记忆」命途的星神记录被遗忘的一切，为宇宙的重生做好准备。"}, "10091": {"id": "10091", "title": "普通攻击", "desc": "施放角色的「普通攻击」，可以攻击敌方目标并恢复「战技点」。"}, "10092": {"id": "10092", "title": "战技点", "desc": "「战技点」为全队共享，施放「战技」会消耗战技点，施放「普攻」能恢复战技点。\n合理的分配将是制胜的关键。"}, "10093": {"id": "10093", "title": "终结技", "desc": "「终结技」被激活后，角色能立即进行施放。施放「终结技」的行动不占用正常的回合数。\n当「终结技」被激活时，非自身回合下也能立即施放「终结技」。"}, "10094": {"id": "10094", "title": "属性", "desc": "每个角色拥有不同的「属性」。\n使用与敌方目标「弱点」相同属性的角色攻击可令我方在战斗中取得优势。"}, "10095": {"id": "10095", "title": "界域定锚", "desc": "「界域定锚」储存的能量能为开拓者们回复生命力，并快速在各个世界间穿梭。"}, "10096": {"id": "10096", "title": "秘技", "desc": "在探索中，角色可在非战斗状态下使用「秘技」。\n「秘技」分为防御、妨害、辅助、回复、突袭、强化等多种类型。\n善用「秘技」能够为迷宫探索提供巨大的帮助。"}, "10097": {"id": "10097", "title": "弱点击破•物理", "desc": "使用物理属性造成「弱点击破」时，会造成物理属性伤害，并施加「裂伤」状态。\n「裂伤」能造成物理属性持续伤害。"}, "10098": {"id": "10098", "title": "弱点击破•风", "desc": "使用风属性造成「弱点击破」时，会造成风属性伤害，并施加「风化」状态。\n「风化」能造成风属性持续伤害。"}, "10099": {"id": "10099", "title": "弱点击破•雷", "desc": "使用雷属性造成「弱点击破」时，会造成雷属性伤害，并施加「触电」状态。\n「触电」能造成雷属性持续伤害。"}, "10100": {"id": "10100", "title": "弱点击破•火", "desc": "使用火属性造成「弱点击破」时，会造成火属性伤害，并施加「灼烧」状态。\n「灼烧」能造成火属性持续伤害。"}, "10101": {"id": "10101", "title": "弱点击破•冰", "desc": "使用冰属性造成「弱点击破」时，会施加「冻结」状态。\n「冻结」会使敌人无法行动，造成冰属性持续伤害。"}, "10102": {"id": "10102", "title": "弱点击破•量子", "desc": "使用量子属性造成「弱点击破」时，会造成量子属性伤害，并施加「纠缠」状态。「纠缠」会使敌人行动延后，并在敌人下次行动时对其造成额外的量子属性伤害，当其受到攻击时，会使该额外伤害提高。"}, "10103": {"id": "10103", "title": "弱点击破•虚数", "desc": "使用虚数属性造成「弱点击破」时，会施加「禁锢」状态。\n「禁锢」会使敌人行动延后，同时使其速度降低。"}, "10104": {"id": "10104", "title": "素裳", "desc": "出生于仙舟「曜青」，前往「罗浮」云骑军接受历练的新兵。\n身佩母亲赠予的家传剑器，憧憬着自己即将书写的未来。"}, "10105": {"id": "10105", "title": "景元", "desc": "仙舟联盟帝弓七天将之一，负责节制罗浮云骑军的「神策将军」。\n师从前代「罗浮」剑首，但并不显名于武力。"}, "10106": {"id": "10106", "title": "罗刹", "desc": "随身携带着棺椁，自天之外海而来的化外行商。\n医术精湛。"}, "10107": {"id": "10107", "title": "彦卿", "desc": "将军景元的侍卫，不过总角之年的御剑天才。\n手中握剑，即立于不败之地。"}, "10108": {"id": "10108", "title": "停云", "desc": "仙舟「罗浮」天舶司的接渡使。\n随商团出使过众多世界，缔结贸易与盟谊。"}, "10109": {"id": "10109", "title": "驭空", "desc": "仙舟「罗浮」天舶司的首领，久历战阵的飞行士与射手。\n而今却陷于繁冗公务，难以抽身。"}, "10110": {"id": "10110", "title": "青雀", "desc": "仙舟「罗浮」太卜司的卜者，兼书库管理员。\n因工作一再偷闲摸鱼，即将贬无可贬成为「掌门人」。"}, "10111": {"id": "10111", "title": "白露", "desc": "仙舟「罗浮」持明族的尊长，有「衔药龙女」之称的医士。\n以独门医理和唯有龙脉方可施行的「医疗手段」救死扶伤。"}, "10112": {"id": "10112", "title": "雪衣", "desc": "仙舟「罗浮」上监察生死的机构「十王司」的判官。\n借偃偶身躯「还阳」，履行使命。"}, "10113": {"id": "10113", "title": "符玄", "desc": "仙舟「罗浮」太卜司之首。\n凭借第三眼与穷观阵为仙舟占算航路，预卜事务吉凶。"}, "10114": {"id": "10114", "title": "互", "desc": "执掌「均衡」命途的星神，形态不明。\n互与其手下的令使潜移默化地影响宇宙，试图促成理想状态下的平衡。"}, "10115": {"id": "10115", "title": "仲裁官", "desc": "仲裁官奉星神「互」的指示行动，追求宇宙的「零和」。\n他们在许多个世界中被误会为「神明」。"}, "10116": {"id": "10116", "title": "效果解除", "desc": "部分角色的技能可以解除我方目标陷入的「负面效果」，在必要时刻可发挥关键作用。"}, "10117": {"id": "10117", "title": "效果解除", "desc": "部分角色的技能可以解除敌方目标拥有的「增益效果」，在与特殊敌人交战时可发挥奇效。"}, "10118": {"id": "10118", "title": "布洛妮娅•兰德", "desc": "贝洛伯格现任「大守护者」。\n兼有公主的高傲和军人的坚贞。"}, "10119": {"id": "10119", "title": "可可利亚•兰德", "desc": "贝洛伯格的前任大守护者。\n寡欲无情，以她所坚信的方式守望着这个冰雪世界。"}, "10120": {"id": "10120", "title": "大守护者", "desc": "贝洛伯格的最高领导者，筑城者意志的代言人。\n现任大守护者为布洛妮娅•兰德。"}, "10121": {"id": "10121", "title": "卢卡", "desc": "贝洛伯格下层区的冠军拳手，「地火」的得力干将之一。\n搏击俱乐部的蝉联冠军，以自身的热情激励着下层区有梦想的孩子们。"}, "10122": {"id": "10122", "title": "玲可", "desc": "贝洛伯格的雪原探险家，朗道家的小妹妹。\n性格淡定，行动力极强。常常孤身前往雪原探险。"}, "10123": {"id": "10123", "title": "镜流", "desc": "曾经的罗浮剑首，云骑军不败盛名的缔造者。\n而今其名字已被抹去，成为行走于魔阴身边缘的仙舟叛徒。"}, "10124": {"id": "10124", "title": "丹恒•饮月", "desc": "丹恒身为持明族的本相，其上一世「饮月君」所遗存的力量。\n接受了额顶的峥嵘角冠，就要接受那罪人所立的一切功过。"}, "10125": {"id": "10125", "title": "龙师", "desc": "持明一族中位高权重的长老。\n既是辅佐龙尊传承的导师，也是为陷入「龙狂」的龙尊准备的杀手。"}, "10126": {"id": "10126", "title": "鳞渊境", "desc": "罗浮持明族的圣地，承载着波月古海与建木仙迹的洞天。\n行将蜕生的罗浮持明族人都会来到此地，归于海中。"}, "10127": {"id": "10127", "title": "药王秘传", "desc": "秘密崇奉「丰饶」药师的叛乱组织。\n以展现旧日仙迹为凭，召聚信众，试图倾覆罗浮仙舟。"}, "10128": {"id": "10128", "title": "龙尊", "desc": "仙舟联盟三大基石之一持明族的族长，掌有「不朽」龙祖的力量。\n以万代不移的化龙妙法传承铸身，容颜不改，驻世长存。"}, "10129": {"id": "10129", "title": "建木", "desc": "「丰饶」的药师赐予罗浮仙舟的奇迹造物。\n治愈死亡，给予人类无尽形寿，却也召来无穷后祸。"}, "10130": {"id": "10130", "title": "不要回头", "desc": "三月七，不要回头，继续向前走。"}, "10131": {"id": "10131", "title": "托帕", "desc": "星际和平公司「战略投资部」的高级干部，领导特殊债务纠察小组。\n年纪轻轻便已成为「石心十人」之一，基石为「催讨黄玉」。\n与搭档「账账」一同巡行银河，追究各类影响公司业务开展的债务纠纷。"}, "10132": {"id": "10132", "title": "账账", "desc": "能敏锐感知「财富」所在的次元扑满，托帕的家人兼商业伙伴。\n即便是安保、催债、精算等工作也不在话下。"}, "10133": {"id": "10133", "title": "桂乃芬", "desc": "客居仙舟「罗浮」的行为艺术家——或者说，街头艺人。\n在三餐温饱之余，追逐着自己在罗浮的全新人生。"}, "10134": {"id": "10134", "title": "《以太战线》", "desc": "基于「以太复印」技术，以「以太硬币」为载体的集换式卡牌对战游戏。\n玩家可以通过「以太硬币」存储生物实体数据，并将其实体化为「以太灵」与其他玩家对战。"}, "10135": {"id": "10135", "title": "以太灵", "desc": "游戏《以太战线》中通过复印生物实体现实数据诞生的产物。\n没有自我意识，只能根据程序听从玩家指令行事，且外观与现实中几乎没有区别。"}, "10136": {"id": "10136", "title": "云上五骁", "desc": "仙舟联盟历史中短暂相聚的五位传奇英杰。\n曾立下过赫赫战功，最终却因对殉身故友的眷念而分崩离析。"}, "10137": {"id": "10137", "title": "藿藿", "desc": "仙舟罗浮的十王司见习判官，被岁阳附身的狐人小女孩。\n性格怯懦，弱小可怜，害怕种种怪异之事却肩负起勾摄邪魔的职责。"}, "10138": {"id": "10138", "title": "银枝", "desc": "「纯美骑士团」的古典骑士，虔诚地仰慕着已失踪的「纯美」星神伊德莉拉。\n为人正直、光明磊落，于宇宙中漫游，宣扬伊德莉拉的美名。"}, "10139": {"id": "10139", "title": "十王司", "desc": "仙舟联盟负责监察长生种寿数与法度的机构。\n负责接引即将堕入魔阴身的仙舟人，收容犯下不赦十恶的长生种。"}, "10140": {"id": "10140", "title": "岁阳", "desc": "不具形体的天外星火之精。归属无形目的能量生命。\n岁阳渴望占夺一切有形智慧生命的躯壳，品尝其欲望和情绪的变化。\n在耗尽宿主的躯壳后，它们会寻找下一个受害者。"}, "10141": {"id": "10141", "title": "阮•梅", "desc": "「天才俱乐部」#81号会员，与黑塔、螺丝咕姆、斯蒂芬联合开发了「模拟宇宙」。\n生命领域的大师，性情寡淡，只对研究痴迷。"}, "10142": {"id": "10142", "title": "真理医生", "desc": "古怪、自我、略显阴郁又不失风度的「博识学会」学者。\n容貌俊美，却常以奇怪的石膏头雕遮蔽面容。"}, "10143": {"id": "10143", "title": "#27 鲁珀特", "desc": "「天才俱乐部」#27号会员，自号「帝皇」，推导出反有机方程。\n引发了席卷宇宙的「第一次帝皇战争」。"}, "10144": {"id": "10144", "title": "寰宇蝗灾", "desc": "塔伊兹育罗斯，于仇恨与孤独中飞升为「繁育」之星神。\n接着，一场浩瀚的「虫潮」席卷了宇宙。"}, "10145": {"id": "10145", "title": "米沙", "desc": "「白日梦」酒店的门童，对星穹列车所行的「开拓」之道十分向往。"}, "10146": {"id": "10146", "title": "「钟表匠」", "desc": "匹诺康尼的传奇大亨，被誉为「匹诺康尼之父」，梦境世界的奠基人。\n然而无人知晓其真身。"}, "10147": {"id": "10147", "title": "星期日", "desc": "博爱克己的橡木家系家主，美梦乐园天生的领导者。\n备受外界瞩目，知更鸟的兄长。"}, "10149": {"id": "10149", "title": "砂金", "desc": "星际和平公司「战略投资部」的高级干部，「石心十人」之一，基石为「诡弈砂金」。\n时常面带笑容，真心却难以揣测，恪守「风险越大回报越大」的人生信条。"}, "10150": {"id": "10150", "title": "流萤", "desc": "自称是鸢尾花家系的新人艺者。\n被猎犬家系成员当作偷渡犯，后为报答{NICKNAME}出手解围主动担任导游一职。"}, "10151": {"id": "10151", "title": "萨姆", "desc": "星核猎手的成员，身披坚甲的战士。\n他的机械铠甲能够释放炽焰，点燃战场，发动烈火般的攻势。"}, "10152": {"id": "10152", "title": "黄泉", "desc": "冷漠寡言的旅人，与巡海游侠联系紧密。似乎容易忘记重要的事。"}, "10153": {"id": "10153", "title": "花火", "desc": "假面愚者的成员，热情烂漫却阴晴不定。\n为了取乐游走在各大派系间，凭一己之力将世界搞得天翻地覆。"}, "10154": {"id": "10154", "title": "黑天鹅", "desc": "慵懒神秘的忆者，热衷于收藏各种有趣的记忆。\n认为命运并非不可捉摸，一切都将成为存在于永恒记忆中的「已知」。"}, "10155": {"id": "10155", "title": "加拉赫", "desc": "不修边幅的调饮师，也是猎犬家系的治安官。\n身为匹诺康尼本地人，阅历异常丰富，却很少主动向人提及。"}, "10156": {"id": "10156", "title": "钟表小子", "desc": "匹诺康尼知名系列动画剧集的主人公，乐观机智，充满活力，也有莽撞冒失的一面。\n不知为何在梦中的匹诺康尼屡次现身，似乎只有「有童心的人」才能看见他。"}, "10157": {"id": "10157", "title": "匹诺康尼（现实）", "desc": "阿斯德纳星系的巨构建筑，高耸的「白日梦酒店」是其醒目标识。\n曾经是公司的边陲监狱，如今在家族的建设下成为美梦乐园的大门暨星际交通枢纽。"}, "10158": {"id": "10158", "title": "匹诺康尼（梦境）", "desc": "川流不息、金碧辉煌的大都会，实为家族对星系联觉梦境精心维护的成果。\n在「白日梦酒店」入睡后，客人的意识与梦境相连，由此来到「梦中的匹诺康尼」。"}, "10159": {"id": "10159", "title": "「白日梦」酒店", "desc": "匹诺康尼的地标性建筑，迷幻奢华的顶级星际度假酒店。\n既为银河中的过客提供休憩之地，也是人们通向享乐主义天堂的唯一入口。"}, "10160": {"id": "10160", "title": "稚子的梦", "desc": "不知是从谁人的记忆中切下的薄薄一片。似乎与匹诺康尼某个难见天日的巨大秘密有关。"}, "10161": {"id": "10161", "title": "茨冈尼亚", "desc": "位于德涅斯-普鲁阡-多瑙三大星系交界地带的无主星区。\n星区中的天体长期处于多颗恒星星风及游离天体作用下，行星表面气候以极端恶劣著称。"}, "10162": {"id": "10162", "title": "埃维金人", "desc": "茨冈尼亚-Ⅳ的原住民之一，精通与悬崖绝壁为伴的生活之道。\n「埃维金」在茨冈尼亚语中意为「蜂蜜」，无故忌惮他们的人们曲解其本意，用以强调他们钻营取巧、口蜜腹剑的天性。"}, "10163": {"id": "10163", "title": "忆域", "desc": "由「忆质」凝聚形成的空间，无法对其中的内容进行直接观测，只有「记忆」的命途行者——或使用非正常手段才能在其中来去自如。\n过去，「神秘」曾在宇宙与忆域的边界凿出大量泄口。"}, "10164": {"id": "10164", "title": "忆质", "desc": "人类记忆与意识的载体、质料。若非忆者，直接接触未经处理的忆质将受到不同程度的影响。\n「忆域」和「忆泡」都是忆质的聚合体，仅有规模大小之分。"}, "10165": {"id": "10165", "title": "联觉梦境", "desc": "一种器质性精神障碍的特殊表现，多发生于与忆质泄口密切相关的星系。\n无数梦境交错重叠，人们得以在梦中的世界相会，甚至展开全新的生活。"}, "10166": {"id": "10166", "title": "谐乐大典", "desc": "匹诺康尼一纪一度的重要仪式。\n传闻当某个世界奏响天体谐乐时，希佩的化身便会降临，为信者与不信者一同降下无私的祝福。"}, "10167": {"id": "10167", "title": "梦主", "desc": "美梦的主人，家族在匹诺康尼分家的真正领导者。\n通常隐于幕后，美梦的管理工作多交由橡木家系代行。"}, "10168": {"id": "10168", "title": "钟表把戏", "desc": "钟表小子赋予开拓者的特殊能力。\n能够让流淌在梦境中的各种情绪回到人们心中。"}, "10169": {"id": "10169", "title": "「何物朝向死亡」", "desc": "神秘的忆域迷因，据称是人们对「死亡」与「谋杀」恐惧情绪的具现。\n来无影去无踪，行为逻辑无人能知，已在匹诺康尼的梦境中犯下多起恶性案件。"}, "10170": {"id": "10170", "title": "黄金的时刻", "desc": "匹诺康尼的十二梦境之一，对应时间为「午夜」。\n这里的时间永远停留在0点，第二天不会到来，这一夜的狂欢也永远不会结束。"}, "10171": {"id": "10171", "title": "美梦剧团", "desc": "经由家族驯化，用于服务宾客的物品、设施。它们受到梦中情绪影响，获得了自我意识。\n其中遭到负面情绪影响而形如怪物、四处破坏的被称作「惊梦剧团」。"}, "10172": {"id": "10172", "title": "梦泡", "desc": "遭到「神秘」力量影响的忆泡，未经雕琢的梦泡通常承载了强烈的情绪感受。\n在家族的调整下，人们可以安全地将其用于刻录个人梦境，因而成为匹诺康尼最有趣的特产。"}, "10173": {"id": "10173", "title": "忆域迷因", "desc": "蕴含特定认知的实体，由忆域中的潜意识碎片堆积而成。\n不具备智能，只会不断基于自身所承载的认知行事，渴望吞纳更多的记忆。"}, "10174": {"id": "10174", "title": "梦境护照", "desc": "入住匹诺康尼「白日梦酒店」的宾客人手一份的纪念品，内含多种功能。"}, "10175": {"id": "10175", "title": "知更鸟", "desc": "闻名银河的歌者，星空舞台天生的主角。\n以自己的歌声向全宇宙传唱「同谐」的美名。"}, "10176": {"id": "10176", "title": "米沙", "desc": "米哈伊尔童年美梦中懵懂无知的主角，从梦泡中脱逃。\n肩负着引导星穹列车寻得「钟表匠」遗产的使命，因此误以为自己是匹诺康尼的「门童」。"}, "10177": {"id": "10177", "title": "「钟表匠」", "desc": "匹诺康尼的传奇大亨拉格沃克•夏尔•米哈伊尔，过去的无名客。\n穷尽一生与家族中潜伏的恶徒对抗，临终前向全银河发出邀请，只为完成未竟的事业。"}, "10178": {"id": "10178", "title": "星期日", "desc": "博爱克己的橡木家系家主。\n为了完成童年时与妹妹的约定，最终走上了与妹妹截然不同的道路。"}, "10179": {"id": "10179", "title": "加拉赫", "desc": "「钟表匠」忠心的猎犬，某位虚构史学家以匹诺康尼的种种事实为基底杜撰的人物。\n继承了「钟表匠」的遗志，与家族周旋至生命的最后一刻。"}, "10180": {"id": "10180", "title": "稚子的梦", "desc": "米哈伊尔临终前的最后一梦，记录了与「钟表匠」、米沙和钟表小子有关的一切真相。"}, "10181": {"id": "10181", "title": "「何物朝向死亡」", "desc": "加拉赫借「神秘」的力量虚构的迷因生命「沉眠」，用以协助流梦礁的居民往返美梦。\n通常被误认为是人们对「死亡」与「谋杀」恐惧情绪的具现。"}, "10182": {"id": "10182", "title": "流梦礁", "desc": "匹诺康尼于深海中的倒影，家族宣扬的「噩梦」。\n然而此原初忆域一隅才是梦境本来的面貌。"}, "10183": {"id": "10183", "title": "苏乐达™盛会海选", "desc": "谐乐大典的预热闯关赛事。\n梦想一夜成名的人们在这里展开激烈角逐，目标是「盛会巨星」的头衔和谐乐大典的特等席。"}, "10184": {"id": "10184", "title": "热砂的时刻", "desc": "野风拂过的时刻，匹诺康尼的十二梦境之一。\n铁路、牧场、骏马和一望无际的原野曾在灾害中毁灭，\n重建后由苏乐达企业赞助成立了「盛会海选」的分会场。"}, "10185": {"id": "10185", "title": "匹诺康尼大剧院", "desc": "富丽堂皇、穷极奢华的大剧院。\n家族以旧时监牢为原型设计而成的巨构，为如今的「谐乐大典」提供舞台。"}, "10186": {"id": "10186", "title": "晖长石号", "desc": "由家族打造的豪华飞空游艇，巡回于忆质之海，因某种原因一度停航。"}, "10200": {"id": "10200", "title": "星天演武仪典", "desc": "仙舟联盟的传统节庆，为纪念帝弓与云骑解救危亡而设立的比武盛会。\n以武会友，广邀不同世界的武者登台竞技。"}, "10201": {"id": "10201", "title": "飞霄", "desc": "节制仙舟「曜青」的帝弓天将，人称「天击将军」。\n决事如雷，进退自在，以其昭彰武德履立显赫战功。"}, "10202": {"id": "10202", "title": "椒丘", "desc": "飞霄帐下的幕僚，负责照料她的饮食与健康。\n在他看来，炼药的鼎镬与炉上的火锅是为一物，锅中的食材与药材也并无区别…"}, "10203": {"id": "10203", "title": "云璃", "desc": "造访罗浮仙舟的朱明剑士，备受怀炎将军宠爱的徒孙女。\n对德不配位的习武之人不假辞色，爱将手下败将的兵刃收归己有。"}, "10204": {"id": "10204", "title": "怀炎", "desc": "节制仙舟「朱明」的帝弓天将，人称「烛渊将军」。\n一副枯朽老者的尊容，于驻颜长春的仙舟人中堪称异数。"}, "10205": {"id": "10205", "title": "貊泽", "desc": "飞霄帐下的幕僚，负责情报与护卫工作。\n作为隐于暗处的锋刃，鲜少存在感的他只在需要露面的时候露面。"}, "10206": {"id": "10206", "title": "呼雷", "desc": "仙舟人的劲敌，步离人的巢父。\n于七百年前战败，羁押于罗浮仙舟幽囚狱，被判永世受苦。"}, "10210": {"id": "10210", "title": "爻光", "desc": "节制仙舟「玉阙」的帝弓天将，人称「戎韬将军」。\n联盟中罕有人睹其真容的文职将军，时刻隐于幕后，为元帅占算大略。"}, "10211": {"id": "10211", "title": "十方光映法界", "desc": "玉阙仙舟所营建的卜算阵法。\n传闻其原理与「大衍穷观阵」相类，演算经籍与灵感均得自「遍智天君」博识尊。"}, "10212": {"id": "10212", "title": "竞锋舰", "desc": "仙舟「罗浮」星天演武仪典的会场，由退役的大型斗舰改良而成。\n礼炮震天之时，来自不同世界的受邀战士将云聚于此一较高下。"}, "10213": {"id": "10213", "title": "幽囚狱", "desc": "仙舟联盟用于拘禁镇伏罪犯的监狱系统。\n仙舟「罗浮」上的幽囚狱由仙舟人与持明共建，深埋于洞天深处、重渊之下。"}, "10214": {"id": "10214", "title": "步离人", "desc": "星界之狂猎，仙舟的死敌，丰饶之民中最为强盛的一支。\n步离人形如站立的巨狼，性情残暴猛悍，以强为尊。他们掠袭群星，耗竭其资源，摧毁众多文明。"}, "10215": {"id": "10215", "title": "方壶之战", "desc": "第三次丰饶民战争的转折点。妖星照耀下，步离人为首的丰饶孽物联军几近攻陷仙舟「方壶」。\n仰赖无数仙舟将士陷锋蹈死，才令「瞰云镜」顺利送出讯息，召来帝弓示现，扭转战况。"}, "10216": {"id": "10216", "title": "「赤月」", "desc": "决出步离战首的仪式上，角斗者们彼此吞噬、代代传承的寿瘟祸迹，一轮如腥红满月般的「心脏」。\n「吞噬猎物而自壮」，这是步离人不死秘术的极致，长盛不衰的根本原因。"}, "10217": {"id": "10217", "title": "「飞黄」", "desc": "帝弓司命所赐之威灵，「天击将军」飞霄体内伏藏的神速之兽。\n尘俗之眼无由得见，唯独死前万物凝滞的片刻，人们才能目击它的降临。\n对飞霄来说，它是引导其行动的锋镝，逐噬她性命的死亡，也是她一生追逐不休的猎物。"}, "10220": {"id": "10220", "title": "乱破", "desc": "如丑时三刻的闪光弹一般现身在匹诺康尼，以忍者自居，将世间一切归因于「忍法」的奇妙少女。\n于末法世间的梦土行侠仗义，一心狩猎名为「御猿•邪忍」的恶党。"}, "10221": {"id": "10221", "title": "乱破", "desc": "以「缭乱忍侠」之名自居的巡海游侠，因返祖实验而身染模因病毒，所见所闻皆为「忍者」的世界。\n为清算过往的血泪，贯彻缭乱之忍道，一心狩猎名为「御猿•邪忍」，又名「原始博士」的恶党。"}, "10222": {"id": "10222", "title": "原始博士", "desc": "「天才俱乐部」#64号会员，犯下诸多反人类罪行的科学家，身份不详。\n以「返祖实验」的暴行祸乱寰宇，并因此与巡海游侠结怨，至今行踪不明。"}, "10223": {"id": "10223", "title": "源究森林", "desc": "敬仰「原始博士」的学者组成的狂热科研团体，这群偏执的人与猿追随着偶像的步伐，力图将「返祖实验」撒遍银河。"}, "10224": {"id": "10224", "title": "匹诺康尼折纸大学学院", "desc": "匹诺康尼的著名高校，位于「太阳的时刻」。杰出人才的摇篮，持续向梦境内外输送着知识的光与热。"}, "10225": {"id": "10225", "title": "星期日", "desc": "原橡木家系家主，知更鸟的兄长。\n谐乐大典的动乱平复之后，告别「秩序」与故土，他登上星穹列车，寻找着新的道路。"}, "10226": {"id": "10226", "title": "停云", "desc": "仙舟「罗浮」天舶司的接渡使。\n曾在遭遇绝灭大君后身心俱毁，此后为一位天才所救，因祸得福，得以再入局中。"}, "10227": {"id": "10227", "title": "「闭嘴」", "desc": "星穹列车上的调饮机器人，自认风趣幽默。\n诞生于数个琥珀纪前，后逐渐被遗忘。\n列车再次启程后，被虚空万藏修复。"}, "10228": {"id": "10228", "title": "阿格莱雅", "desc": "奥赫玛的黄金裔，「浪漫」的半神，亦是逐火之旅的领导者。\n她身为织者，亲自穿针引线，召集世间英雄再度踏上漫长的征途。"}, "10229": {"id": "10229", "title": "缇宝，缇安，缇宁", "desc": "雅努萨波利斯的黄金裔，「门径」的半神，奥赫玛的小小信使与祭司。\n三人以预言带领黄金裔向前，各自又肩负着不同的职责。"}, "10230": {"id": "10230", "title": "万敌", "desc": "悬锋城的王储，歌耳戈之子，如狮子般锐利的战士。\n看似高傲不羁，实则重视情义，体恤子民。"}, "10231": {"id": "10231", "title": "遐蝶", "desc": "哀地里亚的督战圣女，奥赫玛的「入殓师」。\n身负名为「死亡之触」的诅咒，指尖触碰到的生命都会凋亡归无。"}, "10232": {"id": "10232", "title": "白厄", "desc": "哀丽秘榭的黄金裔，奥赫玛的战士。\n温和开朗的青年，心思细腻，力求诸事甄于完美。"}, "10233": {"id": "10233", "title": "迷迷", "desc": "长着粉色绒毛的神秘生物，似乎与翁法罗斯有着千丝万缕的联系。"}, "10234": {"id": "10234", "title": "晨昏之眼，艾格勒", "desc": "天空之泰坦。\n艾格勒注视大地的眼睛睁开时，世界迎来光明；艾格勒的眼皮垂下时，世界陷入黑暗。"}, "10235": {"id": "10235", "title": "磐岩之脊，吉奥里亚", "desc": "大地之泰坦。\n所有山脉都曾是吉奥里亚的神体化身，它是体积最大，也最温和、善良的泰坦，人世的守护神。"}, "10236": {"id": "10236", "title": "满溢之杯，法吉娜", "desc": "海洋之泰坦。\n法吉娜喜欢在人世中漂流，出现在海上的波涛、河上的湍流、宴上的酒杯中，带来歌舞与欢笑。"}, "10237": {"id": "10237", "title": "黄金之茧，墨涅塔", "desc": "浪漫之泰坦。\n它与它的眷属们追逐着世间的美好，编入金丝，织作世间的浪漫，令翁法罗斯的众生拥有情爱。"}, "10238": {"id": "10238", "title": "全世之座，刻法勒", "desc": "负世之泰坦。\n刻法勒被众神赋予了背负生命的责任。它舍弃了统御全世的王座，只为给人世间留下一丝光明。"}, "10239": {"id": "10239", "title": "裂分之枝，瑟希斯", "desc": "理性之泰坦。\n瑟希斯以一棵巨圣树的形象降临世间，它允许人类在它的身旁漫步、醒神和思辨，获取知识。"}, "10240": {"id": "10240", "title": "翻飞之币，扎格列斯", "desc": "诡计之泰坦。\n扎格列斯无心履行神职，它热爱在众神的道路上制造分歧，戏耍众神，创造出种种混乱失序。"}, "10241": {"id": "10241", "title": "天谴之矛，尼卡多利", "desc": "纷争之泰坦。\n它向众神宣战，令世间陷入无休止的纷争。在诗人的歌谣中，它的天谴锋刃一击便可铲平天地。"}, "10242": {"id": "10242", "title": "灰黯之手，塞纳托斯", "desc": "死亡之泰坦。\n当众多灵魂无处安息时，冥河潮汐便会涌上大地，塞纳托斯会掌船前来，接引它们去往来世。"}, "10243": {"id": "10243", "title": "永夜之帷，欧洛尼斯", "desc": "岁月之泰坦。\n欧洛尼斯梳理岁月的脉络，支撑着世间的过去、现在与未来，让万事万物得以流转。"}, "10244": {"id": "10244", "title": "公正之秤，塔兰顿", "desc": "律法之泰坦。\n塔兰顿绝不容许偏袒和不公，它捍卫翁法罗斯的禁忌与边界，为万物指定逻辑与法。"}, "10245": {"id": "10245", "title": "万径之门，雅努斯", "desc": "门径之泰坦。\n雅努斯知晓一切通路的存在与终点。它所掌管不仅是人们穿行的门径，也是连接命运的旅程。"}, "10246": {"id": "10246", "title": "泰坦", "desc": "翁法罗斯的泰坦是维系天地的力量，是从古至今的命运，是世间万物的规则。\n凡人们生活在它们的喜怒哀乐中，学识、战争、情爱以及生死都与它们的神权息息相关。"}, "10247": {"id": "10247", "title": "黄金裔", "desc": "相传，刻法勒的神性光芒黯淡，它献出自身的火种，并留下「创世神谕」。\n在那之后，拥有伟力的英雄开始在大地上行走，他们流淌着金色的神血，被称为「黄金裔」。"}, "10248": {"id": "10248", "title": "半神", "desc": "缇里西庇俄丝接过雅努斯的火种，成为第一位半神。\n此后诸多黄金裔英雄通过试炼，接过泰坦神权，成为半神，维系着世间秩序。"}, "10249": {"id": "10249", "title": "奥赫玛", "desc": "凡人在刻法勒脚下建立起聚落，由此诞生了「奥赫玛」的前身。\n如今，它既是末世的庇护所，也是「再创世」旅途的起点。"}, "10250": {"id": "10250", "title": "悬锋城", "desc": "巨大的移动要塞，信仰尼卡多利的战士之城。\n悬锋人以战斗至死为荣，以严酷纪律闻名于翁法罗斯。"}, "10251": {"id": "10251", "title": "命运重渊", "desc": "雅努萨波利斯，超脱于城邦地缘政治外的宗教圣地。\n如今只剩几座神殿依旧屹立，人们称之为「命运重渊」或「命运三相殿」。"}, "10252": {"id": "10252", "title": "黑潮", "desc": "溶解了灵魂的水体，吞没翁法罗斯的黑暗。\n黑潮及黑潮造物是翁法罗斯濒临毁灭的直接原因。"}, "20000": {"id": "20000", "title": "正在回到开拓者视角…", "desc": "当你有机会做出选择的时候，不要让自己后悔。"}, "20002": {"id": "20002", "title": "正在切换至【砂金】视角…", "desc": "砂金对于眼下的形势已有头绪。他决定应邀与橡木家主会面，取回自己的失物和与之相称的力量……"}, "20003": {"id": "20003", "title": "正在切换至【砂金】视角…", "desc": "砂金看起来已经满盘皆输，但他仍决定在大街上分发礼金宝石，物尽其用。他的目的究竟是……"}, "20004": {"id": "20004", "title": "正在切换至【黄泉】视角…", "desc": "黄泉与瓦尔特达成共识，将矛头直指家族。他们会在朝露公馆发现什么？"}, "20005": {"id": "20005", "title": "正在切换至【砂金】视角…", "desc": "砂金似乎确信自己掌握了关键线索，必胜无疑——但他果真能撑到登上克劳克影视乐园舞台的最后一刻么？"}, "20006": {"id": "20006", "title": "正在切换至【托帕】视角…", "desc": "与此同时，托帕登上了匹诺康尼的某艘豪华空艇，等待着一场重要会面的开始……"}, "20007": {"id": "20007", "title": "正在切换至【翡翠】视角…", "desc": "与奥帝•艾弗法的会谈开场谈不上顺利，翡翠与托帕此时在晖长石号上商议下半场的策略……"}, "20008": {"id": "20008", "title": "正在切换至【流萤】视角…", "desc": "此时，一位身姿轻盈的「偷渡客」也登上了晖长石号……"}, "20011": {"id": "20011", "title": "正在切换至【三月七】视角…", "desc": "在怀炎将军有意无意的推波助澜下，三月七意外得到了学习仙舟剑艺，献技演武仪典的机会……"}, "20012": {"id": "20012", "title": "正在切换至【椒丘】视角…", "desc": "受曜青将军所遣，椒丘与貊泽踏入幽囚狱探视关押在此的步离人战首呼雷……"}, "20013": {"id": "20013", "title": "正在拜托真理医生帮忙…", "desc": "拉帝奥教授二话不说，头也不回地离开了沙盘。他人真好！"}, "20014": {"id": "20014", "title": "翡翠", "desc": "星际和平公司「战略投资部」的高级干部，「石心十人」之一，基石为「典贷翡翠」。"}, "20015": {"id": "20015", "title": "朝露公馆", "desc": "各大家系家主约定商议匹诺康尼发展大计的地点，名义上属于星期日。\n普通宾客无法知晓公馆的存在，更遑论找到前往此处的方法。"}, "20016": {"id": "20016", "title": "朝露的时刻", "desc": "最为寂静的时刻，匹诺康尼的十二梦境之一。\n家族的官邸与办公地点「朝露公馆」坐落于此。"}, "20017": {"id": "20017", "title": "克劳克影视乐园", "desc": "家族围绕匹诺康尼一系列著名卡通形象打造的影视主题游乐园。\n名义上属于「克劳克影业」，为传奇大亨「钟表匠」所有。"}, "20018": {"id": "20018", "title": "自灭者", "desc": "不慎踏入「虚无」IX的阴影，并因此失去存在意义的人。\n颓唐的自灭者孤行宇宙，他们的结局大多是无意义的消亡。"}, "20019": {"id": "20019", "title": "基石", "desc": "封藏「存护」令使权能的圣石，由「石心十人」各自持有一枚。"}, "20022": {"id": "20022", "title": "黄泉", "desc": "淡漠寡言的旅人，从「虚无」IX的阴影中归来的「自灭者」。\n为了对抗命运，她不断挥舞手中的刀，试图将命途斩断。"}, "20023": {"id": "20023", "title": "加拉赫", "desc": "匹诺康尼本地不修边幅的调饮师，也是猎犬家系的治安官。\n疑似「神秘」的命途行者，与忆域迷因「何物朝向死亡」密切相关。"}, "20024": {"id": "20024", "title": "「钟表匠」", "desc": "匹诺康尼的传奇大亨，被誉为「匹诺康尼之父」。\n真名为米哈伊尔，如今被匹诺康尼的家族视作叛徒。"}, "20025": {"id": "20025", "title": "流萤", "desc": "自称是鸢尾花家系的新人艺者，实为「星核猎手」的成员。\n为了让「星穹列车一同追逐『盛大的遗产』」不惜以身涉险，最终「死而复生」。"}, "20026": {"id": "20026", "title": "正在切换至【知更鸟】视角…？", "desc": "匹诺康尼因影视乐园骚动一时陷入混乱，知更鸟（？）决定趁机派发她的小礼物……"}, "20027": {"id": "20027", "title": "正在切换至【波提欧】视角…", "desc": "波提欧和丹恒达成了共识。现在，他们要想办法潜入美梦，拯救同伴……"}, "20028": {"id": "20028", "title": "正在切换至【知更鸟】视角…", "desc": "知更鸟与星期日决心说服昔日恩人「梦主」歌斐木先生——希望一切顺利……"}, "20051": {"id": "20051", "title": "正在切换至【灵砂】视角", "desc": "幽囚狱中，灵砂、丹恒与景元正试图从步离人的袭击中辨读蛛丝马迹…"}, "20052": {"id": "20052", "title": "正在切换至【椒丘】视角", "desc": "沦入步离人之手，椒丘正试图寻求一线生机…但并非是他的一线生机。"}, "20053": {"id": "20053", "title": "正在切换至【三月七】视角", "desc": "受怀炎之命，三月七与云璃登上竞锋舰，如期参与演武仪典…"}, "20054": {"id": "20054", "title": "正在切换至【飞霄】视角", "desc": "「围三阙一」，天击将军展开了对群狼的逐猎…"}, "20055": {"id": "20055", "title": "正在切换至【云璃】视角", "desc": "竞锋舰上，山雨欲来的气氛令云璃焦躁不安…"}, "20056": {"id": "20056", "title": "正在切换至【三月七】视角", "desc": "三月七察觉到了危机来临的征兆，试剑之刻终于到来…"}, "20057": {"id": "20057", "title": "正在切换至【灵砂】视角", "desc": "鳞渊境中，丹恒与灵砂与持明龙师相约一会…"}, "20058": {"id": "20058", "title": "正在切换至【波提欧】的片场……", "desc": "众人有所不知，无法取得联络的宇宙牛仔，此刻正在梦境的阴影中蛰伏……"}, "20059": {"id": "20059", "title": "正在切换至【星期日】的视角……", "desc": "然而在这美梦之中，去而复返的不仅有客人，也有「主人」……"}, "20060": {"id": "20060", "title": "正在切换至【星期日】的视角……", "desc": "苦行者仍在回望着自己昔日的心灵，而当中最具份量的存在，也终将等来离别……"}, "20061": {"id": "20061", "title": "正在切换至【阿格莱雅】视角……", "desc": "得知奥赫玛可能遭到「渗透」，阿格莱雅亲自出手，将暗藏城内各处的污秽一一揪出……"}, "20062": {"id": "20062", "title": "正在切换至【黑塔】视角……", "desc": "黑塔正在空间站筹措谒见星神「博识尊」，不过过程似乎并不那么顺利？"}}