{"Physical": {"id": "Physical", "name": "物理", "desc": "使用物理属性造成弱点击破时，会造成物理属性伤害，并施加裂伤状态。裂伤能造成物理属性持续伤害。", "color": "#FFFFFF", "icon": "icon/element/Physical.png"}, "Fire": {"id": "Fire", "name": "火", "desc": "使用火属性造成弱点击破时，会造成火属性伤害，并施加灼烧状态。灼烧能造成火属性持续伤害。", "color": "#F84F36", "icon": "icon/element/Fire.png"}, "Ice": {"id": "Ice", "name": "冰", "desc": "使用冰属性造成弱点击破时，会造成冰属性伤害，并施加冻结状态。冻结会使敌人无法行动，造成冰属性附加伤害。", "color": "#47C7FD", "icon": "icon/element/Ice.png"}, "Thunder": {"id": "Thunder", "name": "雷", "desc": "使用雷属性造成弱点击破时，会造成雷属性伤害，并施加触电状态。触电能造成雷属性持续伤害。", "color": "#8872F1", "icon": "icon/element/Lightning.png"}, "Wind": {"id": "Wind", "name": "风", "desc": "使用风属性造成弱点击破时，会造成风属性伤害，并施加风化状态。风化能造成风属性持续伤害。", "color": "#00FF9C", "icon": "icon/element/Wind.png"}, "Quantum": {"id": "Quantum", "name": "量子", "desc": "使用量子属性造成弱点击破时，会造成量子属性伤害，并施加纠缠状态。纠缠会使敌人行动延后，并在下个回合开始时对其造成额外的量子属性附加伤害，当其受到攻击时，会使该额外伤害提高。", "color": "#1C29BA", "icon": "icon/element/Quantum.png"}, "Imaginary": {"id": "Imaginary", "name": "虚数", "desc": "使用虚数属性造成弱点击破时，会造成虚数属性伤害，并施加禁锢状态。禁锢会使敌人行动延后，同时使其速度降低。", "color": "#F4D258", "icon": "icon/element/Imaginary.png"}, "Lightning": {"id": "Thunder", "name": "雷", "desc": "使用雷属性造成弱点击破时，会造成雷属性伤害，并施加触电状态。触电能造成雷属性持续伤害。", "color": "#8872F1", "icon": "icon/element/Lightning.png"}}