{"characters": {"1001": ["三月七", "三月", "小三月", "阿七", "冷面小粉龙", "赵相机", "看板娘", "纠缠之缘", "小仓唯", "xcw"], "1002": ["丹恒", "冷面小青龙", "闷葫芦"], "1003": ["姬子", "寄子", "姬子阿姐"], "1004": ["瓦尔特", "瓦尔特杨", "杨叔"], "1005": ["卡芙卡", "卡妈", "妈妈"], "1006": ["银狼", "小板鸭", "酷鸭", "超级骇客"], "1008": ["阿兰"], "1009": ["艾丝妲", "富婆", "代理站长", "知名不具"], "1013": ["黑塔", "天才俱乐部#83", "黑塔女士"], "1101": ["布洛妮娅", "布洛妮娅兰德", "兰德鸭", "大板鸭", "三涡轮增鸭"], "1102": ["希儿", "蝴蝶", "希尔"], "1103": ["希露瓦", "希露瓦朗道", "朗道家长女", "贝洛伯格机械师"], "1104": ["杰帕德", "杰帕德朗道", "杰哥", "小杰杰"], "1105": ["娜塔莎", "娜塔", "娜塔莎姐姐", "老巫婆"], "1106": ["佩拉", "佩拉格娅谢尔盖耶夫娜", "佩拉格娅", "谢尔盖耶夫娜"], "1107": ["克拉拉", "猩红兔子", "天才侦探少女", "史瓦罗", "史瓦罗发射器"], "1108": ["桑博", "桑博科斯基", "深蓝帅哥", "布鲁海尔波桑"], "1109": ["虎克", "漆黑的虎克大人"], "1110": ["玲可", "玲宝"], "1111": ["卢卡", "铁臂卢卡", "熔锤镇的卢卡"], "1112": ["托帕&账账", "托帕账账", "托帕", "账账"], "1201": ["青雀", "QQ", "用牌玩命", "青总"], "1202": ["停云", "屑狐狸", "骚狐狸"], "1203": ["罗刹", "主教"], "1204": ["景元", "云骑将军", "闭目将军", "景元元", "实名上网"], "1205": ["刃", "应星", "阿刃", "点刀哥", "笑面小黑龙"], "1206": ["素裳", "李素裳", "李大枕头", "热心市民李女士", "裳裳"], "1207": ["驭空", "星火之狐", "司舵", "风雨彩虹7854"], "1208": ["符玄", "符卿", "符太卜", "太卜大人", "无情的卜算机器", "小玄子", "Type-C"], "1209": ["彦卿", "马彦卿", "无敌剑士123"], "1210": ["桂乃芬", "格妮薇儿", "桂师傅", "小桂子", "小桂子Guinevere", "知名抽象艺术家", "仙舟刀哥"], "1211": ["白露", "衔药龙女", "小神医", "龙尊", "持明上网"], "1212": ["镜流", "无罅飞光", "静流"], "1213": ["丹恒•饮月", "饮月君", "饮月"], "1214": ["雪衣", "判官大人", "下雪大衣", "人偶判官"], "1215": ["寒鸦", "寒冷乌鸦", "话唠判官", "女鬼"], "1217": ["藿藿", "霍霍", "小怂包", "尾巴小跟班", "抹茶小蛋糕", "尾巴"], "1218": ["椒丘"], "1220": ["飞霄"], "1221": ["云璃"], "1222": ["灵砂"], "1223": ["貊泽"], "1224": ["三月七"], "1225": ["忘归人"], "1301": ["加拉赫"], "1302": ["银枝"], "1303": ["阮•梅", "阮梅", "天才俱乐部#81", "模拟宇宙的神", "梅神", "软妹"], "1304": ["砂金"], "1305": ["真理医生", "拉帝奥教授", "石膏头男人", "义父"], "1306": ["花火"], "1307": ["黑天鹅", "丑小鸭"], "1308": ["黄泉"], "1309": ["知更鸟"], "1310": ["流萤"], "1312": ["米沙"], "1313": ["星期日"], "1314": ["翡翠"], "1315": ["波提欧"], "1317": ["乱破"], "1401": ["大黑塔"], "1402": ["阿格莱雅"], "8000": ["开拓者", "爷", "星爷", "恩公", "复读机", "垃圾佬", "灰牡丹", "脸接大招", "星核小鬼", "银河球棒侠", "热面小白马", "机巧鸟捕手", "合格的饲养员", "天才少女侦探的助手"], "8001": ["物理开拓者", "毁灭开拓者", "物主", "物理主", "毁灭主", "开拓者物理", "开拓者毁灭"], "8002": ["物理女开拓者", "毁灭女开拓者", "物女主", "物理女主", "毁灭女主"], "8003": ["火开拓者", "存护开拓者", "火主", "存护主", "开拓者火", "开拓者存护"], "8004": ["火女开拓者", "存护女开拓者", "火女主", "存护女主"], "8005": ["虚数开拓者", "同谐开拓者", "虚数主", "同谐主", "开拓者虚数", "开拓者同谐"], "8006": ["虚数女开拓者", "同谐女开拓者", "虚数女主", "同谐女主"], "8007": ["{NICKNAME}"], "8008": ["{NICKNAME}"]}, "light_cones": {"20000": ["锋镝"], "20001": ["物穰"], "20002": ["天倾"], "20003": ["琥珀"], "20004": ["幽邃"], "20005": ["齐颂"], "20006": ["智库"], "20007": ["离弦"], "20008": ["嘉果"], "20009": ["乐圮"], "20010": ["戍御"], "20011": ["渊环"], "20012": ["轮契"], "20013": ["灵钥"], "20014": ["相抗"], "20015": ["蕃息"], "20016": ["俱殁"], "20017": ["开疆"], "20018": ["匿影"], "20019": ["调和"], "20020": ["睿见"], "20021": ["焚影"], "20022": ["溯忆"], "21000": ["一场术后对话", "术后对话"], "21001": ["晚安与睡颜", "晚安睡颜"], "21002": ["余生的第一天"], "21003": ["唯有沉默"], "21004": ["记忆中的模样"], "21005": ["鼹鼠党欢迎你", "鼹鼠党"], "21006": ["「我」的诞生", "我的诞生"], "21007": ["同一种心情"], "21008": ["猎物的视线"], "21009": ["朗道的选择"], "21010": ["论剑"], "21011": ["与行星相会"], "21012": ["秘密誓心"], "21013": ["别让世界静下来"], "21014": ["此时恰好"], "21015": ["决心如汗珠般闪耀"], "21016": ["宇宙市场趋势"], "21017": ["点个关注吧！", "点个关注吧", "点个关注"], "21018": ["舞！舞！舞！", "舞舞舞"], "21019": ["在蓝天下"], "21020": ["天才们的休憩"], "21021": ["等价交换"], "21022": ["延长记号"], "21023": ["我们是地火", "地火"], "21024": ["春水初生"], "21025": ["过往未来"], "21026": ["汪！散步时间！", "汪散步时间", "散步时间"], "21027": ["早餐的仪式感"], "21028": ["暖夜不会漫长", "暖夜"], "21029": ["后会有期"], "21030": ["这就是我啦！", "这就是我啦"], "21031": ["重返幽冥"], "21032": ["镂月裁云之意", "镂月裁云"], "21033": ["无处可逃"], "21034": ["今日亦是和平的一日", "和平的一日"], "21035": ["何物为真"], "21036": ["美梦小镇大冒险", "美梦小镇"], "21037": ["最后的赢家"], "21038": ["在火的远处"], "21039": ["织造命运之线"], "21040": ["银河沦陷日"], "21041": ["好戏开演"], "21042": ["铭记于心的约定"], "21043": ["两个人的演唱会"], "21044": ["无边曼舞"], "21045": ["谐乐静默之后"], "21046": ["芳华待灼"], "21047": ["黑夜如影随行"], "21048": ["梦的蒙太奇"], "21050": ["胜利只在朝夕间"], "21051": ["天才们的问候"], "21052": ["多流汗，少流泪"], "22000": ["新手任务开始前"], "22001": ["嘿，我在这儿", "嘿我在这儿", "我在这儿"], "22002": ["为了明日的旅途"], "22003": ["忍事录•音律狩猎"], "23000": ["银河铁道之夜", "姬子专锥"], "23001": ["于夜色中", "希儿专锥"], "23002": ["无可取代的东西", "克拉拉专锥"], "23003": ["但战斗还未结束", "布洛妮娅专锥"], "23004": ["以世界之名", "瓦尔特专锥"], "23005": ["制胜的瞬间", "杰帕德专锥"], "23006": ["只需等待", "卡芙卡专锥"], "23007": ["雨一直下", "银狼专锥"], "23008": ["棺的回响", "罗刹专锥"], "23009": ["到不了的彼岸", "刃专锥"], "23010": ["拂晓之前", "景元专锥"], "23011": ["她已闭上双眼", "符玄专锥"], "23012": ["如泥酣眠", "彦卿专锥"], "23013": ["时节不居", "白露专锥"], "23014": ["此身为剑", "镜流专锥"], "23015": ["比阳光更明亮的", "饮月专锥"], "23016": ["烦恼着，幸福着", "烦恼着幸福着", "托帕专锥"], "23017": ["惊魂夜", "藿藿专锥"], "23018": ["片刻，留在眼底", "片刻留在眼底", "银枝专锥"], "23019": ["镜中故我", "阮梅专锥"], "23020": ["纯粹思维的洗礼", "真理医生专锥"], "23021": ["游戏尘寰", "花火专锥"], "23022": ["重塑时光之忆", "黑天鹅专锥"], "23023": ["命运从未公平"], "23024": ["行于流逝的岸"], "23025": ["梦应归于何处"], "23026": ["夜色流光溢彩"], "23027": ["驶向第二次生命"], "23028": ["偏偏希望无价"], "23029": ["那无数个春天"], "23030": ["落日时起舞"], "23031": ["我将，巡征追猎"], "23032": ["唯有香如故"], "23033": ["忍法帖•缭乱破魔"], "23034": ["回到大地的飞行"], "23035": ["长路终有归途"], "23036": ["将光阴织成黄金"], "23037": ["向着不可追问处"], "24000": ["记一位星神的陨落", "星神陨落", "星神的陨落"], "24001": ["星海巡航"], "24002": ["记忆的质料"], "24003": ["孤独的疗愈"], "24004": ["不息的演算"]}, "relic_sets": {"101": ["云无留迹的过客", "治疗套", "过客"], "102": ["野穗伴行的快枪手", "普攻套", "快枪手"], "103": ["净庭教宗的圣骑士", "防御套", "圣骑士"], "104": ["密林卧雪的猎人", "冰套", "猎人"], "105": ["街头出身的拳王", "物理套", "拳王"], "106": ["戍卫风雪的铁卫", "减伤套", "铁卫"], "107": ["熔岩锻铸的火匠", "火套", "火匠"], "108": ["繁星璀璨的天才", "量子套", "天才"], "109": ["激奏雷电的乐队", "雷套", "乐队"], "110": ["晨昏交界的翔鹰", "风套", "翔鹰"], "111": ["流星追迹的怪盗", "击破回能套", "怪盗"], "112": ["盗匪荒漠的废土客", "虚数套", "废土客"], "113": ["宝命长存的莳者", "生命套", "莳者"], "114": ["骇域漫游的信使", "速度套", "信使"], "115": ["毁烬焚骨的大公", "追加套", "焚骨", "大公"], "116": ["幽锁深牢的系囚", "持续伤害套", "幽锁"], "117": ["死水深潜的先驱", "负面套", "死水", "先驱"], "118": ["机心戏梦的钟表匠", "击破套", "机心", "钟表匠"], "119": ["荡除蠹灾的铁骑"], "120": ["风举云飞的勇烈"], "121": ["重循苦旅的司铎"], "122": ["识海迷坠的学者"], "123": ["凯歌祝捷的英豪"], "124": ["哀歌覆国的诗人"], "301": ["太空封印站", "太空站"], "302": ["不老者的仙舟", "不老者仙舟", "不老仙舟", "仙舟"], "303": ["泛银河商业公司", "银河商业公司", "商业公司", "公司"], "304": ["筑城者的贝洛伯格", "贝洛伯格", "筑城者"], "305": ["星体差分机", "差分机"], "306": ["停转的萨尔索图", "萨尔索图", "停转"], "307": ["盗贼公国塔利亚", "盗贼公国", "塔利亚"], "308": ["生命的翁瓦克", "翁瓦克"], "309": ["繁星竞技场", "竞技场"], "310": ["折断的龙骨", "龙骨"], "311": ["苍穹战线格拉默", "苍穹战线", "格拉默"], "312": ["梦想之地匹诺康尼", "梦想之地", "匹诺康尼"], "313": ["无主荒星茨冈尼亚"], "314": ["出云显世与高天神国"], "315": ["奔狼的都蓝王朝"], "316": ["劫火莲灯铸炼宫"], "317": ["沉陆海域露莎卡"], "318": ["奇想蕉乐园"]}}