{"MaxHP": {"type": "MaxHP", "name": "生命值", "field": "", "affix": false, "ratio": false, "percent": false, "order": 1, "icon": "icon/property/IconMaxHP.png"}, "Attack": {"type": "Attack", "name": "攻击力", "field": "", "affix": false, "ratio": false, "percent": false, "order": 2, "icon": "icon/property/IconAttack.png"}, "Defence": {"type": "Defence", "name": "防御力", "field": "", "affix": false, "ratio": false, "percent": false, "order": 3, "icon": "icon/property/IconDefence.png"}, "Speed": {"type": "Speed", "name": "速度", "field": "", "affix": false, "ratio": false, "percent": false, "order": 4, "icon": "icon/property/IconSpeed.png"}, "CriticalChance": {"type": "CriticalChance", "name": "暴击率", "field": "", "affix": false, "ratio": false, "percent": false, "order": 5, "icon": "icon/property/IconCriticalChance.png"}, "CriticalDamage": {"type": "CriticalDamage", "name": "暴击伤害", "field": "", "affix": false, "ratio": false, "percent": false, "order": 6, "icon": "icon/property/IconCriticalDamage.png"}, "BreakDamageAddedRatio": {"type": "BreakDamageAddedRatio", "name": "击破特攻", "field": "", "affix": false, "ratio": false, "percent": false, "order": 7, "icon": "icon/property/IconBreakUp.png"}, "BreakDamageAddedRatioBase": {"type": "BreakDamageAddedRatioBase", "name": "击破特攻", "field": "break_dmg", "affix": true, "ratio": false, "percent": true, "order": 8, "icon": "icon/property/IconBreakUp.png"}, "HealRatio": {"type": "HealRatio", "name": "治疗量加成", "field": "", "affix": false, "ratio": false, "percent": true, "order": 9, "icon": "icon/property/IconHealRatio.png"}, "MaxSP": {"type": "MaxSP", "name": "能量上限", "field": "", "affix": false, "ratio": false, "percent": false, "order": 10, "icon": "icon/property/IconEnergyLimit.png"}, "SpecialMaxSP": {"type": "SpecialMaxSP", "name": "", "field": "", "affix": false, "ratio": false, "percent": false, "order": 10, "icon": ""}, "SPRatio": {"type": "SPRatio", "name": "能量恢复效率", "field": "", "affix": false, "ratio": false, "percent": true, "order": 11, "icon": "icon/property/IconEnergyRecovery.png"}, "StatusProbability": {"type": "StatusProbability", "name": "效果命中", "field": "", "affix": false, "ratio": false, "percent": true, "order": 12, "icon": "icon/property/IconStatusProbability.png"}, "StatusResistance": {"type": "StatusResistance", "name": "效果抵抗", "field": "", "affix": false, "ratio": false, "percent": true, "order": 13, "icon": "icon/property/IconStatusResistance.png"}, "CriticalChanceBase": {"type": "CriticalChanceBase", "name": "暴击率", "field": "crit_rate", "affix": true, "ratio": false, "percent": true, "order": 14, "icon": "icon/property/IconCriticalChance.png"}, "CriticalDamageBase": {"type": "CriticalDamageBase", "name": "暴击伤害", "field": "crit_dmg", "affix": true, "ratio": false, "percent": true, "order": 15, "icon": "icon/property/IconCriticalDamage.png"}, "HealRatioBase": {"type": "HealRatioBase", "name": "治疗量加成", "field": "heal_rate", "affix": true, "ratio": false, "percent": true, "order": 16, "icon": "icon/property/IconHealRatio.png"}, "StanceBreakAddedRatio": {"type": "StanceBreakAddedRatio", "name": "", "field": "", "affix": false, "ratio": false, "percent": false, "order": 17, "icon": ""}, "SPRatioBase": {"type": "SPRatioBase", "name": "能量恢复效率", "field": "sp_rate", "affix": true, "ratio": false, "percent": true, "order": 18, "icon": "icon/property/IconEnergyRecovery.png"}, "StatusProbabilityBase": {"type": "StatusProbabilityBase", "name": "效果命中", "field": "effect_hit", "affix": true, "ratio": false, "percent": true, "order": 19, "icon": "icon/property/IconStatusProbability.png"}, "StatusResistanceBase": {"type": "StatusResistanceBase", "name": "效果抵抗", "field": "effect_res", "affix": true, "ratio": false, "percent": true, "order": 20, "icon": "icon/property/IconStatusResistance.png"}, "PhysicalAddedRatio": {"type": "PhysicalAddedRatio", "name": "物理属性伤害提高", "field": "physical_dmg", "affix": true, "ratio": false, "percent": true, "order": 21, "icon": "icon/property/IconPhysicalAddedRatio.png"}, "PhysicalResistance": {"type": "PhysicalResistance", "name": "物理属性抗性提高", "field": "physical_res", "affix": true, "ratio": false, "percent": true, "order": 22, "icon": "icon/property/IconPhysicalResistanceDelta.png"}, "FireAddedRatio": {"type": "FireAddedRatio", "name": "火属性伤害提高", "field": "fire_dmg", "affix": true, "ratio": false, "percent": true, "order": 23, "icon": "icon/property/IconFireAddedRatio.png"}, "FireResistance": {"type": "FireResistance", "name": "火属性抗性提高", "field": "fire_res", "affix": true, "ratio": false, "percent": true, "order": 24, "icon": "icon/property/IconFireResistanceDelta.png"}, "IceAddedRatio": {"type": "IceAddedRatio", "name": "冰属性伤害提高", "field": "ice_dmg", "affix": true, "ratio": false, "percent": true, "order": 25, "icon": "icon/property/IconIceAddedRatio.png"}, "IceResistance": {"type": "IceResistance", "name": "冰属性抗性提高", "field": "ice_res", "affix": true, "ratio": false, "percent": true, "order": 26, "icon": "icon/property/IconIceResistanceDelta.png"}, "ThunderAddedRatio": {"type": "ThunderAddedRatio", "name": "雷属性伤害提高", "field": "lightning_dmg", "affix": true, "ratio": false, "percent": true, "order": 27, "icon": "icon/property/IconThunderAddedRatio.png"}, "ThunderResistance": {"type": "ThunderResistance", "name": "雷属性抗性提高", "field": "lightning_res", "affix": true, "ratio": false, "percent": true, "order": 28, "icon": "icon/property/IconThunderResistanceDelta.png"}, "WindAddedRatio": {"type": "WindAddedRatio", "name": "风属性伤害提高", "field": "wind_dmg", "affix": true, "ratio": false, "percent": true, "order": 29, "icon": "icon/property/IconWindAddedRatio.png"}, "WindResistance": {"type": "WindResistance", "name": "风属性抗性提高", "field": "wind_res", "affix": true, "ratio": false, "percent": true, "order": 30, "icon": "icon/property/IconWindResistanceDelta.png"}, "QuantumAddedRatio": {"type": "QuantumAddedRatio", "name": "量子属性伤害提高", "field": "quantum_dmg", "affix": true, "ratio": false, "percent": true, "order": 31, "icon": "icon/property/IconQuantumAddedRatio.png"}, "QuantumResistance": {"type": "QuantumResistance", "name": "量子属性抗性提高", "field": "quantum_res", "affix": true, "ratio": false, "percent": true, "order": 32, "icon": "icon/property/IconQuantumResistanceDelta.png"}, "ImaginaryAddedRatio": {"type": "ImaginaryAddedRatio", "name": "虚数属性伤害提高", "field": "imaginary_dmg", "affix": true, "ratio": false, "percent": true, "order": 33, "icon": "icon/property/IconImaginaryAddedRatio.png"}, "ImaginaryResistance": {"type": "ImaginaryResistance", "name": "虚数属性抗性提高", "field": "imaginary_res", "affix": true, "ratio": false, "percent": true, "order": 34, "icon": "icon/property/IconImaginaryResistanceDelta.png"}, "BaseHP": {"type": "BaseHP", "name": "基础生命值", "field": "", "affix": false, "ratio": false, "percent": false, "order": 35, "icon": "icon/property/IconMaxHP.png"}, "HPDelta": {"type": "HPDelta", "name": "生命值", "field": "hp", "affix": true, "ratio": false, "percent": false, "order": 36, "icon": "icon/property/IconMaxHP.png"}, "HPAddedRatio": {"type": "HPAddedRatio", "name": "生命值", "field": "hp", "affix": true, "ratio": true, "percent": true, "order": 37, "icon": "icon/property/IconMaxHP.png"}, "BaseAttack": {"type": "BaseAttack", "name": "基础攻击力", "field": "", "affix": false, "ratio": false, "percent": false, "order": 38, "icon": "icon/property/IconAttack.png"}, "AttackDelta": {"type": "AttackDelta", "name": "攻击力", "field": "atk", "affix": true, "ratio": false, "percent": false, "order": 39, "icon": "icon/property/IconAttack.png"}, "AttackAddedRatio": {"type": "AttackAddedRatio", "name": "攻击力", "field": "atk", "affix": true, "ratio": true, "percent": true, "order": 40, "icon": "icon/property/IconAttack.png"}, "BaseDefence": {"type": "BaseDefence", "name": "基础防御力", "field": "", "affix": false, "ratio": false, "percent": false, "order": 41, "icon": "icon/property/IconDefence.png"}, "DefenceDelta": {"type": "DefenceDelta", "name": "防御力", "field": "def", "affix": true, "ratio": false, "percent": false, "order": 42, "icon": "icon/property/IconDefence.png"}, "DefenceAddedRatio": {"type": "DefenceAddedRatio", "name": "防御力", "field": "def", "affix": true, "ratio": true, "percent": true, "order": 43, "icon": "icon/property/IconDefence.png"}, "BaseSpeed": {"type": "BaseSpeed", "name": "速度", "field": "", "affix": false, "ratio": false, "percent": false, "order": 44, "icon": "icon/property/IconSpeed.png"}, "HealTakenRatio": {"type": "HealTakenRatio", "name": "受治疗量提高", "field": "", "affix": false, "ratio": false, "percent": true, "order": 45, "icon": "icon/property/IconHealRatio.png"}, "PhysicalResistanceDelta": {"type": "PhysicalResistanceDelta", "name": "物理属性抗性提高", "field": "", "affix": false, "ratio": false, "percent": true, "order": 46, "icon": "icon/property/IconPhysicalResistanceDelta.png"}, "FireResistanceDelta": {"type": "FireResistanceDelta", "name": "火属性抗性提高", "field": "", "affix": false, "ratio": false, "percent": true, "order": 47, "icon": "icon/property/IconFireResistanceDelta.png"}, "IceResistanceDelta": {"type": "IceResistanceDelta", "name": "冰属性抗性提高", "field": "", "affix": false, "ratio": false, "percent": true, "order": 48, "icon": "icon/property/IconIceResistanceDelta.png"}, "ThunderResistanceDelta": {"type": "ThunderResistanceDelta", "name": "雷属性抗性提高", "field": "", "affix": false, "ratio": false, "percent": true, "order": 49, "icon": "icon/property/IconThunderResistanceDelta.png"}, "WindResistanceDelta": {"type": "WindResistanceDelta", "name": "风属性抗性提高", "field": "", "affix": false, "ratio": false, "percent": true, "order": 50, "icon": "icon/property/IconWindResistanceDelta.png"}, "QuantumResistanceDelta": {"type": "QuantumResistanceDelta", "name": "量子属性抗性提高", "field": "", "affix": false, "ratio": false, "percent": true, "order": 51, "icon": "icon/property/IconQuantumResistanceDelta.png"}, "ImaginaryResistanceDelta": {"type": "ImaginaryResistanceDelta", "name": "虚数属性抗性提高", "field": "", "affix": false, "ratio": false, "percent": true, "order": 52, "icon": "icon/property/IconImaginaryResistanceDelta.png"}, "SpeedDelta": {"type": "SpeedDelta", "name": "速度", "field": "spd", "affix": true, "ratio": false, "percent": false, "order": 54, "icon": "icon/property/IconSpeed.png"}, "SpeedAddedRatio": {"type": "SpeedAddedRatio", "name": "速度", "field": "spd", "affix": true, "ratio": true, "percent": true, "order": 100, "icon": "icon/property/IconSpeed.png"}, "AllDamageTypeAddedRatio": {"type": "AllDamageTypeAddedRatio", "name": "伤害提高", "field": "all_dmg", "affix": true, "ratio": false, "percent": true, "order": 101, "icon": "icon/property/IconAttack.png"}}