{"101": {"id": "101", "name": "云无留迹的过客", "desc": ["治疗量提高10%。", "在战斗开始时，立即为我方恢复1个战技点。"], "properties": [[{"type": "HealRatioBase", "value": 0.1}], []], "icon": "icon/relic/101.png", "guide_overview": ["guide/Nwflower/relic_set/101.png"]}, "102": {"id": "102", "name": "野穗伴行的快枪手", "desc": ["攻击力提高12%。", "使装备者的速度提高6%，普攻造成的伤害提高10%。"], "properties": [[{"type": "AttackAddedRatio", "value": 0.12}], [{"type": "SpeedAddedRatio", "value": 0.06}]], "icon": "icon/relic/102.png", "guide_overview": ["guide/Nwflower/relic_set/102.png"]}, "103": {"id": "103", "name": "净庭教宗的圣骑士", "desc": ["防御力提高15%。", "使装备者提供的护盾量提高20%。"], "properties": [[{"type": "DefenceAddedRatio", "value": 0.15}], []], "icon": "icon/relic/103.png", "guide_overview": ["guide/Nwflower/relic_set/103.png"]}, "104": {"id": "104", "name": "密林卧雪的猎人", "desc": ["冰属性伤害提高10%。", "当装备者施放终结技时，暴击伤害提高25%，持续2回合。"], "properties": [[{"type": "IceAddedRatio", "value": 0.1}], []], "icon": "icon/relic/104.png", "guide_overview": ["guide/Nwflower/relic_set/104.png"]}, "105": {"id": "105", "name": "街头出身的拳王", "desc": ["物理属性伤害提高10%。", "当装备者施放攻击或受到攻击后，其在本场战斗中攻击力提高5%，最多叠加5层。"], "properties": [[{"type": "PhysicalAddedRatio", "value": 0.1}], []], "icon": "icon/relic/105.png", "guide_overview": ["guide/Nwflower/relic_set/105.png"]}, "106": {"id": "106", "name": "戍卫风雪的铁卫", "desc": ["受到伤害降低8%。", "回合开始时，如果装备者当前生命值百分比小于等于50%，则回复等同于自身生命上限8%的生命值，并恢复5点能量。"], "properties": [[], []], "icon": "icon/relic/106.png", "guide_overview": ["guide/Nwflower/relic_set/106.png"]}, "107": {"id": "107", "name": "熔岩锻铸的火匠", "desc": ["火属性伤害提高10%。", "使装备者战技造成的伤害提高12%，并使施放终结技后的下一次攻击造成的火属性伤害提高12%。"], "properties": [[{"type": "FireAddedRatio", "value": 0.1}], []], "icon": "icon/relic/107.png", "guide_overview": ["guide/Nwflower/relic_set/107.png"]}, "108": {"id": "108", "name": "繁星璀璨的天才", "desc": ["量子属性伤害提高10%。", "当装备者对敌方目标造成伤害时，无视其10%的防御力。若目标拥有量子属性弱点，额外无视其10%的防御力。"], "properties": [[{"type": "QuantumAddedRatio", "value": 0.1}], []], "icon": "icon/relic/108.png", "guide_overview": ["guide/Nwflower/relic_set/108.png"]}, "109": {"id": "109", "name": "激奏雷电的乐队", "desc": ["雷属性伤害提高10%。", "当装备者施放战技时，使装备者的攻击力提高20%，持续1回合。"], "properties": [[{"type": "ThunderAddedRatio", "value": 0.1}], []], "icon": "icon/relic/109.png", "guide_overview": ["guide/Nwflower/relic_set/109.png"]}, "110": {"id": "110", "name": "晨昏交界的翔鹰", "desc": ["风属性伤害提高10%。", "当装备者施放终结技后，使其行动提前25%。"], "properties": [[{"type": "WindAddedRatio", "value": 0.1}], []], "icon": "icon/relic/110.png", "guide_overview": ["guide/Nwflower/relic_set/110.png"]}, "111": {"id": "111", "name": "流星追迹的怪盗", "desc": ["击破特攻提高16%。", "使装备者的击破特攻提高16%。当装备者击破敌方目标弱点后，恢复3点能量。"], "properties": [[{"type": "BreakDamageAddedRatioBase", "value": 0.16}], [{"type": "BreakDamageAddedRatioBase", "value": 0.16}]], "icon": "icon/relic/111.png", "guide_overview": ["guide/Nwflower/relic_set/111.png"]}, "112": {"id": "112", "name": "盗匪荒漠的废土客", "desc": ["虚数属性伤害提高10%。", "装备者对陷入负面效果的敌方目标造成伤害时暴击率提高10%，对陷入禁锢状态的敌方目标造成伤害时暴击伤害提高20%。"], "properties": [[{"type": "ImaginaryAddedRatio", "value": 0.1}], []], "icon": "icon/relic/112.png", "guide_overview": ["guide/Nwflower/relic_set/112.png"]}, "113": {"id": "113", "name": "宝命长存的莳者", "desc": ["生命上限提高12%。", "当装备者受到攻击或被我方目标消耗生命值后，暴击率提高8%，持续2回合，该效果最多叠加2层。"], "properties": [[{"type": "HPAddedRatio", "value": 0.12}], []], "icon": "icon/relic/113.png", "guide_overview": ["guide/Nwflower/relic_set/113.png"]}, "114": {"id": "114", "name": "骇域漫游的信使", "desc": ["速度提高6%。", "当装备者对我方目标施放终结技时，我方全体速度提高12%，持续1回合，该效果无法叠加。"], "properties": [[{"type": "SpeedAddedRatio", "value": 0.06}], []], "icon": "icon/relic/114.png", "guide_overview": ["guide/Nwflower/relic_set/114.png"]}, "115": {"id": "115", "name": "毁烬焚骨的大公", "desc": ["追加攻击造成的伤害提高20%。", "装备者施放追加攻击时，根据追加攻击造成伤害的次数，每次造成伤害时使装备者的攻击力提高6%，最多叠加8次，持续3回合。该效果在装备者下一次施放追加攻击时移除。"], "properties": [[], []], "icon": "icon/relic/115.png", "guide_overview": ["guide/Nwflower/relic_set/115.png"]}, "116": {"id": "116", "name": "幽锁深牢的系囚", "desc": ["攻击力提高12%。", "敌方目标每承受1个持续伤害效果，装备者对其造成伤害时就无视其6%的防御力，最多计入3个持续伤害效果。"], "properties": [[{"type": "AttackAddedRatio", "value": 0.12}], []], "icon": "icon/relic/116.png", "guide_overview": ["guide/Nwflower/relic_set/116.png"]}, "117": {"id": "117", "name": "死水深潜的先驱", "desc": ["对受负面状态影响的敌人造成的伤害提高12%。", "暴击率提高4%，装备者对陷入不少于2/3个负面效果的敌方目标造成的暴击伤害提高8%/12%。装备者对敌方目标施加负面效果后，上述效果提高100%，持续1回合。"], "properties": [[], [{"type": "CriticalChanceBase", "value": 0.04}]], "icon": "icon/relic/117.png", "guide_overview": ["guide/Nwflower/relic_set/117.png"]}, "118": {"id": "118", "name": "机心戏梦的钟表匠", "desc": ["击破特攻提高16%。", "当装备者对我方目标施放终结技时，我方全体击破特攻提高30%，持续2回合，该效果无法叠加。"], "properties": [[{"type": "BreakDamageAddedRatioBase", "value": 0.16}], []], "icon": "icon/relic/118.png", "guide_overview": ["guide/Nwflower/relic_set/118.png"]}, "119": {"id": "119", "name": "荡除蠹灾的铁骑", "desc": ["击破特攻提高16%。", "当装备者的击破特攻大于等于150%时，对敌方目标造成的击破伤害无视其10%的防御力。当装备者的击破特攻大于等于250%时，对敌方目标造成的超击破伤害额外无视其15%的防御力。"], "properties": [[{"type": "BreakDamageAddedRatioBase", "value": 0.16}], []], "icon": "icon/relic/119.png", "guide_overview": ["guide/Nwflower/relic_set/119.png"]}, "120": {"id": "120", "name": "风举云飞的勇烈", "desc": ["攻击力提高12%。", "使装备者的暴击率提高6%，装备者施放追加攻击时，使终结技造成的伤害提高36%，持续1回合。"], "properties": [[{"type": "AttackAddedRatio", "value": 0.12}], [{"type": "CriticalChanceBase", "value": 0.06}]], "icon": "icon/relic/120.png", "guide_overview": ["guide/Nwflower/relic_set/120.png"]}, "121": {"id": "121", "name": "重循苦旅的司铎", "desc": ["速度提高6%。", "对我方单体目标施放战技或终结技时，使技能目标的暴击伤害提高18%，持续2回合，该效果最多叠加2次。"], "properties": [[{"type": "SpeedAddedRatio", "value": 0.06}], []], "icon": "icon/relic/121.png", "guide_overview": []}, "122": {"id": "122", "name": "识海迷坠的学者", "desc": ["暴击率提高8%。", "战技和终结技造成的伤害提高20%，施放终结技后，下一次施放战技时造成的伤害额外提高25%。"], "properties": [[{"type": "CriticalChanceBase", "value": 0.08}], []], "icon": "icon/relic/122.png", "guide_overview": []}, "123": {"id": "123", "name": "凯歌祝捷的英豪", "desc": ["攻击力提高12%。", "装备者的忆灵在场时，装备者的速度提高6%，装备者的忆灵攻击时，装备者和忆灵的暴击伤害提高30%，持续2回合。"], "properties": [[{"type": "AttackAddedRatio", "value": 0.12}], []], "icon": "icon/relic/123.png", "guide_overview": []}, "124": {"id": "124", "name": "哀歌覆国的诗人", "desc": ["量子属性伤害提高10%。", "使装备者的速度降低8%。进入战斗前，若装备者的速度小于110/95，使装备者的暴击率提高20%/32%。该效果同时对装备者的忆灵生效。"], "properties": [[{"type": "QuantumAddedRatio", "value": 0.1}], [{"type": "SpeedAddedRatio", "value": -0.08}]], "icon": "icon/relic/124.png", "guide_overview": []}, "301": {"id": "301", "name": "太空封印站", "desc": ["使装备者的攻击力提高12%。当装备者的速度大于等于120时，攻击力额外提高12%。"], "properties": [[{"type": "AttackAddedRatio", "value": 0.12}]], "icon": "icon/relic/301.png", "guide_overview": ["guide/Nwflower/relic_set/301.png"]}, "302": {"id": "302", "name": "不老者的仙舟", "desc": ["使装备者的生命上限提高12%。当装备者的速度大于等于120时，我方全体攻击力提高8%。"], "properties": [[{"type": "HPAddedRatio", "value": 0.12}]], "icon": "icon/relic/302.png", "guide_overview": ["guide/Nwflower/relic_set/302.png"]}, "303": {"id": "303", "name": "泛银河商业公司", "desc": ["使装备者的效果命中提高10%。同时提高装备者等同于当前效果命中25%的攻击力，最多提高25%。"], "properties": [[{"type": "StatusProbabilityBase", "value": 0.1}]], "icon": "icon/relic/303.png", "guide_overview": ["guide/Nwflower/relic_set/303.png"]}, "304": {"id": "304", "name": "筑城者的贝洛伯格", "desc": ["使装备者的防御力提高15%。当装备者的效果命中大于等于50%时，防御力额外提高15%。"], "properties": [[{"type": "DefenceAddedRatio", "value": 0.15}]], "icon": "icon/relic/304.png", "guide_overview": ["guide/Nwflower/relic_set/304.png"]}, "305": {"id": "305", "name": "星体差分机", "desc": ["使装备者的暴击伤害提高16%。当装备者的暴击伤害大于等于120%时，进入战斗后装备者的暴击率提高60%，持续到施放首次攻击后结束。"], "properties": [[{"type": "CriticalDamageBase", "value": 0.16}]], "icon": "icon/relic/305.png", "guide_overview": ["guide/Nwflower/relic_set/305.png"]}, "306": {"id": "306", "name": "停转的萨尔索图", "desc": ["使装备者的暴击率提高8%。当装备者当前暴击率大于等于50%时，终结技和追加攻击造成的伤害提高15%。"], "properties": [[{"type": "CriticalChanceBase", "value": 0.08}]], "icon": "icon/relic/306.png", "guide_overview": ["guide/Nwflower/relic_set/306.png"]}, "307": {"id": "307", "name": "盗贼公国塔利亚", "desc": ["使装备者的击破特攻提高16%。当装备者的速度大于等于145时，击破特攻额外提高20%。"], "properties": [[{"type": "BreakDamageAddedRatioBase", "value": 0.16}]], "icon": "icon/relic/307.png", "guide_overview": ["guide/Nwflower/relic_set/307.png"]}, "308": {"id": "308", "name": "生命的翁瓦克", "desc": ["使装备者的能量恢复效率提高5%。当装备者的速度大于等于120时，进入战斗时立刻使行动提前40%。"], "properties": [[{"type": "SPRatioBase", "value": 0.05}]], "icon": "icon/relic/308.png", "guide_overview": ["guide/Nwflower/relic_set/308.png"]}, "309": {"id": "309", "name": "繁星竞技场", "desc": ["使装备者的暴击率提高8%。当装备者的当前暴击率大于等于70%时，普攻和战技造成的伤害提高20%。"], "properties": [[{"type": "CriticalChanceBase", "value": 0.08}]], "icon": "icon/relic/309.png", "guide_overview": ["guide/Nwflower/relic_set/309.png"]}, "310": {"id": "310", "name": "折断的龙骨", "desc": ["使装备者的效果抵抗提高10%。当装备者的效果抵抗大于等于30%时，我方全体暴击伤害提高10%。"], "properties": [[{"type": "StatusResistanceBase", "value": 0.1}]], "icon": "icon/relic/310.png", "guide_overview": ["guide/Nwflower/relic_set/310.png"]}, "311": {"id": "311", "name": "苍穹战线格拉默", "desc": ["使装备者的攻击力提高12%。当装备者的速度大于等于135/160时，使装备者造成的伤害提高12%/18%。"], "properties": [[{"type": "AttackAddedRatio", "value": 0.12}]], "icon": "icon/relic/311.png", "guide_overview": ["guide/Nwflower/relic_set/311.png"]}, "312": {"id": "312", "name": "梦想之地匹诺康尼", "desc": ["使装备者的能量恢复效率提高5%。使队伍中与装备者属性相同的我方其他角色造成的伤害提高10%。"], "properties": [[{"type": "SPRatioBase", "value": 0.05}]], "icon": "icon/relic/312.png", "guide_overview": ["guide/Nwflower/relic_set/312.png"]}, "313": {"id": "313", "name": "无主荒星茨冈尼亚", "desc": ["使装备者的暴击率提高4%。当敌方目标被消灭时，装备者暴击伤害提高4%，最多叠加10层。"], "properties": [[{"type": "CriticalChanceBase", "value": 0.04}]], "icon": "icon/relic/313.png", "guide_overview": ["guide/Nwflower/relic_set/313.png"]}, "314": {"id": "314", "name": "出云显世与高天神国", "desc": ["使装备者的攻击力提高12%。进入战斗时，若至少存在一名与装备者命途相同的队友，装备者的暴击率提高12%。"], "properties": [[{"type": "AttackAddedRatio", "value": 0.12}]], "icon": "icon/relic/314.png", "guide_overview": ["guide/Nwflower/relic_set/314.png"]}, "315": {"id": "315", "name": "奔狼的都蓝王朝", "desc": ["我方角色施放追加攻击时，装备者获得一层【功勋】，最多叠加5层，每层【功勋】使装备者追加攻击造成的伤害提高5%，叠满5层时，额外使装备者的暴击伤害提高25%。"], "properties": [[]], "icon": "icon/relic/315.png", "guide_overview": ["guide/Nwflower/relic_set/315.png"]}, "316": {"id": "316", "name": "劫火莲灯铸炼宫", "desc": ["使装备者的速度提高6%。当装备者击中拥有火属性弱点的敌方目标时，击破特攻提高40%，持续1回合。"], "properties": [[{"type": "SpeedAddedRatio", "value": 0.06}]], "icon": "icon/relic/316.png", "guide_overview": ["guide/Nwflower/relic_set/316.png"]}, "317": {"id": "317", "name": "沉陆海域露莎卡", "desc": ["使装备者的能量恢复效率提高5%，如果装备者不是编队中的第一位角色，使编队中的第一位角色攻击力提高12%。"], "properties": [[{"type": "SPRatioBase", "value": 0.05}]], "icon": "icon/relic/317.png", "guide_overview": []}, "318": {"id": "318", "name": "奇想蕉乐园", "desc": ["使装备者的暴击伤害提高16%，当存在装备者召唤的目标时，暴击伤害额外提高32%。"], "properties": [[{"type": "CriticalDamageBase", "value": 0.16}]], "icon": "icon/relic/318.png", "guide_overview": []}}