{"2": {"id": "2", "affixes": {"1": {"affix_id": "1", "property": "HPDelta", "base": 13.548016, "step": 1.693502, "step_num": 2}, "2": {"affix_id": "2", "property": "AttackDelta", "base": 6.774008, "step": 0.846751, "step_num": 2}, "3": {"affix_id": "3", "property": "DefenceDelta", "base": 6.774008, "step": 0.846751, "step_num": 2}, "4": {"affix_id": "4", "property": "HPAddedRatio", "base": 0.013824001, "step": 0.0017280006, "step_num": 2}, "5": {"affix_id": "5", "property": "AttackAddedRatio", "base": 0.013824001, "step": 0.0017280006, "step_num": 2}, "6": {"affix_id": "6", "property": "DefenceAddedRatio", "base": 0.017280001, "step": 0.0021600004, "step_num": 2}, "7": {"affix_id": "7", "property": "SpeedDelta", "base": 1, "step": 0.1, "step_num": 2}, "8": {"affix_id": "8", "property": "CriticalChanceBase", "base": 0.010368001, "step": 0.0012960008, "step_num": 2}, "9": {"affix_id": "9", "property": "CriticalDamageBase", "base": 0.020736001, "step": 0.0025920009, "step_num": 2}, "10": {"affix_id": "10", "property": "StatusProbabilityBase", "base": 0.013824001, "step": 0.0017280006, "step_num": 2}, "11": {"affix_id": "11", "property": "StatusResistanceBase", "base": 0.013824001, "step": 0.0017280006, "step_num": 2}, "12": {"affix_id": "12", "property": "BreakDamageAddedRatioBase", "base": 0.020736001, "step": 0.0025920009, "step_num": 2}}}, "3": {"id": "3", "affixes": {"1": {"affix_id": "1", "property": "HPDelta", "base": 20.322023, "step": 2.540253, "step_num": 2}, "2": {"affix_id": "2", "property": "AttackDelta", "base": 10.161012, "step": 1.270126, "step_num": 2}, "3": {"affix_id": "3", "property": "DefenceDelta", "base": 10.161012, "step": 1.270126, "step_num": 2}, "4": {"affix_id": "4", "property": "HPAddedRatio", "base": 0.020736001, "step": 0.0025920009, "step_num": 2}, "5": {"affix_id": "5", "property": "AttackAddedRatio", "base": 0.020736001, "step": 0.0025920009, "step_num": 2}, "6": {"affix_id": "6", "property": "DefenceAddedRatio", "base": 0.02592, "step": 0.0032400002, "step_num": 2}, "7": {"affix_id": "7", "property": "SpeedDelta", "base": 1.2, "step": 0.1, "step_num": 2}, "8": {"affix_id": "8", "property": "CriticalChanceBase", "base": 0.015552, "step": 0.0019440008, "step_num": 2}, "9": {"affix_id": "9", "property": "CriticalDamageBase", "base": 0.031104, "step": 0.003888001, "step_num": 2}, "10": {"affix_id": "10", "property": "StatusProbabilityBase", "base": 0.020736001, "step": 0.0025920009, "step_num": 2}, "11": {"affix_id": "11", "property": "StatusResistanceBase", "base": 0.020736001, "step": 0.0025920009, "step_num": 2}, "12": {"affix_id": "12", "property": "BreakDamageAddedRatioBase", "base": 0.031104, "step": 0.003888001, "step_num": 2}}}, "4": {"id": "4", "affixes": {"1": {"affix_id": "1", "property": "HPDelta", "base": 27.096031, "step": 3.387004, "step_num": 2}, "2": {"affix_id": "2", "property": "AttackDelta", "base": 13.548016, "step": 1.693502, "step_num": 2}, "3": {"affix_id": "3", "property": "DefenceDelta", "base": 13.548016, "step": 1.693502, "step_num": 2}, "4": {"affix_id": "4", "property": "HPAddedRatio", "base": 0.027648, "step": 0.0034560005, "step_num": 2}, "5": {"affix_id": "5", "property": "AttackAddedRatio", "base": 0.027648, "step": 0.0034560005, "step_num": 2}, "6": {"affix_id": "6", "property": "DefenceAddedRatio", "base": 0.034560002, "step": 0.0043200003, "step_num": 2}, "7": {"affix_id": "7", "property": "SpeedDelta", "base": 1.6, "step": 0.2, "step_num": 2}, "8": {"affix_id": "8", "property": "CriticalChanceBase", "base": 0.020736001, "step": 0.0025920009, "step_num": 2}, "9": {"affix_id": "9", "property": "CriticalDamageBase", "base": 0.041472, "step": 0.0051840004, "step_num": 2}, "10": {"affix_id": "10", "property": "StatusProbabilityBase", "base": 0.027648, "step": 0.0034560005, "step_num": 2}, "11": {"affix_id": "11", "property": "StatusResistanceBase", "base": 0.027648, "step": 0.0034560005, "step_num": 2}, "12": {"affix_id": "12", "property": "BreakDamageAddedRatioBase", "base": 0.041472, "step": 0.0051840004, "step_num": 2}}}, "5": {"id": "5", "affixes": {"1": {"affix_id": "1", "property": "HPDelta", "base": 33.87004, "step": 4.233755, "step_num": 2}, "2": {"affix_id": "2", "property": "AttackDelta", "base": 16.935019, "step": 2.116877, "step_num": 2}, "3": {"affix_id": "3", "property": "DefenceDelta", "base": 16.935019, "step": 2.116877, "step_num": 2}, "4": {"affix_id": "4", "property": "HPAddedRatio", "base": 0.034560002, "step": 0.0043200003, "step_num": 2}, "5": {"affix_id": "5", "property": "AttackAddedRatio", "base": 0.034560002, "step": 0.0043200003, "step_num": 2}, "6": {"affix_id": "6", "property": "DefenceAddedRatio", "base": 0.0432, "step": 0.0054, "step_num": 2}, "7": {"affix_id": "7", "property": "SpeedDelta", "base": 2, "step": 0.3, "step_num": 2}, "8": {"affix_id": "8", "property": "CriticalChanceBase", "base": 0.02592, "step": 0.0032400002, "step_num": 2}, "9": {"affix_id": "9", "property": "CriticalDamageBase", "base": 0.05184, "step": 0.0064800004, "step_num": 2}, "10": {"affix_id": "10", "property": "StatusProbabilityBase", "base": 0.034560002, "step": 0.0043200003, "step_num": 2}, "11": {"affix_id": "11", "property": "StatusResistanceBase", "base": 0.034560002, "step": 0.0043200003, "step_num": 2}, "12": {"affix_id": "12", "property": "BreakDamageAddedRatioBase", "base": 0.05184, "step": 0.0064800004, "step_num": 2}}}}