{"1": {"id": "1", "name": "克里珀", "type": "存护", "image": "image/simulated_event/HoshinoKami_001.png"}, "2": {"id": "2", "name": "浮黎", "type": "记忆", "image": "image/simulated_event/HoshinoKami_006.png"}, "3": {"id": "3", "name": "Ⅸ", "type": "虚无", "image": "image/simulated_event/HoshinoKami_004.png"}, "4": {"id": "4", "name": "药师", "type": "丰饶", "image": "image/simulated_event/HoshinoKami_003.png"}, "5": {"id": "5", "name": "岚", "type": "巡猎", "image": "image/simulated_event/HoshinoKami_005.png"}, "6": {"id": "6", "name": "纳努克", "type": "毁灭", "image": "image/simulated_event/HoshinoKami_002.png"}, "7": {"id": "7", "name": "阿哈", "type": "欢愉", "image": "image/simulated_event/HoshinoKami_007.png"}, "8": {"id": "8", "name": "黑塔", "type": "天才俱乐部#83", "image": "image/simulated_event/HoshinoKami_Herta.png"}, "9": {"id": "9", "name": "阮•梅", "type": "天才俱乐部#81", "image": "image/simulated_event/HoshinoKami_Herta2.png"}, "10": {"id": "10", "name": "太一", "type": "秩序", "image": "image/simulated_event/HoshinoKami_011.png"}, "11": {"id": "11", "name": "希佩", "type": "同谐", "image": "image/simulated_event/HoshinoKami_008.png"}, "12": {"id": "12", "name": "奥博洛斯", "type": "贪饕", "image": "image/simulated_event/HoshinoKami_010.png"}, "13": {"id": "13", "name": "螺丝咕姆", "type": "天才俱乐部#76", "image": "image/simulated_event/HoshinoKami_Herta3.png"}, "14": {"id": "14", "name": "塔伊兹育罗斯", "type": "繁育", "image": "image/simulated_event/HoshinoKami_009.png"}, "15": {"id": "15", "name": "斯蒂芬·劳艾德", "type": "天才俱乐部#84", "image": "image/simulated_event/HoshinoKami_Herta4.png"}, "16": {"id": "16", "name": "斯蒂芬·劳艾德", "type": "天才俱乐部#84", "image": "image/simulated_event/HoshinoKami_Herta5.png"}, "17": {"id": "17", "name": "博识尊", "type": "智识", "image": "image/simulated_event/HoshinoKami_012.png"}, "18": {"id": "18", "name": "互", "type": "均衡", "image": "image/simulated_event/HoshinoKami_014.png"}, "19": {"id": "19", "name": "迷思", "type": "神秘", "image": "image/simulated_event/HoshinoKami_013.png"}, "20": {"id": "20", "name": "波尔卡•卡卡目", "type": "天才俱乐部#4", "image": "image/simulated_event/HoshinoKami_Herta6.png"}, "139": {"id": "139", "name": "开端•星际和平公司", "type": "秘闻", "image": "image/simulated_event/RoguePicEventDLC_08.png"}, "140": {"id": "140", "name": "判定有机：「合伙人」•其一", "type": "秘闻", "image": "image/simulated_event/RoguePicEventDLC_09.png"}, "141": {"id": "141", "name": "认知拓宽：「合伙人」•其二", "type": "秘闻", "image": "image/simulated_event/RoguePicEventDLC_09.png"}, "142": {"id": "142", "name": "极致有机：「血色吊唁」•其一", "type": "秘闻", "image": "image/simulated_event/RoguePicEventDLC_12.png"}, "143": {"id": "143", "name": "极致有机：「血色吊唁」•其二", "type": "秘闻", "image": "image/simulated_event/RoguePicEventDLC_12.png"}, "144": {"id": "144", "name": "判定无机：「流动的金黄」•其一", "type": "秘闻", "image": "image/simulated_event/RoguePicEventDLC_10.png"}, "145": {"id": "145", "name": "认知拓宽：「流动的金黄」•其二", "type": "秘闻", "image": "image/simulated_event/RoguePicEventDLC_10.png"}, "146": {"id": "146", "name": "极致无机：「宇宙王座」•其一", "type": "秘闻", "image": "image/simulated_event/RoguePicEventDLC_10.png"}, "147": {"id": "147", "name": "认知拓宽：「宇宙王座」•其二", "type": "秘闻", "image": "image/simulated_event/RoguePicEventDLC_09.png"}, "148": {"id": "148", "name": "极致无机：「血色吊唁」•其三", "type": "秘闻", "image": "image/simulated_event/RoguePicEventDLC_12.png"}, "149": {"id": "149", "name": "开端•机械帝国", "type": "秘闻", "image": "image/simulated_event/RoguePicEventDLC_07.png"}, "150": {"id": "150", "name": "极致有机：「精神香料」•其一", "type": "秘闻", "image": "image/simulated_event/RoguePicEventDLC_08.png"}, "151": {"id": "151", "name": "认知拓宽：「精神香料」•其二", "type": "秘闻", "image": "image/simulated_event/RoguePicEventDLC_08.png"}, "152": {"id": "152", "name": "判定有机：「不好念头」•其一", "type": "秘闻", "image": "image/simulated_event/RoguePicEventDLC_07.png"}, "153": {"id": "153", "name": "认知拓宽：「不好念头」•其二", "type": "秘闻", "image": "image/simulated_event/RoguePicEventDLC_07.png"}, "154": {"id": "154", "name": "判定无机：「受难的*父*」•其一", "type": "秘闻", "image": "image/simulated_event/RoguePicEventDLC_11.png"}, "155": {"id": "155", "name": "认知拓宽：「受难的*父*」•其二", "type": "秘闻", "image": "image/simulated_event/RoguePicEventDLC_11.png"}, "156": {"id": "156", "name": "极致无机：「神的三个启示」•其一", "type": "秘闻", "image": "image/simulated_event/RoguePicEventDLC_08.png"}, "157": {"id": "157", "name": "极致有机：「神的三个启示」•其二", "type": "秘闻", "image": "image/simulated_event/RoguePicEventDLC_11.png"}, "158": {"id": "158", "name": "极致无机：「神的三个启示」•其三", "type": "秘闻", "image": "image/simulated_event/RoguePicEventDLC_07.png"}, "159": {"id": "159", "name": "筑城者", "type": "方程", "image": "image/simulated_event/RoguePicEventTourn_01.png"}, "160": {"id": "160", "name": "流光忆庭", "type": "方程", "image": "image/simulated_event/RoguePicEventTourn_01.png"}, "161": {"id": "161", "name": "自灭者", "type": "方程", "image": "image/simulated_event/RoguePicEventTourn_01.png"}, "162": {"id": "162", "name": "求药使", "type": "方程", "image": "image/simulated_event/RoguePicEventTourn_01.png"}, "163": {"id": "163", "name": "巡海游侠", "type": "方程", "image": "image/simulated_event/RoguePicEventTourn_01.png"}, "164": {"id": "164", "name": "反物质军团", "type": "方程", "image": "image/simulated_event/RoguePicEventTourn_01.png"}, "165": {"id": "165", "name": "假面愚者", "type": "方程", "image": "image/simulated_event/RoguePicEventTourn_01.png"}, "166": {"id": "166", "name": "孳孽王虫", "type": "方程", "image": "image/simulated_event/RoguePicEventTourn_01.png"}, "167": {"id": "167", "name": "星空生态学派", "type": "方程", "image": "image/simulated_event/RoguePicEventTourn_01.png"}, "168": {"id": "168", "name": "城市复原师", "type": "方程", "image": "image/simulated_event/RoguePicEventTourn_01.png"}, "169": {"id": "169", "name": "沉默猎手", "type": "方程", "image": "image/simulated_event/RoguePicEventTourn_01.png"}, "170": {"id": "170", "name": "自证学社", "type": "方程", "image": "image/simulated_event/RoguePicEventTourn_01.png"}, "171": {"id": "171", "name": "步离人", "type": "方程", "image": "image/simulated_event/RoguePicEventTourn_01.png"}, "172": {"id": "172", "name": "熔火骑士", "type": "方程", "image": "image/simulated_event/RoguePicEventTourn_01.png"}, "173": {"id": "173", "name": "远航监护员", "type": "方程", "image": "image/simulated_event/RoguePicEventTourn_01.png"}, "174": {"id": "174", "name": "谏语医师", "type": "方程", "image": "image/simulated_event/RoguePicEventTourn_01.png"}, "175": {"id": "175", "name": "孕灾之子", "type": "方程", "image": "image/simulated_event/RoguePicEventTourn_01.png"}, "176": {"id": "176", "name": "无用学者", "type": "方程", "image": "image/simulated_event/RoguePicEventTourn_01.png"}, "177": {"id": "177", "name": "幻影怪盗", "type": "方程", "image": "image/simulated_event/RoguePicEventTourn_01.png"}, "178": {"id": "178", "name": "伤痕冢", "type": "方程", "image": "image/simulated_event/RoguePicEventTourn_01.png"}, "179": {"id": "179", "name": "聚合者", "type": "方程", "image": "image/simulated_event/RoguePicEventTourn_01.png"}, "180": {"id": "180", "name": "纺生救主", "type": "方程", "image": "image/simulated_event/RoguePicEventTourn_01.png"}, "181": {"id": "181", "name": "灭绝学人", "type": "方程", "image": "image/simulated_event/RoguePicEventTourn_01.png"}, "182": {"id": "182", "name": "躯壳迁移•其一", "type": "秘闻", "image": "image/simulated_event/RoguePicEventDLC_10.png"}, "183": {"id": "183", "name": "躯壳迁移•其二", "type": "秘闻", "image": "image/simulated_event/RoguePicEventDLC_10.png"}, "184": {"id": "184", "name": "躯壳迁移•其三", "type": "秘闻", "image": "image/simulated_event/RoguePicEventDLC_10.png"}, "185": {"id": "185", "name": "记住他们•其一", "type": "秘闻", "image": "image/simulated_event/RoguePicEventDLC_10.png"}, "186": {"id": "186", "name": "记住他们•其二", "type": "秘闻", "image": "image/simulated_event/RoguePicEventDLC_10.png"}, "187": {"id": "187", "name": "记住他们•其三", "type": "秘闻", "image": "image/simulated_event/RoguePicEventDLC_10.png"}, "188": {"id": "188", "name": "发条世界•其一", "type": "秘闻", "image": "image/simulated_event/RoguePicEventDLC_10.png"}, "189": {"id": "189", "name": "发条世界•其二", "type": "秘闻", "image": "image/simulated_event/RoguePicEventDLC_10.png"}, "190": {"id": "190", "name": "发条世界•其三", "type": "秘闻", "image": "image/simulated_event/RoguePicEventDLC_10.png"}, "191": {"id": "191", "name": "打印真实•其一", "type": "秘闻", "image": "image/simulated_event/RoguePicEventDLC_10.png"}, "192": {"id": "192", "name": "打印真实•其二", "type": "秘闻", "image": "image/simulated_event/RoguePicEventDLC_10.png"}, "193": {"id": "193", "name": "打印真实•其三", "type": "秘闻", "image": "image/simulated_event/RoguePicEventDLC_10.png"}, "194": {"id": "194", "name": "伟大谎言•其一", "type": "秘闻", "image": "image/simulated_event/RoguePicEventDLC_10.png"}, "195": {"id": "195", "name": "伟大谎言•其二", "type": "秘闻", "image": "image/simulated_event/RoguePicEventDLC_10.png"}, "196": {"id": "196", "name": "伟大谎言•其三", "type": "秘闻", "image": "image/simulated_event/RoguePicEventDLC_10.png"}, "197": {"id": "197", "name": "熄灭火焰•其一", "type": "秘闻", "image": "image/simulated_event/RoguePicEventDLC_10.png"}, "198": {"id": "198", "name": "熄灭火焰•其二", "type": "秘闻", "image": "image/simulated_event/RoguePicEventDLC_10.png"}, "199": {"id": "199", "name": "熄灭火焰•其三", "type": "秘闻", "image": "image/simulated_event/RoguePicEventDLC_10.png"}, "200": {"id": "200", "name": "天才与预言•其一", "type": "秘闻", "image": "image/simulated_event/RoguePicEventDLC_13.png"}, "201": {"id": "201", "name": "天才与预言•其二", "type": "秘闻", "image": "image/simulated_event/RoguePicEventDLC_13.png"}, "202": {"id": "202", "name": "未来学大会•其一", "type": "秘闻", "image": "image/simulated_event/RoguePicEventDLC_13.png"}, "203": {"id": "203", "name": "未来学大会•其二", "type": "秘闻", "image": "image/simulated_event/RoguePicEventDLC_13.png"}, "204": {"id": "204", "name": "未来学大会•其三", "type": "秘闻", "image": "image/simulated_event/RoguePicEventDLC_13.png"}, "205": {"id": "205", "name": "全能性破产•其一", "type": "秘闻", "image": "image/simulated_event/RoguePicEventDLC_13.png"}, "206": {"id": "206", "name": "全能性破产•其二", "type": "秘闻", "image": "image/simulated_event/RoguePicEventDLC_13.png"}, "207": {"id": "207", "name": "全能性破产•其三", "type": "秘闻", "image": "image/simulated_event/RoguePicEventDLC_13.png"}, "208": {"id": "208", "name": "反有机病毒•其一", "type": "秘闻", "image": "image/simulated_event/RoguePicEventDLC_13.png"}, "209": {"id": "209", "name": "反有机病毒•其二", "type": "秘闻", "image": "image/simulated_event/RoguePicEventDLC_13.png"}, "210": {"id": "210", "name": "反有机病毒•其三", "type": "秘闻", "image": "image/simulated_event/RoguePicEventDLC_13.png"}, "211": {"id": "211", "name": "伊斯梅尔游行•其一", "type": "秘闻", "image": "image/simulated_event/RoguePicEventDLC_13.png"}, "212": {"id": "212", "name": "伊斯梅尔游行•其二", "type": "秘闻", "image": "image/simulated_event/RoguePicEventDLC_13.png"}, "213": {"id": "213", "name": "伊斯梅尔游行•其三", "type": "秘闻", "image": "image/simulated_event/RoguePicEventDLC_13.png"}, "214": {"id": "214", "name": "崩塌的认知•其一", "type": "秘闻", "image": "image/simulated_event/RoguePicEventDLC_13.png"}, "215": {"id": "215", "name": "崩塌的认知•其二", "type": "秘闻", "image": "image/simulated_event/RoguePicEventDLC_13.png"}, "216": {"id": "216", "name": "崩塌的认知•其三", "type": "秘闻", "image": "image/simulated_event/RoguePicEventDLC_13.png"}, "217": {"id": "217", "name": "窥视高天者•其一", "type": "秘闻", "image": "image/simulated_event/RoguePicEventDLC_13.png"}, "218": {"id": "218", "name": "窥视高天者•其二", "type": "秘闻", "image": "image/simulated_event/RoguePicEventDLC_13.png"}, "219": {"id": "219", "name": "窥视高天者•其三", "type": "秘闻", "image": "image/simulated_event/RoguePicEventDLC_13.png"}, "220": {"id": "220", "name": "神所期待的", "type": "秘闻", "image": "image/simulated_event/RoguePicEventDLC_13.png"}, "221": {"id": "221", "name": "不可知域•其一", "type": "秘闻", "image": "image/simulated_event/RoguePicEventDLC_13.png"}, "222": {"id": "222", "name": "不可知域•其二", "type": "秘闻", "image": "image/simulated_event/RoguePicEventDLC_13.png"}, "223": {"id": "223", "name": "相对描摹者", "type": "方程", "image": "image/simulated_event/RoguePicEventTourn_01.png"}, "224": {"id": "224", "name": "抟星蠕虫", "type": "方程", "image": "image/simulated_event/RoguePicEventTourn_01.png"}, "225": {"id": "225", "name": "无心巨人", "type": "方程", "image": "image/simulated_event/RoguePicEventTourn_01.png"}, "226": {"id": "226", "name": "采药人", "type": "方程", "image": "image/simulated_event/RoguePicEventTourn_01.png"}, "398": {"id": "398", "name": "斯蒂芬•劳艾德的点子", "type": "事件", "image": "image/simulated_event/PicRogueEvent_Normal.png"}, "10000": {"id": "10000", "name": "休息区", "type": "休整", "image": "image/simulated_event/HoshinoKami_Herta.png"}, "10001": {"id": "10001", "name": "休息区", "type": "休整", "image": "image/simulated_event/HoshinoKami_Herta.png"}, "10002": {"id": "10002", "name": "休息区", "type": "休整", "image": "image/simulated_event/HoshinoKami_Herta.png"}, "10101": {"id": "10101", "name": "游牧矿工", "type": "事件", "image": "image/simulated_event/PicRogueEvent_Normal.png"}, "10201": {"id": "10201", "name": "虚构史学家", "type": "事件", "image": "image/simulated_event/PicRogueEvent_Historian.png"}, "10202": {"id": "10202", "name": "虚构史学家", "type": "事件", "image": "image/simulated_event/PicRogueEvent_Historian.png"}, "10301": {"id": "10301", "name": "杰姆•哈克与杰姆•哈尔", "type": "事件", "image": "image/simulated_event/PicRogueEvent_Normal.png"}, "10401": {"id": "10401", "name": "电视购物频道", "type": "事件", "image": "image/simulated_event/PicRogueEvent_Normal.png"}, "10501": {"id": "10501", "name": "焚化工", "type": "事件", "image": "image/simulated_event/PicRogueEvent_Normal.png"}, "10601": {"id": "10601", "name": "互动艺术", "type": "事件", "image": "image/simulated_event/PicRogueEvent_Normal.png"}, "10701": {"id": "10701", "name": "像素世界", "type": "事件", "image": "image/simulated_event/PicRogueEvent_Pixel.png"}, "10801": {"id": "10801", "name": "阿哈玩偶", "type": "事件", "image": "image/simulated_event/PicRogueEvent_Toy.png"}, "10901": {"id": "10901", "name": "谢债发行机", "type": "事件", "image": "image/simulated_event/PicRogueEvent_Bond.png"}, "10902": {"id": "10902", "name": "谢债发行机", "type": "事件", "image": "image/simulated_event/PicRogueEvent_Bond.png"}, "11001": {"id": "11001", "name": "雕像", "type": "事件", "image": "image/simulated_event/PicRogueEvent_Normal.png"}, "11101": {"id": "11101", "name": "虫巢", "type": "事件", "image": "image/simulated_event/PicRogueEvent_Normal.png"}, "11201": {"id": "11201", "name": "阮•梅", "type": "事件", "image": "image/simulated_event/PicRogueEvent_Bonus.png"}, "11301": {"id": "11301", "name": "三只小猪", "type": "事件", "image": "image/simulated_event/PicRogueEvent_ThreePig.png"}, "11401": {"id": "11401", "name": "无尽黑暗", "type": "事件", "image": "image/simulated_event/PicRogueEvent_Normal.png"}, "11501": {"id": "11501", "name": "筑城者", "type": "事件", "image": "image/simulated_event/PicRogueEvent_Normal.png"}, "11601": {"id": "11601", "name": "自灭者的火种", "type": "事件", "image": "image/simulated_event/PicRogueEvent_Normal.png"}, "11701": {"id": "11701", "name": "银河商人（其一）", "type": "事件", "image": "image/simulated_event/PicRogueEvent_profiteer.png"}, "11702": {"id": "11702", "name": "银河忽悠（其二）", "type": "事件", "image": "image/simulated_event/PicRogueEvent_profiteer.png"}, "11703": {"id": "11703", "name": "银河好人（其三）", "type": "事件", "image": "image/simulated_event/PicRogueEvent_profiteer.png"}, "11801": {"id": "11801", "name": "社会性梦境", "type": "事件", "image": "image/simulated_event/PicRogueEvent_Normal.png"}, "11901": {"id": "11901", "name": "萨里奥（其一）", "type": "事件", "image": "image/simulated_event/PicRogueEvent_Twin.png"}, "11902": {"id": "11902", "name": "萨里（其二）", "type": "事件", "image": "image/simulated_event/PicRogueEvent_Twin.png"}, "11903": {"id": "11903", "name": "里奥（其三）", "type": "事件", "image": "image/simulated_event/PicRogueEvent_Twin.png"}, "12001": {"id": "12001", "name": "赏金猎人", "type": "事件", "image": "image/simulated_event/PicRogueEvent_Normal.png"}, "12101": {"id": "12101", "name": "错误道具", "type": "事件", "image": "image/simulated_event/PicRogueEvent_Normal.png"}, "13301": {"id": "13301", "name": "我们是牛仔", "type": "事件", "image": "image/simulated_event/PicRogueEvent_Battle.png"}, "13302": {"id": "13302", "name": "我们是牛仔", "type": "事件", "image": "image/simulated_event/PicRogueEvent_Battle.png"}, "13401": {"id": "13401", "name": "猜拳游戏", "type": "事件", "image": "image/simulated_event/PicRogueEvent_Battle.png"}, "13402": {"id": "13402", "name": "猜拳游戏", "type": "事件", "image": "image/simulated_event/PicRogueEvent_Battle.png"}, "13501": {"id": "13501", "name": "尼尔迪斯牌", "type": "事件", "image": "image/simulated_event/PicRogueEvent_Normal.png"}, "13502": {"id": "13502", "name": "尼尔迪斯牌", "type": "事件", "image": "image/simulated_event/PicRogueEvent_Normal.png"}, "13503": {"id": "13503", "name": "尼尔迪斯牌", "type": "事件", "image": "image/simulated_event/PicRogueEvent_Normal.png"}, "13601": {"id": "13601", "name": "酒馆", "type": "遭遇", "image": "image/simulated_event/PicRogueEvent_Battle.png"}, "13602": {"id": "13602", "name": "酒馆", "type": "遭遇", "image": "image/simulated_event/PicRogueEvent_Battle.png"}, "13603": {"id": "13603", "name": "酒馆", "type": "遭遇", "image": "image/simulated_event/PicRogueEvent_Battle.png"}, "13701": {"id": "13701", "name": "周期性大魔王", "type": "遭遇", "image": "image/simulated_event/PicRogueEvent_Battle.png"}, "13702": {"id": "13702", "name": "周期性大魔王", "type": "遭遇", "image": "image/simulated_event/PicRogueEvent_Battle.png"}, "13703": {"id": "13703", "name": "周期性大魔王", "type": "遭遇", "image": "image/simulated_event/PicRogueEvent_Battle.png"}, "13704": {"id": "13704", "name": "周期性大魔王", "type": "遭遇", "image": "image/simulated_event/PicRogueEvent_Battle.png"}, "13705": {"id": "13705", "name": "周期性大魔王", "type": "遭遇", "image": "image/simulated_event/PicRogueEvent_Battle.png"}, "13801": {"id": "13801", "name": "来交换礼物吧", "type": "交易", "image": "image/simulated_event/PicRogueEvent_Trade.png"}, "13901": {"id": "13901", "name": "许个愿吧", "type": "交易", "image": "image/simulated_event/PicRogueEvent_Trade.png"}, "14001": {"id": "14001", "name": "机器人销售终端", "type": "交易", "image": "image/simulated_event/PicRogueEvent_Trade.png"}, "110003": {"id": "110003", "name": "黑塔奇物商店", "type": "交易", "image": "image/simulated_event/HoshinoKami_Herta.png"}, "110004": {"id": "110004", "name": "螺丝咕姆祝福商店", "type": "交易", "image": "image/simulated_event/HoshinoKami_Herta3.png"}, "110005": {"id": "110005", "name": "黑塔商店", "type": "交易", "image": "image/simulated_event/HoshinoKami_Herta.png"}, "110006": {"id": "110006", "name": "螺丝咕姆商店", "type": "交易", "image": "image/simulated_event/HoshinoKami_Herta3.png"}, "110101": {"id": "110101", "name": "游牧矿工", "type": "事件", "image": "image/simulated_event/PicRogueEvent_Normal.png"}, "110201": {"id": "110201", "name": "虚构史学家", "type": "事件", "image": "image/simulated_event/PicRogueEvent_Historian.png"}, "110301": {"id": "110301", "name": "杰姆•哈克与杰姆•哈尔", "type": "事件", "image": "image/simulated_event/PicRogueEvent_Normal.png"}, "110401": {"id": "110401", "name": "电视购物频道", "type": "事件", "image": "image/simulated_event/PicRogueEvent_Normal.png"}, "110501": {"id": "110501", "name": "焚化工", "type": "事件", "image": "image/simulated_event/PicRogueEvent_Normal.png"}, "110601": {"id": "110601", "name": "互动艺术", "type": "事件", "image": "image/simulated_event/PicRogueEvent_Normal.png"}, "110701": {"id": "110701", "name": "像素世界", "type": "事件", "image": "image/simulated_event/PicRogueEvent_Pixel.png"}, "110801": {"id": "110801", "name": "阿哈玩偶", "type": "事件", "image": "image/simulated_event/PicRogueEvent_Toy.png"}, "110901": {"id": "110901", "name": "谢债发行机", "type": "事件", "image": "image/simulated_event/PicRogueEvent_Bond.png"}, "111001": {"id": "111001", "name": "雕像", "type": "事件", "image": "image/simulated_event/PicRogueEvent_Normal.png"}, "111101": {"id": "111101", "name": "虫巢", "type": "事件", "image": "image/simulated_event/PicRogueEvent_Normal.png"}, "111201": {"id": "111201", "name": "阮•梅", "type": "事件", "image": "image/simulated_event/PicRogueEvent_Bonus.png"}, "111301": {"id": "111301", "name": "三只小猪", "type": "事件", "image": "image/simulated_event/PicRogueEvent_ThreePig.png"}, "111401": {"id": "111401", "name": "无尽黑暗", "type": "事件", "image": "image/simulated_event/PicRogueEvent_Normal.png"}, "111501": {"id": "111501", "name": "筑城者", "type": "事件", "image": "image/simulated_event/PicRogueEvent_Normal.png"}, "111601": {"id": "111601", "name": "自灭者的火种", "type": "事件", "image": "image/simulated_event/PicRogueEvent_Normal.png"}, "111701": {"id": "111701", "name": "银河商人（其一）", "type": "事件", "image": "image/simulated_event/PicRogueEvent_profiteer.png"}, "111702": {"id": "111702", "name": "银河忽悠（其二）", "type": "事件", "image": "image/simulated_event/PicRogueEvent_profiteer.png"}, "111703": {"id": "111703", "name": "银河好人（其三）", "type": "事件", "image": "image/simulated_event/PicRogueEvent_profiteer.png"}, "111801": {"id": "111801", "name": "社会性梦境", "type": "事件", "image": "image/simulated_event/PicRogueEvent_Normal.png"}, "111901": {"id": "111901", "name": "萨里奥（其一）", "type": "事件", "image": "image/simulated_event/PicRogueEvent_Twin.png"}, "111902": {"id": "111902", "name": "萨里（其二）", "type": "事件", "image": "image/simulated_event/PicRogueEvent_Twin.png"}, "111903": {"id": "111903", "name": "里奥（其三）", "type": "事件", "image": "image/simulated_event/PicRogueEvent_Twin.png"}, "112001": {"id": "112001", "name": "赏金猎人", "type": "事件", "image": "image/simulated_event/PicRogueEvent_Normal.png"}, "112101": {"id": "112101", "name": "错误道具", "type": "事件", "image": "image/simulated_event/PicRogueEvent_Normal.png"}, "112201": {"id": "112201", "name": "纯美骑士的帮助", "type": "事件", "image": "image/simulated_event/PicRogueEvent_1.png"}, "112301": {"id": "112301", "name": "天外大合唱", "type": "事件", "image": "image/simulated_event/PicRogueEvent_Normal.png"}, "112401": {"id": "112401", "name": "天才俱乐部#55余清涂", "type": "事件", "image": "image/simulated_event/PicRogueEvent_7.png"}, "112501": {"id": "112501", "name": "兽群•贪饕灾厄", "type": "事件", "image": "image/simulated_event/PicRogueEvent_3.png"}, "112601": {"id": "112601", "name": "奇物修理专家", "type": "事件", "image": "image/simulated_event/PicRogueEvent_Toy.png"}, "112701": {"id": "112701", "name": "伶人戏法", "type": "事件", "image": "image/simulated_event/PicRogueEvent_profiteer.png"}, "112801": {"id": "112801", "name": "双乐透体验", "type": "事件", "image": "image/simulated_event/PicRogueEvent_Bond.png"}, "112901": {"id": "112901", "name": "阮•梅（其二）", "type": "事件", "image": "image/simulated_event/PicRogueEvent_5.png"}, "113001": {"id": "113001", "name": "*完美*大挑战！", "type": "事件", "image": "image/simulated_event/PicRogueEvent_Toy.png"}, "113301": {"id": "113301", "name": "我们是牛仔", "type": "事件", "image": "image/simulated_event/PicRogueEvent_Battle.png"}, "113302": {"id": "113302", "name": "我们是牛仔", "type": "事件", "image": "image/simulated_event/PicRogueEvent_Battle.png"}, "113401": {"id": "113401", "name": "猜拳游戏", "type": "事件", "image": "image/simulated_event/PicRogueEvent_Battle.png"}, "113402": {"id": "113402", "name": "猜拳游戏", "type": "事件", "image": "image/simulated_event/PicRogueEvent_Battle.png"}, "113501": {"id": "113501", "name": "尼尔迪斯牌", "type": "事件", "image": "image/simulated_event/PicRogueEvent_Normal.png"}, "113502": {"id": "113502", "name": "尼尔迪斯牌", "type": "事件", "image": "image/simulated_event/PicRogueEvent_Normal.png"}, "113503": {"id": "113503", "name": "尼尔迪斯牌", "type": "事件", "image": "image/simulated_event/PicRogueEvent_Normal.png"}, "113601": {"id": "113601", "name": "酒馆", "type": "事件", "image": "image/simulated_event/PicRogueEvent_Battle.png"}, "113602": {"id": "113602", "name": "酒馆", "type": "事件", "image": "image/simulated_event/PicRogueEvent_Battle.png"}, "113603": {"id": "113603", "name": "酒馆", "type": "事件", "image": "image/simulated_event/PicRogueEvent_Battle.png"}, "113701": {"id": "113701", "name": "周期性大魔王", "type": "事件", "image": "image/simulated_event/PicRogueEvent_Battle.png"}, "113702": {"id": "113702", "name": "周期性大魔王", "type": "事件", "image": "image/simulated_event/PicRogueEvent_Battle.png"}, "113703": {"id": "113703", "name": "周期性大魔王", "type": "事件", "image": "image/simulated_event/PicRogueEvent_Battle.png"}, "113704": {"id": "113704", "name": "周期性大魔王", "type": "事件", "image": "image/simulated_event/PicRogueEvent_Battle.png"}, "113705": {"id": "113705", "name": "周期性大魔王", "type": "事件", "image": "image/simulated_event/PicRogueEvent_Battle.png"}, "113801": {"id": "113801", "name": "来交换礼物吧", "type": "事件", "image": "image/simulated_event/PicRogueEvent_Trade.png"}, "113901": {"id": "113901", "name": "许个愿吧", "type": "事件", "image": "image/simulated_event/PicRogueEvent_Trade.png"}, "114001": {"id": "114001", "name": "机器人销售终端", "type": "事件", "image": "image/simulated_event/PicRogueEvent_Trade.png"}, "114101": {"id": "114101", "name": "咕咕钟狂热粉丝（其一）", "type": "事件", "image": "image/simulated_event/PicRogueEvent_Twin.png"}, "114102": {"id": "114102", "name": "咕咕钟狂热粉丝（其二）", "type": "事件", "image": "image/simulated_event/PicRogueEvent_Twin.png"}, "114103": {"id": "114103", "name": "咕咕钟狂热粉丝（其三）", "type": "事件", "image": "image/simulated_event/PicRogueEvent_Twin.png"}, "114201": {"id": "114201", "name": "星际和平公司「升职记」（其一）", "type": "事件", "image": "image/simulated_event/PicRogueEvent_Bond.png"}, "114202": {"id": "114202", "name": "星际和平公司「升职记」（其二）", "type": "事件", "image": "image/simulated_event/PicRogueEvent_Bond.png"}, "114203": {"id": "114203", "name": "星际和平公司「升职记」（其三）", "type": "事件", "image": "image/simulated_event/PicRogueEvent_Bond.png"}, "114204": {"id": "114204", "name": "星际和平公司「升职记」（其四）", "type": "事件", "image": "image/simulated_event/PicRogueEvent_Bond.png"}, "114301": {"id": "114301", "name": "咔嚓——星际和平银行！（其一）", "type": "事件", "image": "image/simulated_event/PicRogueEvent_Bond.png"}, "114302": {"id": "114302", "name": "咔嚓——星际和平银行！（其二）", "type": "事件", "image": "image/simulated_event/PicRogueEvent_Bond.png"}, "114401": {"id": "114401", "name": "孤独，太空美虫，模拟宇宙（其一）", "type": "事件", "image": "image/simulated_event/PicRogueEvent_2.png"}, "114402": {"id": "114402", "name": "孤独，太空美虫，模拟宇宙（其二）", "type": "事件", "image": "image/simulated_event/PicRogueEvent_2.png"}, "114501": {"id": "114501", "name": "掏垃圾桶大师", "type": "事件", "image": "image/simulated_event/PicRogueEvent_Normal.png"}, "114601": {"id": "114601", "name": "「沙王 - 塔伊兹育罗斯」•其一", "type": "秘闻", "image": "image/simulated_event/RoguePicEventDLC_01.png"}, "114701": {"id": "114701", "name": "「沙王 - 塔伊兹育罗斯」•其二", "type": "秘闻", "image": "image/simulated_event/RoguePicEventDLC_01.png"}, "114801": {"id": "114801", "name": "「沙王 - 塔伊兹育罗斯」•其三", "type": "秘闻", "image": "image/simulated_event/RoguePicEventDLC_01.png"}, "114901": {"id": "114901", "name": "「沙王 - 塔伊兹育罗斯」•其四", "type": "秘闻", "image": "image/simulated_event/RoguePicEventDLC_01.png"}, "115001": {"id": "115001", "name": "「沙王 - 塔伊兹育罗斯」•其五", "type": "秘闻", "image": "image/simulated_event/RoguePicEventDLC_01.png"}, "115101": {"id": "115101", "name": "「沙王 - 塔伊兹育罗斯」•其六", "type": "秘闻", "image": "image/simulated_event/RoguePicEventDLC_01.png"}, "115201": {"id": "115201", "name": "「沙王 - 塔伊兹育罗斯」•其七", "type": "秘闻", "image": "image/simulated_event/RoguePicEventDLC_01.png"}, "115301": {"id": "115301", "name": "「沙王 - 塔伊兹育罗斯」•其八", "type": "秘闻", "image": "image/simulated_event/RoguePicEventDLC_01.png"}, "115401": {"id": "115401", "name": "「沙王 - 塔伊兹育罗斯」•其九", "type": "秘闻", "image": "image/simulated_event/RoguePicEventDLC_01.png"}, "115501": {"id": "115501", "name": "「蠹星系 - 屠杀纪」•其一", "type": "秘闻", "image": "image/simulated_event/RoguePicEventDLC_02.png"}, "115601": {"id": "115601", "name": "「蠹星系 - 屠杀纪」•其二", "type": "秘闻", "image": "image/simulated_event/RoguePicEventDLC_02.png"}, "115701": {"id": "115701", "name": "「蠹星系 - 屠杀纪」•其三", "type": "秘闻", "image": "image/simulated_event/RoguePicEventDLC_02.png"}, "115801": {"id": "115801", "name": "「蠹星系 - 屠杀纪」•其四", "type": "秘闻", "image": "image/simulated_event/RoguePicEventDLC_02.png"}, "115901": {"id": "115901", "name": "「蠹星系 - 屠杀纪」•其五", "type": "秘闻", "image": "image/simulated_event/RoguePicEventDLC_02.png"}, "116001": {"id": "116001", "name": "「蠹星系 - 屠杀纪」•其六", "type": "秘闻", "image": "image/simulated_event/RoguePicEventDLC_02.png"}, "116101": {"id": "116101", "name": "「赏金猎人 - 洗猎纪」•其一", "type": "秘闻", "image": "image/simulated_event/RoguePicEventDLC_02.png"}, "116201": {"id": "116201", "name": "「赏金猎人 - 洗猎纪」•其二", "type": "秘闻", "image": "image/simulated_event/RoguePicEventDLC_02.png"}, "116301": {"id": "116301", "name": "「赏金猎人 - 洗猎纪」•其三", "type": "秘闻", "image": "image/simulated_event/RoguePicEventDLC_02.png"}, "116401": {"id": "116401", "name": "「赏金猎人 - 洗猎纪」•其四", "type": "秘闻", "image": "image/simulated_event/RoguePicEventDLC_02.png"}, "116501": {"id": "116501", "name": "「赏金猎人 - 洗猎纪」•其五", "type": "秘闻", "image": "image/simulated_event/RoguePicEventDLC_02.png"}, "116601": {"id": "116601", "name": "「赏金猎人 - 洗猎纪」•其六", "type": "秘闻", "image": "image/simulated_event/RoguePicEventDLC_02.png"}, "116701": {"id": "116701", "name": "「凶与虫 - 诸星消亡史」•其一", "type": "秘闻", "image": "image/simulated_event/RoguePicEventDLC_03.png"}, "116801": {"id": "116801", "name": "「凶与虫 - 诸星消亡史」•其二", "type": "秘闻", "image": "image/simulated_event/RoguePicEventDLC_03.png"}, "116901": {"id": "116901", "name": "「凶与虫 - 诸星消亡史」•其三", "type": "秘闻", "image": "image/simulated_event/RoguePicEventDLC_03.png"}, "117001": {"id": "117001", "name": "「凶与虫 - 诸星消亡史」•其四", "type": "秘闻", "image": "image/simulated_event/RoguePicEventDLC_03.png"}, "117101": {"id": "117101", "name": "「凶与虫 - 诸星消亡史」•其五", "type": "秘闻", "image": "image/simulated_event/RoguePicEventDLC_03.png"}, "117201": {"id": "117201", "name": "「凶与虫 - 诸星消亡史」•其六", "type": "秘闻", "image": "image/simulated_event/RoguePicEventDLC_03.png"}, "117301": {"id": "117301", "name": "「天才俱乐部 - 普通实验」•其一", "type": "秘闻", "image": "image/simulated_event/RoguePicEventDLC_01.png"}, "117401": {"id": "117401", "name": "「天才俱乐部 - 普通实验」•其二", "type": "秘闻", "image": "image/simulated_event/RoguePicEventDLC_01.png"}, "117501": {"id": "117501", "name": "「天才俱乐部 - 普通实验」•其三", "type": "秘闻", "image": "image/simulated_event/RoguePicEventDLC_01.png"}, "117601": {"id": "117601", "name": "「贡多拉 - 去帮助神！」•其一", "type": "秘闻", "image": "image/simulated_event/RoguePicEventDLC_05.png"}, "117701": {"id": "117701", "name": "「贡多拉 - 去帮助神！」•其二", "type": "秘闻", "image": "image/simulated_event/RoguePicEventDLC_05.png"}, "117801": {"id": "117801", "name": "「贡多拉 - 去帮助神！」•其三", "type": "秘闻", "image": "image/simulated_event/RoguePicEventDLC_05.png"}, "117901": {"id": "117901", "name": "「贡多拉 - 去帮助神！」•其四", "type": "秘闻", "image": "image/simulated_event/RoguePicEventDLC_05.png"}, "118001": {"id": "118001", "name": "「贡多拉 - 去帮助神！」•其五", "type": "秘闻", "image": "image/simulated_event/RoguePicEventDLC_05.png"}, "118101": {"id": "118101", "name": "「贡多拉 - 去帮助神！」•其六", "type": "秘闻", "image": "image/simulated_event/RoguePicEventDLC_05.png"}, "118201": {"id": "118201", "name": "「天外合唱班 - 异象纪」•其一", "type": "秘闻", "image": "image/simulated_event/RoguePicEventDLC_04.png"}, "118301": {"id": "118301", "name": "「天外合唱班 - 异象纪」•其二", "type": "秘闻", "image": "image/simulated_event/RoguePicEventDLC_04.png"}, "118401": {"id": "118401", "name": "「天外合唱班 - 异象纪」•其三", "type": "秘闻", "image": "image/simulated_event/RoguePicEventDLC_04.png"}, "118501": {"id": "118501", "name": "「筑城者 - 修筑纪」•其一", "type": "秘闻", "image": "image/simulated_event/RoguePicEventDLC_06.png"}, "118601": {"id": "118601", "name": "「筑城者 - 修筑纪」•其二", "type": "秘闻", "image": "image/simulated_event/RoguePicEventDLC_06.png"}, "118701": {"id": "118701", "name": "「筑城者 - 修筑纪」•其三", "type": "秘闻", "image": "image/simulated_event/RoguePicEventDLC_06.png"}, "118801": {"id": "118801", "name": "虫潮•沉睡领主（一级卫戍）", "type": "虫群", "image": "image/simulated_event/PicRogueEvent_4.png"}, "118802": {"id": "118802", "name": "虫潮•沉睡领主（二级卫戍）", "type": "虫群", "image": "image/simulated_event/PicRogueEvent_4.png"}, "118803": {"id": "118803", "name": "虫潮•沉睡领主（三级卫戍）", "type": "虫群", "image": "image/simulated_event/PicRogueEvent_4.png"}, "118901": {"id": "118901", "name": "繁育•沉睡领主（一级卫戍）", "type": "虫群", "image": "image/simulated_event/PicRogueEvent_4.png"}, "118902": {"id": "118902", "name": "繁育•沉睡领主（二级卫戍）", "type": "虫群", "image": "image/simulated_event/PicRogueEvent_4.png"}, "118903": {"id": "118903", "name": "繁育•沉睡领主（三级卫戍）", "type": "虫群", "image": "image/simulated_event/PicRogueEvent_4.png"}, "119001": {"id": "119001", "name": "虫潮•虫巢探险（一级卫戍）", "type": "虫群", "image": "image/simulated_event/PicRogueEvent_4.png"}, "119002": {"id": "119002", "name": "虫潮•虫巢探险（二级卫戍）", "type": "虫群", "image": "image/simulated_event/PicRogueEvent_4.png"}, "119003": {"id": "119003", "name": "虫潮•虫巢探险（三级卫戍）", "type": "虫群", "image": "image/simulated_event/PicRogueEvent_4.png"}, "119101": {"id": "119101", "name": "繁育•虫巢探险（一级卫戍）", "type": "虫群", "image": "image/simulated_event/PicRogueEvent_4.png"}, "119102": {"id": "119102", "name": "繁育•虫巢探险（二级卫戍）", "type": "虫群", "image": "image/simulated_event/PicRogueEvent_4.png"}, "119201": {"id": "119201", "name": "虫潮•区域脑体（一级卫戍）", "type": "虫群", "image": "image/simulated_event/PicRogueEvent_4.png"}, "119202": {"id": "119202", "name": "虫潮•区域脑体（二级卫戍）", "type": "虫群", "image": "image/simulated_event/PicRogueEvent_4.png"}, "119203": {"id": "119203", "name": "虫潮•区域脑体（三级卫戍）", "type": "虫群", "image": "image/simulated_event/PicRogueEvent_4.png"}, "119301": {"id": "119301", "name": "寰宇舞者的启示", "type": "事件", "image": "image/simulated_event/PicRogueEvent_profiteer.png"}, "119401": {"id": "119401", "name": "像素世界•隐藏关", "type": "事件", "image": "image/simulated_event/PicRogueEvent_Pixel.png"}, "119501": {"id": "119501", "name": "超验之镜", "type": "事件", "image": "image/simulated_event/PicRogueEvent_Normal.png"}, "119502": {"id": "119502", "name": "超验之镜", "type": "事件", "image": "image/simulated_event/PicRogueEvent_Normal.png"}, "119503": {"id": "119503", "name": "超验之镜", "type": "事件", "image": "image/simulated_event/PicRogueEvent_Normal.png"}, "119504": {"id": "119504", "name": "超验之镜", "type": "事件", "image": "image/simulated_event/PicRogueEvent_Normal.png"}, "219701": {"id": "219701", "name": "阮•梅（无尽版）", "type": "事件", "image": "image/simulated_event/PicRogueEvent_Bonus.png"}, "320101": {"id": "320101", "name": "机械城「认知理发馆」- 机械咕母", "type": "事件", "image": "image/simulated_event/PicRogueEvent_10.png"}, "320201": {"id": "320201", "name": "机械城「认知理发馆」- 博识学会", "type": "事件", "image": "image/simulated_event/PicRogueEvent_8.png"}, "320301": {"id": "320301", "name": "机械城「认知理发馆」- 天才俱乐部", "type": "事件", "image": "image/simulated_event/PicRogueEvent_9.png"}, "320401": {"id": "320401", "name": "奇物黑客", "type": "事件", "image": "image/simulated_event/PicRogueEvent_Normal.png"}, "320501": {"id": "320501", "name": "火漆制造机", "type": "事件", "image": "image/simulated_event/PicRogueEvent_Normal.png"}, "320601": {"id": "320601", "name": "星际和平投资机器", "type": "事件", "image": "image/simulated_event/PicRogueEvent_Bond.png"}, "320701": {"id": "320701", "name": "星际和平机械分部商城（其一）", "type": "事件", "image": "image/simulated_event/PicRogueEvent_Bond.png"}, "320801": {"id": "320801", "name": "星际和平机械分部商城（其二）", "type": "事件", "image": "image/simulated_event/PicRogueEvent_Bond.png"}, "320901": {"id": "320901", "name": "作弊代码（其一）", "type": "事件", "image": "image/simulated_event/PicRogueEvent_Normal.png"}, "320902": {"id": "320902", "name": "作弊代码（其二）", "type": "事件", "image": "image/simulated_event/PicRogueEvent_Normal.png"}, "410101": {"id": "410101", "name": "游牧矿工", "type": "事件", "image": "image/simulated_event/PicRogueEvent_Normal.png"}, "410201": {"id": "410201", "name": "虚构史学家", "type": "事件", "image": "image/simulated_event/PicRogueEvent_Historian.png"}, "410301": {"id": "410301", "name": "杰姆•哈克与杰姆•哈尔", "type": "事件", "image": "image/simulated_event/PicRogueEvent_Normal.png"}, "410401": {"id": "410401", "name": "电视购物频道", "type": "事件", "image": "image/simulated_event/PicRogueEvent_Normal.png"}, "410501": {"id": "410501", "name": "焚化工", "type": "事件", "image": "image/simulated_event/PicRogueEvent_Normal.png"}, "410601": {"id": "410601", "name": "互动艺术", "type": "事件", "image": "image/simulated_event/PicRogueEvent_Normal.png"}, "410701": {"id": "410701", "name": "像素世界", "type": "事件", "image": "image/simulated_event/PicRogueEvent_Pixel.png"}, "410801": {"id": "410801", "name": "阿哈玩偶", "type": "事件", "image": "image/simulated_event/PicRogueEvent_Toy.png"}, "410901": {"id": "410901", "name": "谢债发行机", "type": "事件", "image": "image/simulated_event/PicRogueEvent_Bond.png"}, "411001": {"id": "411001", "name": "雕像", "type": "事件", "image": "image/simulated_event/PicRogueEvent_Normal.png"}, "411101": {"id": "411101", "name": "虫巢", "type": "事件", "image": "image/simulated_event/PicRogueEvent_Normal.png"}, "411201": {"id": "411201", "name": "阮•梅", "type": "事件", "image": "image/simulated_event/PicRogueEvent_Bonus.png"}, "411301": {"id": "411301", "name": "三只小猪", "type": "事件", "image": "image/simulated_event/PicRogueEvent_ThreePig.png"}, "411401": {"id": "411401", "name": "无尽黑暗", "type": "事件", "image": "image/simulated_event/PicRogueEvent_Normal.png"}, "411501": {"id": "411501", "name": "筑城者", "type": "事件", "image": "image/simulated_event/PicRogueEvent_Normal.png"}, "411601": {"id": "411601", "name": "自灭者的火种", "type": "事件", "image": "image/simulated_event/PicRogueEvent_Normal.png"}, "411701": {"id": "411701", "name": "银河商人（其一）", "type": "事件", "image": "image/simulated_event/PicRogueEvent_profiteer.png"}, "411702": {"id": "411702", "name": "银河忽悠（其二）", "type": "事件", "image": "image/simulated_event/PicRogueEvent_profiteer.png"}, "411703": {"id": "411703", "name": "银河好人（其三）", "type": "事件", "image": "image/simulated_event/PicRogueEvent_profiteer.png"}, "411801": {"id": "411801", "name": "社会性梦境", "type": "事件", "image": "image/simulated_event/PicRogueEvent_Normal.png"}, "411901": {"id": "411901", "name": "萨里奥（其一）", "type": "事件", "image": "image/simulated_event/PicRogueEvent_Twin.png"}, "411902": {"id": "411902", "name": "萨里（其二）", "type": "事件", "image": "image/simulated_event/PicRogueEvent_Twin.png"}, "411903": {"id": "411903", "name": "里奥（其三）", "type": "事件", "image": "image/simulated_event/PicRogueEvent_Twin.png"}, "412001": {"id": "412001", "name": "赏金猎人", "type": "事件", "image": "image/simulated_event/PicRogueEvent_Normal.png"}, "412201": {"id": "412201", "name": "纯美骑士的帮助", "type": "事件", "image": "image/simulated_event/PicRogueEvent_1.png"}, "412301": {"id": "412301", "name": "天外大合唱", "type": "事件", "image": "image/simulated_event/PicRogueEvent_Normal.png"}, "412401": {"id": "412401", "name": "天才俱乐部#55余清涂", "type": "事件", "image": "image/simulated_event/PicRogueEvent_7.png"}, "412501": {"id": "412501", "name": "兽群•贪饕灾厄", "type": "事件", "image": "image/simulated_event/PicRogueEvent_3.png"}, "412601": {"id": "412601", "name": "奇物修理专家", "type": "事件", "image": "image/simulated_event/PicRogueEvent_Toy.png"}, "412701": {"id": "412701", "name": "伶人戏法", "type": "事件", "image": "image/simulated_event/PicRogueEvent_profiteer.png"}, "412801": {"id": "412801", "name": "双乐透体验", "type": "事件", "image": "image/simulated_event/PicRogueEvent_Bond.png"}, "412901": {"id": "412901", "name": "阮•梅（其二）", "type": "事件", "image": "image/simulated_event/PicRogueEvent_5.png"}, "413001": {"id": "413001", "name": "*完美*大挑战！", "type": "事件", "image": "image/simulated_event/PicRogueEvent_Toy.png"}, "413301": {"id": "413301", "name": "我们是牛仔", "type": "事件", "image": "image/simulated_event/PicRogueEvent_Battle.png"}, "413401": {"id": "413401", "name": "猜拳游戏", "type": "事件", "image": "image/simulated_event/PicRogueEvent_Battle.png"}, "413501": {"id": "413501", "name": "尼尔迪斯牌", "type": "事件", "image": "image/simulated_event/PicRogueEvent_Normal.png"}, "413601": {"id": "413601", "name": "酒馆", "type": "事件", "image": "image/simulated_event/PicRogueEvent_Battle.png"}, "413701": {"id": "413701", "name": "周期性大魔王", "type": "事件", "image": "image/simulated_event/PicRogueEvent_Battle.png"}, "413801": {"id": "413801", "name": "来交换礼物吧", "type": "事件", "image": "image/simulated_event/PicRogueEvent_Trade.png"}, "413901": {"id": "413901", "name": "许个愿吧", "type": "事件", "image": "image/simulated_event/PicRogueEvent_Trade.png"}, "414001": {"id": "414001", "name": "机器人销售终端", "type": "事件", "image": "image/simulated_event/PicRogueEvent_Trade.png"}, "414101": {"id": "414101", "name": "咕咕钟狂热粉丝（其一）", "type": "事件", "image": "image/simulated_event/PicRogueEvent_Twin.png"}, "414102": {"id": "414102", "name": "咕咕钟狂热粉丝（其二）", "type": "事件", "image": "image/simulated_event/PicRogueEvent_Twin.png"}, "414103": {"id": "414103", "name": "咕咕钟狂热粉丝（其三）", "type": "事件", "image": "image/simulated_event/PicRogueEvent_Twin.png"}, "414201": {"id": "414201", "name": "星际和平公司「升职记」（其一）", "type": "事件", "image": "image/simulated_event/PicRogueEvent_Bond.png"}, "414202": {"id": "414202", "name": "星际和平公司「升职记」（其二）", "type": "事件", "image": "image/simulated_event/PicRogueEvent_Bond.png"}, "414203": {"id": "414203", "name": "星际和平公司「升职记」（其三）", "type": "事件", "image": "image/simulated_event/PicRogueEvent_Bond.png"}, "414204": {"id": "414204", "name": "星际和平公司「升职记」（其四）", "type": "事件", "image": "image/simulated_event/PicRogueEvent_Bond.png"}, "414301": {"id": "414301", "name": "咔嚓——星际和平银行！（其一）", "type": "事件", "image": "image/simulated_event/PicRogueEvent_Bond.png"}, "414302": {"id": "414302", "name": "咔嚓——星际和平银行！（其二）", "type": "事件", "image": "image/simulated_event/PicRogueEvent_Bond.png"}, "414401": {"id": "414401", "name": "孤独，太空美虫，模拟宇宙（其一）", "type": "事件", "image": "image/simulated_event/PicRogueEvent_2.png"}, "414402": {"id": "414402", "name": "孤独，太空美虫，模拟宇宙（其二）", "type": "事件", "image": "image/simulated_event/PicRogueEvent_2.png"}, "414501": {"id": "414501", "name": "掏垃圾桶大师", "type": "事件", "image": "image/simulated_event/PicRogueEvent_Normal.png"}, "418801": {"id": "418801", "name": "虫潮•沉睡领主（一级卫戍）", "type": "事件", "image": "image/simulated_event/PicRogueEvent_4.png"}, "418802": {"id": "418802", "name": "虫潮•沉睡领主（二级卫戍）", "type": "事件", "image": "image/simulated_event/PicRogueEvent_4.png"}, "418803": {"id": "418803", "name": "虫潮•沉睡领主（三级卫戍）", "type": "事件", "image": "image/simulated_event/PicRogueEvent_4.png"}, "419001": {"id": "419001", "name": "虫潮•虫巢探险（一级卫戍）", "type": "事件", "image": "image/simulated_event/PicRogueEvent_4.png"}, "419002": {"id": "419002", "name": "虫潮•虫巢探险（二级卫戍）", "type": "事件", "image": "image/simulated_event/PicRogueEvent_4.png"}, "419003": {"id": "419003", "name": "虫潮•虫巢探险（三级卫戍）", "type": "事件", "image": "image/simulated_event/PicRogueEvent_4.png"}, "419201": {"id": "419201", "name": "虫潮•区域脑体（一级卫戍）", "type": "事件", "image": "image/simulated_event/PicRogueEvent_4.png"}, "419202": {"id": "419202", "name": "虫潮•区域脑体（二级卫戍）", "type": "事件", "image": "image/simulated_event/PicRogueEvent_4.png"}, "419203": {"id": "419203", "name": "虫潮•区域脑体（三级卫戍）", "type": "事件", "image": "image/simulated_event/PicRogueEvent_4.png"}, "419301": {"id": "419301", "name": "寰宇舞者的启示", "type": "事件", "image": "image/simulated_event/PicRogueEvent_profiteer.png"}, "419401": {"id": "419401", "name": "像素世界•隐藏关", "type": "事件", "image": "image/simulated_event/PicRogueEvent_Pixel.png"}, "419501": {"id": "419501", "name": "超验之镜", "type": "事件", "image": "image/simulated_event/PicRogueEvent_Normal.png"}, "420101": {"id": "420101", "name": "机械城「认知理发馆」- 机械咕母", "type": "事件", "image": "image/simulated_event/PicRogueEvent_10.png"}, "420201": {"id": "420201", "name": "机械城「认知理发馆」- 博识学会", "type": "事件", "image": "image/simulated_event/PicRogueEvent_8.png"}, "420301": {"id": "420301", "name": "机械城「认知理发馆」- 天才俱乐部", "type": "事件", "image": "image/simulated_event/PicRogueEvent_9.png"}, "420401": {"id": "420401", "name": "奇物黑客", "type": "事件", "image": "image/simulated_event/PicRogueEvent_Normal.png"}, "420501": {"id": "420501", "name": "火漆制造机", "type": "事件", "image": "image/simulated_event/PicRogueEvent_Normal.png"}, "420601": {"id": "420601", "name": "星际和平投资机器", "type": "事件", "image": "image/simulated_event/PicRogueEvent_Bond.png"}, "420701": {"id": "420701", "name": "星际和平机械分部商城（其一）", "type": "事件", "image": "image/simulated_event/PicRogueEvent_Bond.png"}, "420801": {"id": "420801", "name": "星际和平机械分部商城（其二）", "type": "事件", "image": "image/simulated_event/PicRogueEvent_Bond.png"}, "420901": {"id": "420901", "name": "作弊代码（其一）", "type": "事件", "image": "image/simulated_event/PicRogueEvent_Normal.png"}, "420902": {"id": "420902", "name": "作弊代码（其二）", "type": "事件", "image": "image/simulated_event/PicRogueEvent_Normal.png"}, "421001": {"id": "421001", "name": "危险投喂", "type": "事件", "image": "image/simulated_event/PicRogueEvent_13.png"}, "421101": {"id": "421101", "name": "归来的岁阳", "type": "事件", "image": "image/simulated_event/PicRogueEvent_14.png"}, "421201": {"id": "421201", "name": "厨王争霸", "type": "事件", "image": "image/simulated_event/PicRogueEvent_15.png"}, "421301": {"id": "421301", "name": "三进制战争", "type": "事件", "image": "image/simulated_event/PicRogueEvent_16.png"}, "421401": {"id": "421401", "name": "和谐比赛", "type": "事件", "image": "image/simulated_event/PicRogueEvent_18.png"}, "421501": {"id": "421501", "name": "帝国遗产", "type": "事件", "image": "image/simulated_event/PicRogueEvent_12.png"}, "421601": {"id": "421601", "name": "占卜", "type": "事件", "image": "image/simulated_event/PicRogueEvent_11.png"}, "421701": {"id": "421701", "name": "阮•梅（其三）", "type": "事件", "image": "image/simulated_event/PicRogueEvent_17.png"}, "421801": {"id": "421801", "name": "语义不符", "type": "事件", "image": "image/simulated_event/PicRogueEvent_Battle.png"}, "421901": {"id": "421901", "name": "菠萝面包", "type": "事件", "image": "image/simulated_event/PicRogueEvent_19.png"}, "422001": {"id": "422001", "name": "像你这样的苍猿", "type": "事件", "image": "image/simulated_event/PicRogueEvent_21.png"}, "422101": {"id": "422101", "name": "垃圾交响曲", "type": "事件", "image": "image/simulated_event/PicRogueEvent_20.png"}, "422201": {"id": "422201", "name": "垂钓仪式", "type": "事件", "image": "image/simulated_event/PicRogueEvent_22.png"}, "422301": {"id": "422301", "name": "熔岩", "type": "事件", "image": "image/simulated_event/PicRogueEvent_18.png"}, "422401": {"id": "422401", "name": "特别优惠", "type": "事件", "image": "image/simulated_event/PicRogueEvent_18.png"}, "422501": {"id": "422501", "name": "金属生活", "type": "事件", "image": "image/simulated_event/PicRogueEvent_Normal.png"}, "422601": {"id": "422601", "name": "一抹色彩", "type": "事件", "image": "image/simulated_event/PicRogueEvent_profiteer.png"}, "422701": {"id": "422701", "name": "造物单元", "type": "事件", "image": "image/simulated_event/PicRogueEvent_Bond.png"}, "422801": {"id": "422801", "name": "时间银行（其一）", "type": "事件", "image": "image/simulated_event/PicRogueEvent_Trade.png"}, "422811": {"id": "422811", "name": "时间银行（其二）", "type": "事件", "image": "image/simulated_event/PicRogueEvent_Trade.png"}, "423001": {"id": "423001", "name": "红色诱惑", "type": "事件", "image": "image/simulated_event/PicRogueEvent_18.png"}, "423101": {"id": "423101", "name": "选择困难（其一）", "type": "事件", "image": "image/simulated_event/PicRogueEvent_Twin.png"}, "423102": {"id": "423102", "name": "选择困难（其二）", "type": "事件", "image": "image/simulated_event/PicRogueEvent_Twin.png"}, "423501": {"id": "423501", "name": "跳蚤市场", "type": "事件", "image": "image/simulated_event/PicRogueEvent_22.png"}, "423601": {"id": "423601", "name": "联名产品", "type": "事件", "image": "image/simulated_event/PicRogueEvent_Toy.png"}, "424201": {"id": "424201", "name": "销售蓝海", "type": "事件", "image": "image/simulated_event/PicRogueEvent_18.png"}, "424301": {"id": "424301", "name": "多数派报告", "type": "事件", "image": "image/simulated_event/PicRogueEvent_Twin.png"}, "424401": {"id": "424401", "name": "妙笔生花", "type": "事件", "image": "image/simulated_event/PicRogueEvent_29.png"}, "424501": {"id": "424501", "name": "缄默之殿", "type": "事件", "image": "image/simulated_event/PicRogueEvent_27.png"}, "424601": {"id": "424601", "name": "假未来", "type": "事件", "image": "image/simulated_event/PicRogueEvent_11.png"}, "424701": {"id": "424701", "name": "骇客与水手", "type": "事件", "image": "image/simulated_event/PicRogueEvent_28.png"}, "424801": {"id": "424801", "name": "商店街一番战", "type": "事件", "image": "image/simulated_event/PicRogueEvent_29.png"}, "424901": {"id": "424901", "name": "人生如菜（其一）", "type": "事件", "image": "image/simulated_event/PicRogueEvent_30.png"}, "424902": {"id": "424902", "name": "人生如菜（其二）", "type": "事件", "image": "image/simulated_event/PicRogueEvent_30.png"}, "424903": {"id": "424903", "name": "人生如菜（其三）", "type": "事件", "image": "image/simulated_event/PicRogueEvent_30.png"}, "510004": {"id": "510004", "name": "斯蒂芬", "type": "事件", "image": "image/simulated_event/HoshinoKami_Herta4.png"}, "510005": {"id": "510005", "name": "阮•梅", "type": "事件", "image": "image/simulated_event/HoshinoKami_Herta2.png"}, "519401": {"id": "519401", "name": "像素世界•隐藏关", "type": "事件", "image": "image/simulated_event/PicRogueEvent_Pixel.png"}, "523801": {"id": "523801", "name": "速度与引擎", "type": "事件", "image": "image/simulated_event/PicRogueEvent_25.png"}, "523901": {"id": "523901", "name": "培养皿", "type": "事件", "image": "image/simulated_event/PicRogueEvent_23.png"}, "524001": {"id": "524001", "name": "修补匠（其一）", "type": "事件", "image": "image/simulated_event/PicRogueEvent_24.png"}, "524002": {"id": "524002", "name": "修补匠（其二）", "type": "事件", "image": "image/simulated_event/PicRogueEvent_24.png"}, "524101": {"id": "524101", "name": "愚人船", "type": "事件", "image": "image/simulated_event/PicRogueEvent_26.png"}}