{"1": {"id": "1", "name": "空白", "desc": "空白区域，在这个区域中不会发生任何事件。", "icon": "icon/block/SceneNaviRogueDlcEmptyIcon.png", "color": "#ffffffd9"}, "2": {"id": "2", "name": "休整", "desc": "休整区域，在这个区域中可以进行祝福强化、角色下载与角色重置。", "icon": "icon/block/SceneNaviRogueIntensifyIcon.png", "color": "#80e5edff"}, "3": {"id": "3", "name": "战斗", "desc": "战斗区域，在这个区域中战胜敌人可以获得祝福。", "icon": "icon/block/SceneNaviRogueFoeIcon.png", "color": "#ffffffd9"}, "4": {"id": "4", "name": "战斗•虫群", "desc": "特殊战斗区域，在这个区域中战胜虫群敌人可以获得「繁育」祝福。", "icon": "icon/block/SceneNaviRogueDlcFoeEliteIcon.png", "color": "#c979ffff"}, "5": {"id": "5", "name": "精英", "desc": "精英区域，在这个区域中战胜精英敌人有机会获得1个1-3星祝福。", "icon": "icon/block/SceneNaviRogueFoeEliteIcon.png", "color": "#ffffffd9"}, "6": {"id": "6", "name": "冒险", "desc": "冒险区域，在这个区域中完成各种挑战可以获得奖励。", "icon": "icon/block/SceneNaviRogueDlcGameIcon.png", "color": "#f3dbb5ff"}, "7": {"id": "7", "name": "奖励", "desc": "奖励区域，在这个区域中可以通过选择获得不同的奖励。", "icon": "icon/block/SceneNaviRogueDlcRewardIcon.png", "color": "#f3dbb5ff"}, "8": {"id": "8", "name": "事件", "desc": "事件区域，在这个区域中可以通过选择达成不同的结果。", "icon": "icon/block/SceneNaviRogueRandomIcon.png", "color": "#ffffffd9"}, "9": {"id": "9", "name": "事件•虫群", "desc": "特殊事件区域，在这个区域中做的选择会提高虫群警戒值。虫群警戒值越高，这个区域中的事件会变得更危险。", "icon": "icon/block/SceneNaviRogueDlcRandomIcon.png", "color": "#c979ffff"}, "11": {"id": "11", "name": "首领", "desc": "首领区域，在这个区域中战胜首领可以通关本位面。", "icon": "icon/block/SceneNaviRogueBossIcon.png", "color": "#ffffffff"}, "12": {"id": "12", "name": "首领•虫群", "desc": "特殊首领区域，在这个区域中战胜虫群•真蛰虫（完整）可以通关本次模拟宇宙。", "icon": "icon/block/SceneNaviRogueDlcBossIcon.png", "color": "#ffffffff"}, "13": {"id": "13", "name": "交易", "desc": "交易区域，在这个区域中可以消耗宇宙碎片购买祝福和奇物。", "icon": "icon/block/SceneNaviRogueDealIcon.png", "color": "#80e5edff"}, "14": {"id": "14", "name": "", "desc": ""}, "15": {"id": "15", "name": "首领", "desc": "首领区域，在这个区域中战胜首领可以通关本位面。", "icon": "icon/block/SceneNaviRogueNousDlcBossIcon.png", "color": "#ffffffff"}, "16": {"id": "16", "name": "自我认知", "desc": "特殊事件区域，在这个区域中可以调整自我认知的数值，从而前往不同的秘闻。", "icon": "icon/block/SceneNaviRogueNousEventIcon.png", "color": "#83ffd3"}, "17": {"id": "17", "name": "事件•异常", "desc": "特殊事件区域，在这个区域中会更容易遇到风险较大的事件。", "icon": "icon/block/SceneNaviRogueNousSpEventIcon.png", "color": "#c979ff"}}