[
  {
    "Id": 0,
    "Order": 1,
    "Name": "天地万象",
    "Icon": "UI_AchievementIcon_O001"
  },
  {
    "Id": 17,
    "Order": 2,
    "Name": "心跳的记忆",
    "Icon": "UI_AchievementIcon_E001"
  },
  {
    "Id": 1,
    "Order": 3,
    "Name": "尘世巡游·第一辑",
    "FinishReward": {
      "Id": 210021,
      "Count": 1
    },
    "Icon": "UI_AchievementIcon_A001"
  },
  {
    "Id": 22,
    "Order": 4,
    "Name": "尘世巡游·第二辑",
    "FinishReward": {
      "Id": 210087,
      "Count": 1
    },
    "Icon": "UI_AchievementIcon_A001_Part2"
  },
  {
    "Id": 32,
    "Order": 5,
    "Name": "尘世巡游·第三辑",
    "FinishReward": {
      "Id": 210128,
      "Count": 1
    },
    "Icon": "UI_AchievementIcon_A001_Part3"
  },
  {
    "Id": 43,
    "Order": 6,
    "Name": "尘世巡游·第四辑",
    "FinishReward": {
      "Id": 210170,
      "Count": 1
    },
    "Icon": "UI_AchievementIcon_A001_Part4"
  },
  {
    "Id": 57,
    "Order": 7,
    "Name": "尘世巡游·第五辑",
    "FinishReward": {
      "Id": 210229,
      "Count": 1
    },
    "Icon": "UI_AchievementIcon_A001_Part5"
  },
  {
    "Id": 2,
    "Order": 8,
    "Name": "冒险手艺",
    "FinishReward": {
      "Id": 210022,
      "Count": 1
    },
    "Icon": "UI_AchievementIcon_A002"
  },
  {
    "Id": 3,
    "Order": 9,
    "Name": "英雄之旅",
    "FinishReward": {
      "Id": 210023,
      "Count": 1
    },
    "Icon": "UI_AchievementIcon_A003"
  },
  {
    "Id": 4,
    "Order": 10,
    "Name": "蒙德·风与牧歌的城邦",
    "FinishReward": {
      "Id": 210024,
      "Count": 1
    },
    "Icon": "UI_AchievementIcon_A004"
  },
  {
    "Id": 5,
    "Order": 11,
    "Name": "璃月·岩与契约的海港",
    "FinishReward": {
      "Id": 210025,
      "Count": 1
    },
    "Icon": "UI_AchievementIcon_A005"
  },
  {
    "Id": 6,
    "Order": 12,
    "Name": "元素专家·第一辑",
    "FinishReward": {
      "Id": 210026,
      "Count": 1
    },
    "Icon": "UI_AchievementIcon_B001"
  },
  {
    "Id": 36,
    "Order": 13,
    "Name": "元素专家·第二辑",
    "FinishReward": {
      "Id": 210137,
      "Count": 1
    },
    "Icon": "UI_AchievementIcon_B001_Part2"
  },
  {
    "Id": 7,
    "Order": 14,
    "Name": "神射手",
    "FinishReward": {
      "Id": 210027,
      "Count": 1
    },
    "Icon": "UI_AchievementIcon_B002"
  },
  {
    "Id": 8,
    "Order": 15,
    "Name": "挑战者·第一辑",
    "FinishReward": {
      "Id": 210028,
      "Count": 1
    },
    "Icon": "UI_AchievementIcon_B004"
  },
  {
    "Id": 14,
    "Order": 16,
    "Name": "挑战者·第二辑",
    "FinishReward": {
      "Id": 210041,
      "Count": 1
    },
    "Icon": "UI_AchievementIcon_B004_Part2"
  },
  {
    "Id": 15,
    "Order": 17,
    "Name": "挑战者·第三辑",
    "FinishReward": {
      "Id": 210051,
      "Count": 1
    },
    "Icon": "UI_AchievementIcon_B004_Part3"
  },
  {
    "Id": 20,
    "Order": 18,
    "Name": "挑战者·第四辑",
    "FinishReward": {
      "Id": 210088,
      "Count": 1
    },
    "Icon": "UI_AchievementIcon_B004_Part4"
  },
  {
    "Id": 29,
    "Order": 19,
    "Name": "挑战者·第五辑",
    "FinishReward": {
      "Id": 210116,
      "Count": 1
    },
    "Icon": "UI_AchievementIcon_B004_Part5"
  },
  {
    "Id": 34,
    "Order": 20,
    "Name": "挑战者·第六辑",
    "FinishReward": {
      "Id": 210139,
      "Count": 1
    },
    "Icon": "UI_AchievementIcon_B004_Part6"
  },
  {
    "Id": 39,
    "Order": 21,
    "Name": "挑战者·第七辑",
    "FinishReward": {
      "Id": 210158,
      "Count": 1
    },
    "Icon": "UI_AchievementIcon_B004_Part7"
  },
  {
    "Id": 40,
    "Order": 22,
    "Name": "挑战者·第八辑",
    "FinishReward": {
      "Id": 210178,
      "Count": 1
    },
    "Icon": "UI_AchievementIcon_B004_Part8"
  },
  {
    "Id": 49,
    "Order": 23,
    "Name": "挑战者·第九辑",
    "FinishReward": {
      "Id": 210197,
      "Count": 1
    },
    "Icon": "UI_AchievementIcon_B004_Part9"
  },
  {
    "Id": 59,
    "Order": 24,
    "Name": "挑战者·第十辑",
    "FinishReward": {
      "Id": 210230,
      "Count": 1
    },
    "Icon": "UI_AchievementIcon_B004_Part10"
  },
  {
    "Id": 9,
    "Order": 25,
    "Name": "秘境与深境螺旋·第一辑",
    "FinishReward": {
      "Id": 210029,
      "Count": 1
    },
    "Icon": "UI_AchievementIcon_B005"
  },
  {
    "Id": 10,
    "Order": 26,
    "Name": "Olah！第一辑",
    "FinishReward": {
      "Id": 210030,
      "Count": 1
    },
    "Icon": "UI_AchievementIcon_C001"
  },
  {
    "Id": 11,
    "Order": 27,
    "Name": "至冬国不相信眼泪·第一辑",
    "FinishReward": {
      "Id": 210031,
      "Count": 1
    },
    "Icon": "UI_AchievementIcon_C002"
  },
  {
    "Id": 12,
    "Order": 28,
    "Name": "岩港往事·第一辑",
    "FinishReward": {
      "Id": 210032,
      "Count": 1
    },
    "Icon": "UI_AchievementIcon_C003"
  },
  {
    "Id": 13,
    "Order": 29,
    "Name": "异世相逢·第一辑",
    "FinishReward": {
      "Id": 210033,
      "Count": 1
    },
    "Icon": "UI_AchievementIcon_D001"
  },
  {
    "Id": 21,
    "Order": 30,
    "Name": "异世相逢·第二辑",
    "FinishReward": {
      "Id": 210086,
      "Count": 1
    },
    "Icon": "UI_AchievementIcon_D001_Part2"
  },
  {
    "Id": 33,
    "Order": 31,
    "Name": "异世相逢·第三辑",
    "FinishReward": {
      "Id": 210129,
      "Count": 1
    },
    "Icon": "UI_AchievementIcon_D001_Part3"
  },
  {
    "Id": 44,
    "Order": 32,
    "Name": "异世相逢·第四辑",
    "FinishReward": {
      "Id": 210169,
      "Count": 1
    },
    "Icon": "UI_AchievementIcon_D001_Part4"
  },
  {
    "Id": 53,
    "Order": 33,
    "Name": "异世相逢·第五辑",
    "FinishReward": {
      "Id": 210213,
      "Count": 1
    },
    "Icon": "UI_AchievementIcon_D001_Part5"
  },
  {
    "Id": 16,
    "Order": 34,
    "Name": "雪山上的来客",
    "FinishReward": {
      "Id": 210052,
      "Count": 1
    },
    "Icon": "UI_AchievementIcon_A006"
  },
  {
    "Id": 18,
    "Order": 35,
    "Name": "世外洞天·第一辑",
    "FinishReward": {
      "Id": 210072,
      "Count": 1
    },
    "Icon": "UI_AchievementIcon_A007"
  },
  {
    "Id": 19,
    "Order": 36,
    "Name": "世外洞天·第二辑",
    "FinishReward": {
      "Id": 210075,
      "Count": 1
    },
    "Icon": "UI_AchievementIcon_A007_Part2"
  },
  {
    "Id": 23,
    "Order": 37,
    "Name": "世外洞天·第三辑",
    "FinishReward": {
      "Id": 210089,
      "Count": 1
    },
    "Icon": "UI_AchievementIcon_A007_Part3"
  },
  {
    "Id": 24,
    "Order": 38,
    "Name": "稻妻·雷与永恒的群岛·其之一",
    "FinishReward": {
      "Id": 210090,
      "Count": 1
    },
    "Icon": "UI_AchievementIcon_A008"
  },
  {
    "Id": 26,
    "Order": 39,
    "Name": "稻妻·雷与永恒的群岛·其之二",
    "FinishReward": {
      "Id": 210097,
      "Count": 1
    },
    "Icon": "UI_AchievementIcon_A008_Part2"
  },
  {
    "Id": 27,
    "Order": 40,
    "Name": "雾海纪行",
    "FinishReward": {
      "Id": 210103,
      "Count": 1
    },
    "Icon": "UI_AchievementIcon_A008_Part3"
  },
  {
    "Id": 25,
    "Order": 41,
    "Name": "提瓦特钓鱼指南·第一辑",
    "FinishReward": {
      "Id": 210098,
      "Count": 1
    },
    "Icon": "UI_AchievementIcon_A009"
  },
  {
    "Id": 28,
    "Order": 42,
    "Name": "白昼之光",
    "FinishReward": {
      "Id": 210109,
      "Count": 1
    },
    "Icon": "UI_AchievementIcon_A010"
  },
  {
    "Id": 30,
    "Order": 43,
    "Name": "岩窟流明",
    "FinishReward": {
      "Id": 210117,
      "Count": 1
    },
    "Icon": "UI_AchievementIcon_A011"
  },
  {
    "Id": 31,
    "Order": 44,
    "Name": "须弥·玄识深藏的雨林",
    "FinishReward": {
      "Id": 210130,
      "Count": 1
    },
    "Icon": "UI_AchievementIcon_A012"
  },
  {
    "Id": 35,
    "Order": 45,
    "Name": "须弥·饰金砂原·其之一",
    "FinishReward": {
      "Id": 210138,
      "Count": 1
    },
    "Icon": "UI_AchievementIcon_A013"
  },
  {
    "Id": 38,
    "Order": 46,
    "Name": "须弥·饰金砂原·其之二",
    "FinishReward": {
      "Id": 210151,
      "Count": 1
    },
    "Icon": "UI_AchievementIcon_A013_Part2"
  },
  {
    "Id": 37,
    "Order": 47,
    "Name": "七圣召唤",
    "FinishReward": {
      "Id": 210145,
      "Count": 1
    },
    "Icon": "UI_AchievementIcon_A014"
  },
  {
    "Id": 41,
    "Order": 48,
    "Name": "佑灵砾漠",
    "FinishReward": {
      "Id": 210157,
      "Count": 1
    },
    "Icon": "UI_AchievementIcon_A015"
  },
  {
    "Id": 42,
    "Order": 49,
    "Name": "枫丹·白露澈明的泉舞·其之一",
    "FinishReward": {
      "Id": 210168,
      "Count": 1
    },
    "Icon": "UI_AchievementIcon_A016"
  },
  {
    "Id": 45,
    "Order": 50,
    "Name": "枫丹·白露澈明的泉舞·其之二",
    "FinishReward": {
      "Id": 210179,
      "Count": 1
    },
    "Icon": "UI_AchievementIcon_A016_Part2"
  },
  {
    "Id": 46,
    "Order": 51,
    "Name": "枫丹·白露澈明的泉舞·其之三",
    "FinishReward": {
      "Id": 210182,
      "Count": 1
    },
    "Icon": "UI_AchievementIcon_A016_Part3"
  },
  {
    "Id": 47,
    "Order": 52,
    "Name": "沉玉成辉",
    "FinishReward": {
      "Id": 210189,
      "Count": 1
    },
    "Icon": "UI_AchievementIcon_A017"
  },
  {
    "Id": 48,
    "Order": 53,
    "Name": "古海狂诗",
    "FinishReward": {
      "Id": 210196,
      "Count": 1
    },
    "Icon": "UI_AchievementIcon_A018"
  },
  {
    "Id": 50,
    "Order": 54,
    "Name": "幻想真境剧诗·第一辑",
    "FinishReward": {
      "Id": 210203,
      "Count": 1
    },
    "Icon": "UI_AchievementIcon_B006"
  },
  {
    "Id": 52,
    "Order": 55,
    "Name": "幻想真境剧诗·第二辑",
    "FinishReward": {
      "Id": 210214,
      "Count": 1
    },
    "Icon": "UI_AchievementIcon_B006_Part2"
  },
  {
    "Id": 51,
    "Order": 56,
    "Name": "纳塔·火与竞逐的盟地·其之一",
    "FinishReward": {
      "Id": 210215,
      "Count": 1
    },
    "Icon": "UI_AchievementIcon_A019"
  },
  {
    "Id": 55,
    "Order": 57,
    "Name": "纳塔·火与竞逐的盟地·其之二",
    "FinishReward": {
      "Id": 210223,
      "Count": 1
    },
    "Icon": "UI_AchievementIcon_A019_Part2"
  },
  {
    "Id": 54,
    "Order": 58,
    "Name": "对决者·第一辑",
    "FinishReward": {
      "Id": 210216,
      "Count": 1
    },
    "Icon": "UI_AchievementIcon_B007"
  },
  {
    "Id": 56,
    "Order": 59,
    "Name": "对决者·第二辑",
    "FinishReward": {
      "Id": 210224,
      "Count": 1
    },
    "Icon": "UI_AchievementIcon_B007_Part2"
  },
  {
    "Id": 58,
    "Order": 60,
    "Name": "千音雅集",
    "FinishReward": {
      "Id": 210231,
      "Count": 1
    },
    "Icon": "UI_AchievementIcon_A020"
  }
]