[
  {
    "Id": 1001,
    "Category": 1,
    "Name": "装潢",
    "Name2": "墙面",
    "TabIcon": "UI_HomeWorldTabIcon_2_Wall",
    "SceneType": 0,
    "BagPageOnly": false,
    "IsShowInBag": true,
    "Sort": 1010
  },
  {
    "Id": 1002,
    "Category": 1,
    "Name": "装潢",
    "Name2": "地板",
    "TabIcon": "UI_HomeWorldTabIcon_2_Floor",
    "SceneType": 0,
    "BagPageOnly": false,
    "IsShowInBag": true,
    "Sort": 1020
  },
  {
    "Id": 1003,
    "Category": 1,
    "Name": "装潢",
    "Name2": "天花板",
    "TabIcon": "UI_HomeWorldTabIcon_2_Ceiling",
    "SceneType": 0,
    "BagPageOnly": false,
    "IsShowInBag": true,
    "Sort": 1030
  },
  {
    "Id": 1004,
    "Category": 1,
    "Name": "装潢",
    "Name2": "吊灯",
    "TabIcon": "UI_HomeWorldTabIcon_2_Droplight",
    "SceneType": 0,
    "BagPageOnly": false,
    "IsShowInBag": true,
    "Sort": 1040
  },
  {
    "Id": 1005,
    "Category": 1,
    "Name": "装潢",
    "Name2": "房门",
    "TabIcon": "UI_HomeWorldTabIcon_2_Door",
    "SceneType": 0,
    "BagPageOnly": false,
    "IsShowInBag": true,
    "Sort": 1050
  },
  {
    "Id": 1006,
    "Category": 1,
    "Name": "装潢",
    "Name2": "楼梯",
    "TabIcon": "UI_HomeWorldTabIcon_2_Stair",
    "SceneType": 0,
    "BagPageOnly": false,
    "IsShowInBag": true,
    "Sort": 1060
  },
  {
    "Id": 3001,
    "Category": 2,
    "Name": "大型摆设",
    "Name2": "柜子",
    "TabIcon": "UI_HomeWorldTabIcon_2_Cabinet",
    "SceneType": 0,
    "BagPageOnly": false,
    "IsShowInBag": true,
    "Sort": 2010
  },
  {
    "Id": 3002,
    "Category": 2,
    "Name": "大型摆设",
    "Name2": "书柜",
    "TabIcon": "UI_HomeWorldTabIcon_2_Bookcase",
    "SceneType": 0,
    "BagPageOnly": false,
    "IsShowInBag": true,
    "Sort": 2020
  },
  {
    "Id": 3003,
    "Category": 2,
    "Name": "大型摆设",
    "Name2": "桌子",
    "TabIcon": "UI_HomeWorldTabIcon_2_Table",
    "SceneType": 0,
    "BagPageOnly": false,
    "IsShowInBag": true,
    "Sort": 2030
  },
  {
    "Id": 3005,
    "Category": 2,
    "Name": "大型摆设",
    "Name2": "柜台",
    "TabIcon": "UI_HomeWorldTabIcon_2_Counter",
    "SceneType": 0,
    "BagPageOnly": false,
    "IsShowInBag": true,
    "Sort": 2040
  },
  {
    "Id": 3006,
    "Category": 2,
    "Name": "大型摆设",
    "Name2": "床",
    "TabIcon": "UI_HomeWorldTabIcon_2_Bed",
    "SceneType": 0,
    "BagPageOnly": false,
    "IsShowInBag": true,
    "Sort": 2050
  },
  {
    "Id": 3007,
    "Category": 2,
    "Name": "大型摆设",
    "Name2": "鱼缸",
    "TabIcon": "UI_HomeWorldTabIcon_2_Fishtank",
    "SceneType": 0,
    "BagPageOnly": false,
    "IsShowInBag": true,
    "Sort": 2060
  },
  {
    "Id": 4001,
    "Category": 3,
    "Name": "小型摆设",
    "Name2": "椅子",
    "TabIcon": "UI_HomeWorldTabIcon_2_Chair",
    "SceneType": 0,
    "BagPageOnly": false,
    "IsShowInBag": true,
    "Sort": 3010
  },
  {
    "Id": 4002,
    "Category": 3,
    "Name": "小型摆设",
    "Name2": "饰品",
    "TabIcon": "UI_HomeWorldTabIcon_2_Decorate",
    "SceneType": 0,
    "BagPageOnly": false,
    "IsShowInBag": true,
    "Sort": 3020
  },
  {
    "Id": 4003,
    "Category": 3,
    "Name": "小型摆设",
    "Name2": "工艺品",
    "TabIcon": "UI_HomeWorldTabIcon_2_Crafts",
    "SceneType": 0,
    "BagPageOnly": false,
    "IsShowInBag": true,
    "Sort": 3030
  },
  {
    "Id": 4004,
    "Category": 3,
    "Name": "小型摆设",
    "Name2": "地毯",
    "TabIcon": "UI_HomeWorldTabIcon_2_Carpet",
    "SceneType": 0,
    "BagPageOnly": false,
    "IsShowInBag": true,
    "Sort": 3040
  },
  {
    "Id": 11003,
    "Category": 4,
    "Name": "摆件",
    "Name2": "灯具",
    "TabIcon": "UI_HomeWorldTabIcon_2_Lamp",
    "SceneType": 0,
    "BagPageOnly": false,
    "IsShowInBag": true,
    "Sort": 4010
  },
  {
    "Id": 11001,
    "Category": 4,
    "Name": "摆件",
    "Name2": "盆景",
    "TabIcon": "UI_HomeWorldTabIcon_2_Plants",
    "SceneType": 0,
    "BagPageOnly": false,
    "IsShowInBag": true,
    "Sort": 4020
  },
  {
    "Id": 11002,
    "Category": 4,
    "Name": "摆件",
    "Name2": "器物",
    "TabIcon": "UI_HomeWorldTabIcon_2_Tabletop",
    "SceneType": 0,
    "BagPageOnly": false,
    "IsShowInBag": true,
    "Sort": 4030
  },
  {
    "Id": 11004,
    "Category": 4,
    "Name": "摆件",
    "Name2": "纪念品",
    "TabIcon": "UI_HomeWorldTabIcon_2_Accessories",
    "SceneType": 0,
    "BagPageOnly": false,
    "IsShowInBag": true,
    "Sort": 4040
  },
  {
    "Id": 5003,
    "Category": 5,
    "Name": "墙饰",
    "Name2": "字画",
    "TabIcon": "UI_HomeWorldTabIcon_2_Paintings",
    "SceneType": 0,
    "BagPageOnly": false,
    "IsShowInBag": true,
    "Sort": 5010
  },
  {
    "Id": 5005,
    "Category": 5,
    "Name": "墙饰",
    "Name2": "挂饰",
    "TabIcon": "UI_HomeWorldTabIcon_2_Hangings",
    "SceneType": 0,
    "BagPageOnly": false,
    "IsShowInBag": true,
    "Sort": 5020
  },
  {
    "Id": 5006,
    "Category": 5,
    "Name": "墙饰",
    "Name2": "画框",
    "TabIcon": "UI_HomeWorldTabIcon_2_Photo",
    "SceneType": 0,
    "BagPageOnly": false,
    "IsShowInBag": true,
    "Sort": 5030
  },
  {
    "Id": 6002,
    "Category": 6,
    "Name": "庭院",
    "Name2": "院墙",
    "TabIcon": "UI_HomeWorldTabIcon_2_Wall",
    "SceneType": 1,
    "BagPageOnly": false,
    "IsShowInBag": true,
    "Sort": 6010
  },
  {
    "Id": 6003,
    "Category": 6,
    "Name": "庭院",
    "Name2": "大型饰品",
    "TabIcon": "UI_HomeWorldTabIcon_2_Largedecoration",
    "SceneType": 1,
    "BagPageOnly": false,
    "IsShowInBag": true,
    "Sort": 6020
  },
  {
    "Id": 13002,
    "Category": 7,
    "Name": "建筑",
    "Name2": "蒙德风格",
    "TabIcon": "UI_HomeWorldTabIcon_2_Europeanhouse",
    "SceneType": 1,
    "BagPageOnly": false,
    "IsShowInBag": true,
    "Sort": 7010
  },
  {
    "Id": 13001,
    "Category": 7,
    "Name": "建筑",
    "Name2": "璃月风格",
    "TabIcon": "UI_HomeWorldTabIcon_2_Chinesehouse",
    "SceneType": 1,
    "BagPageOnly": false,
    "IsShowInBag": true,
    "Sort": 7020
  },
  {
    "Id": 13004,
    "Category": 7,
    "Name": "建筑",
    "Name2": "稻妻风格",
    "TabIcon": "UI_HomeWorldTabIcon_2_Daoqi",
    "SceneType": 1,
    "BagPageOnly": false,
    "IsShowInBag": true,
    "Sort": 7030
  },
  {
    "Id": 13005,
    "Category": 7,
    "Name": "建筑",
    "Name2": "须弥风格",
    "TabIcon": "UI_HomeWorldTabIcon_2_Xumi",
    "SceneType": 1,
    "BagPageOnly": false,
    "IsShowInBag": true,
    "Sort": 7040
  },
  {
    "Id": 13006,
    "Category": 7,
    "Name": "建筑",
    "Name2": "枫丹风格",
    "TabIcon": "UI_HomeWorldTabIcon_2_Fengdan",
    "SceneType": 1,
    "BagPageOnly": false,
    "IsShowInBag": true,
    "Sort": 7050
  },
  {
    "Id": 13007,
    "Category": 7,
    "Name": "建筑",
    "Name2": "纳塔风格",
    "TabIcon": "UI_HomeWorldTabIcon_2_Natlan",
    "SceneType": 1,
    "BagPageOnly": false,
    "IsShowInBag": true,
    "Sort": 7060
  },
  {
    "Id": 13003,
    "Category": 7,
    "Name": "建筑",
    "Name2": "丘丘风格",
    "TabIcon": "UI_HomeWorldTabIcon_2_Monsterhouse",
    "SceneType": 1,
    "BagPageOnly": false,
    "IsShowInBag": true,
    "Sort": 7210
  },
  {
    "Id": 6005,
    "Category": 7,
    "Name": "建筑",
    "Name2": "商户风格",
    "TabIcon": "UI_HomeWorldTabIcon_2_Store",
    "SceneType": 1,
    "BagPageOnly": false,
    "IsShowInBag": true,
    "Sort": 7220
  },
  {
    "Id": 6006,
    "Category": 7,
    "Name": "建筑",
    "Name2": "自由摊位",
    "TabIcon": "UI_HomeWorldTabIcon_2_Stall",
    "SceneType": 1,
    "BagPageOnly": false,
    "IsShowInBag": true,
    "Sort": 7230
  },
  {
    "Id": 10001,
    "Category": 8,
    "Name": "地貌",
    "Name2": "山体",
    "TabIcon": "UI_HomeWorldTabIcon_2_Mountain",
    "SceneType": 1,
    "BagPageOnly": false,
    "IsShowInBag": true,
    "Sort": 8010
  },
  {
    "Id": 10002,
    "Category": 8,
    "Name": "地貌",
    "Name2": "岩石",
    "TabIcon": "UI_HomeWorldTabIcon_2_Stone",
    "SceneType": 1,
    "BagPageOnly": false,
    "IsShowInBag": true,
    "Sort": 8020
  },
  {
    "Id": 10003,
    "Category": 8,
    "Name": "地貌",
    "Name2": "乔木",
    "TabIcon": "UI_HomeWorldTabIcon_2_Tree",
    "SceneType": 1,
    "BagPageOnly": false,
    "IsShowInBag": true,
    "Sort": 8030
  },
  {
    "Id": 10004,
    "Category": 8,
    "Name": "地貌",
    "Name2": "大型灌木",
    "TabIcon": "UI_HomeWorldTabIcon_2_Shrub",
    "SceneType": 1,
    "BagPageOnly": false,
    "IsShowInBag": true,
    "Sort": 8040
  },
  {
    "Id": 10007,
    "Category": 8,
    "Name": "地貌",
    "Name2": "小型灌木",
    "TabIcon": "UI_HomeWorldTabIcon_2_Smashrub",
    "SceneType": 1,
    "BagPageOnly": false,
    "IsShowInBag": true,
    "Sort": 8050
  },
  {
    "Id": 10005,
    "Category": 8,
    "Name": "地貌",
    "Name2": "田亩",
    "TabIcon": "UI_HomeWorldTabIcon_2_Field",
    "SceneType": 1,
    "BagPageOnly": false,
    "IsShowInBag": true,
    "Sort": 8060
  },
  {
    "Id": 10006,
    "Category": 8,
    "Name": "地貌",
    "Name2": "浮空平台",
    "TabIcon": "UI_HomeWorldTabIcon_2_StoneSky",
    "SceneType": 1,
    "BagPageOnly": false,
    "IsShowInBag": true,
    "Sort": 8070
  },
  {
    "Id": 7014,
    "Category": 9,
    "Name": "景观",
    "Name2": "大型物件",
    "TabIcon": "UI_HomeWorldTabIcon_2_Bigitems",
    "SceneType": 1,
    "BagPageOnly": false,
    "IsShowInBag": true,
    "Sort": 9010
  },
  {
    "Id": 7001,
    "Category": 9,
    "Name": "景观",
    "Name2": "小型物件",
    "TabIcon": "UI_HomeWorldTabIcon_2_Items",
    "SceneType": 1,
    "BagPageOnly": false,
    "IsShowInBag": true,
    "Sort": 9020
  },
  {
    "Id": 7003,
    "Category": 9,
    "Name": "景观",
    "Name2": "花坛",
    "TabIcon": "UI_HomeWorldTabIcon_2_Flowerbed",
    "SceneType": 1,
    "BagPageOnly": false,
    "IsShowInBag": true,
    "Sort": 9030
  },
  {
    "Id": 7005,
    "Category": 9,
    "Name": "景观",
    "Name2": "饰品",
    "TabIcon": "UI_HomeWorldTabIcon_2_Decorate",
    "SceneType": 1,
    "BagPageOnly": false,
    "IsShowInBag": true,
    "Sort": 9040
  },
  {
    "Id": 7015,
    "Category": 9,
    "Name": "景观",
    "Name2": "特别物件",
    "TabIcon": "UI_HomeWorldTabIcon_2_Special",
    "SceneType": 1,
    "BagPageOnly": false,
    "IsShowInBag": true,
    "Sort": 9050
  },
  {
    "Id": 7016,
    "Category": 9,
    "Name": "景观",
    "Name2": "洞天机关",
    "TabIcon": "UI_HomeWorldTabIcon_2_Organ",
    "SceneType": 1,
    "BagPageOnly": false,
    "IsShowInBag": true,
    "Sort": 9060
  },
  {
    "Id": 7008,
    "Category": 9,
    "Name": "景观",
    "Name2": "灯具",
    "TabIcon": "UI_HomeWorldTabIcon_2_Streetlight",
    "SceneType": 1,
    "BagPageOnly": false,
    "IsShowInBag": true,
    "Sort": 9070
  },
  {
    "Id": 7011,
    "Category": 9,
    "Name": "景观",
    "Name2": "奇物",
    "TabIcon": "UI_HomeWorldTabIcon_2_Group",
    "SceneType": 1,
    "BagPageOnly": false,
    "IsShowInBag": true,
    "Sort": 9080
  },
  {
    "Id": 8001,
    "Category": 10,
    "Name": "同伴",
    "Name2": "同伴",
    "TabIcon": "UI_HomeWorldTabIcon_2_Character",
    "SceneType": 1,
    "BagPageOnly": false,
    "IsShowInBag": false,
    "Sort": 10010
  },
  {
    "Id": 8002,
    "Category": 10,
    "Name": "同伴",
    "Name2": "同伴",
    "TabIcon": "UI_HomeWorldTabIcon_2_Character",
    "SceneType": 0,
    "BagPageOnly": false,
    "IsShowInBag": false,
    "Sort": 10010
  },
  {
    "Id": 8003,
    "Category": 10,
    "Name": "同伴",
    "Name2": "最好的伙伴！",
    "TabIcon": "UI_HomeWorldTabIcon_2_Paimon",
    "SceneType": 1,
    "BagPageOnly": false,
    "IsShowInBag": false,
    "Sort": 10020
  },
  {
    "Id": 8004,
    "Category": 10,
    "Name": "同伴",
    "Name2": "最好的伙伴！",
    "TabIcon": "UI_HomeWorldTabIcon_2_Paimon",
    "SceneType": 0,
    "BagPageOnly": false,
    "IsShowInBag": false,
    "Sort": 10020
  },
  {
    "Id": 9001,
    "Category": 16,
    "Name": "动物",
    "Name2": "室内动物",
    "TabIcon": "UI_HomeWorldTabIcon_2_Animals",
    "SceneType": 0,
    "BagPageOnly": false,
    "IsShowInBag": true,
    "Sort": 11010
  },
  {
    "Id": 9002,
    "Category": 11,
    "Name": "动物",
    "Name2": "室外动物",
    "TabIcon": "UI_HomeWorldTabIcon_2_Animals",
    "SceneType": 1,
    "BagPageOnly": false,
    "IsShowInBag": true,
    "Sort": 11010
  },
  {
    "Id": 12001,
    "Category": 12,
    "Name": "主要建筑",
    "Name2": "宅邸",
    "TabIcon": "UI_HomeWorldTabIcon_2_Mainbuilding",
    "SceneType": 1,
    "BagPageOnly": false,
    "IsShowInBag": true,
    "Sort": 12010
  },
  {
    "Id": 7006,
    "Category": 13,
    "Name": "室外摆设",
    "Name2": "围栏",
    "TabIcon": "UI_HomeWorldTabIcon_2_Enclosure",
    "SceneType": 1,
    "BagPageOnly": false,
    "IsShowInBag": true,
    "Sort": 13010
  },
  {
    "Id": 7007,
    "Category": 13,
    "Name": "室外摆设",
    "Name2": "椅子",
    "TabIcon": "UI_HomeWorldTabIcon_2_Chair",
    "SceneType": 1,
    "BagPageOnly": false,
    "IsShowInBag": true,
    "Sort": 13020
  },
  {
    "Id": 7002,
    "Category": 13,
    "Name": "室外摆设",
    "Name2": "桌子",
    "TabIcon": "UI_HomeWorldTabIcon_2_Table",
    "SceneType": 1,
    "BagPageOnly": false,
    "IsShowInBag": true,
    "Sort": 13030
  },
  {
    "Id": 7004,
    "Category": 13,
    "Name": "室外摆设",
    "Name2": "柜子",
    "TabIcon": "UI_HomeWorldTabIcon_2_Cabinet",
    "SceneType": 1,
    "BagPageOnly": false,
    "IsShowInBag": true,
    "Sort": 13040
  },
  {
    "Id": 7009,
    "Category": 13,
    "Name": "室外摆设",
    "Name2": "传送点",
    "TabIcon": "UI_HomeWorldTabIcon_2_Teleport",
    "SceneType": 1,
    "BagPageOnly": false,
    "IsShowInBag": true,
    "Sort": 13050
  },
  {
    "Id": 7010,
    "Category": 13,
    "Name": "室外摆设",
    "Name2": "鱼池",
    "TabIcon": "UI_HomeWorldTabIcon_2_Fish",
    "SceneType": 1,
    "BagPageOnly": false,
    "IsShowInBag": true,
    "Sort": 13060
  },
  {
    "Id": 7012,
    "Category": 13,
    "Name": "室外摆设",
    "Name2": "地面",
    "TabIcon": "UI_HomeWorldTabIcon_2_Road",
    "SceneType": 1,
    "BagPageOnly": false,
    "IsShowInBag": true,
    "Sort": 13070
  },
  {
    "Id": 7013,
    "Category": 13,
    "Name": "室外摆设",
    "Name2": "摆设组合",
    "TabIcon": "UI_HomeWorldTabIcon_2_Team",
    "SceneType": 1,
    "BagPageOnly": false,
    "IsShowInBag": true,
    "Sort": 13080
  },
  {
    "Id": 771,
    "Category": 14,
    "Name": "室外套装",
    "Name2": "套装",
    "TabIcon": "UI_HomeWorldTabIcon_2_Suit",
    "SceneType": 1,
    "BagPageOnly": false,
    "IsShowInBag": false,
    "Sort": 14010
  },
  {
    "Id": 772,
    "Category": 14,
    "Name": "室外套装",
    "Name2": "赠礼套装",
    "TabIcon": "UI_HomeWorldTabIcon_2_Suit2",
    "SceneType": 1,
    "BagPageOnly": false,
    "IsShowInBag": false,
    "Sort": 14020
  },
  {
    "Id": 671,
    "Category": 15,
    "Name": "室内套装",
    "Name2": "套装",
    "TabIcon": "UI_HomeWorldTabIcon_2_Suit",
    "SceneType": 0,
    "BagPageOnly": false,
    "IsShowInBag": false,
    "Sort": 14010
  },
  {
    "Id": 672,
    "Category": 15,
    "Name": "室内套装",
    "Name2": "赠礼套装",
    "TabIcon": "UI_HomeWorldTabIcon_2_Suit2",
    "SceneType": 0,
    "BagPageOnly": false,
    "IsShowInBag": false,
    "Sort": 14020
  },
  {
    "Id": 14008,
    "Category": 16,
    "Name": "动物",
    "Name2": "室内观赏鱼",
    "TabIcon": "",
    "SceneType": 0,
    "BagPageOnly": true,
    "IsShowInBag": true,
    "Sort": 11110
  },
  {
    "Id": 14001,
    "Category": 11,
    "Name": "动物",
    "Name2": "室外观赏鱼",
    "TabIcon": "",
    "SceneType": 1,
    "BagPageOnly": true,
    "IsShowInBag": true,
    "Sort": 11110
  },
  {
    "Id": 14002,
    "Category": 9,
    "Name": "景观",
    "Name2": "梦里花",
    "TabIcon": "",
    "SceneType": 1,
    "BagPageOnly": true,
    "IsShowInBag": true,
    "Sort": 9510
  },
  {
    "Id": 14003,
    "Category": 9,
    "Name": "景观",
    "Name2": "雪人部件",
    "TabIcon": "",
    "SceneType": 1,
    "BagPageOnly": true,
    "IsShowInBag": true,
    "Sort": 9520
  },
  {
    "Id": 14004,
    "Category": 9,
    "Name": "景观",
    "Name2": "花景",
    "TabIcon": "",
    "SceneType": 1,
    "BagPageOnly": true,
    "IsShowInBag": true,
    "Sort": 9530
  },
  {
    "Id": 14005,
    "Category": 9,
    "Name": "景观",
    "Name2": "主花",
    "TabIcon": "",
    "SceneType": 1,
    "BagPageOnly": true,
    "IsShowInBag": true,
    "Sort": 9540
  },
  {
    "Id": 14006,
    "Category": 9,
    "Name": "景观",
    "Name2": "木刻部件",
    "TabIcon": "",
    "SceneType": 1,
    "BagPageOnly": true,
    "IsShowInBag": true,
    "Sort": 9550
  },
  {
    "Id": 14007,
    "Category": 9,
    "Name": "景观",
    "Name2": "坊店部件",
    "TabIcon": "",
    "SceneType": 1,
    "BagPageOnly": true,
    "IsShowInBag": true,
    "Sort": 9560
  },
  {
    "Id": 14009,
    "Category": 9,
    "Name": "景观",
    "Name2": "童话巧像",
    "TabIcon": "",
    "SceneType": 1,
    "BagPageOnly": true,
    "IsShowInBag": true,
    "Sort": 9570
  },
  {
    "Id": 14010,
    "Category": 9,
    "Name": "景观",
    "Name2": "妙趣奇绘",
    "TabIcon": "",
    "SceneType": 1,
    "BagPageOnly": true,
    "IsShowInBag": true,
    "Sort": 9580
  }
]