[
  {
    "Id": 1,
    "Icon": "UI_AvatarIcon_PlayerBoy_Circle",
    "Name": "旅行者",
    "UnlockType": 2,
    "UnlockParameter": 10000005
  },
  {
    "Id": 2,
    "Icon": "UI_AvatarIcon_PlayerGirl_Circle",
    "Name": "旅行者",
    "UnlockType": 2,
    "UnlockParameter": 10000007
  },
  {
    "Id": 100,
    "Icon": "UI_AvatarIcon_Ambor_Circle",
    "Name": "安柏",
    "UnlockType": 2,
    "UnlockParameter": 10000021
  },
  {
    "Id": 101,
    "Icon": "UI_AvatarIcon_AmborCostumeWic_Circle",
    "Name": "安柏·100%侦察骑士",
    "UnlockType": 3,
    "UnlockParameter": 202101
  },
  {
    "Id": 200,
    "Icon": "UI_AvatarIcon_Kaeya_Circle",
    "Name": "凯亚",
    "UnlockType": 2,
    "UnlockParameter": 10000015
  },
  {
    "Id": 201,
    "Icon": "UI_AvatarIcon_KaeyaCostumeDancer_Circle",
    "Name": "凯亚·帆影游风",
    "UnlockType": 3,
    "UnlockParameter": 201501
  },
  {
    "Id": 300,
    "Icon": "UI_AvatarIcon_Lisa_Circle",
    "Name": "丽莎",
    "UnlockType": 2,
    "UnlockParameter": 10000006
  },
  {
    "Id": 301,
    "Icon": "UI_AvatarIcon_LisaCostumeStudentin_Circle",
    "Name": "丽莎·叶隐芳名",
    "UnlockType": 3,
    "UnlockParameter": 200601
  },
  {
    "Id": 400,
    "Icon": "UI_AvatarIcon_Barbara_Circle",
    "Name": "芭芭拉",
    "UnlockType": 2,
    "UnlockParameter": 10000014
  },
  {
    "Id": 401,
    "Icon": "UI_AvatarIcon_BarbaraCostumeSummertime_Circle",
    "Name": "芭芭拉·闪耀协奏",
    "UnlockType": 3,
    "UnlockParameter": 201401
  },
  {
    "Id": 500,
    "Icon": "UI_AvatarIcon_Razor_Circle",
    "Name": "雷泽",
    "UnlockType": 2,
    "UnlockParameter": 10000020
  },
  {
    "Id": 600,
    "Icon": "UI_AvatarIcon_Xiangling_Circle",
    "Name": "香菱",
    "UnlockType": 2,
    "UnlockParameter": 10000023
  },
  {
    "Id": 601,
    "Icon": "UI_AvatarIcon_XianglingCostumeWinter_Circle",
    "Name": "香菱·岁夜欢哗",
    "UnlockType": 3,
    "UnlockParameter": 202301
  },
  {
    "Id": 700,
    "Icon": "UI_AvatarIcon_Beidou_Circle",
    "Name": "北斗",
    "UnlockType": 2,
    "UnlockParameter": 10000024
  },
  {
    "Id": 800,
    "Icon": "UI_AvatarIcon_Xingqiu_Circle",
    "Name": "行秋",
    "UnlockType": 2,
    "UnlockParameter": 10000025
  },
  {
    "Id": 801,
    "Icon": "UI_AvatarIcon_XingqiuCostumeBamboo_Circle",
    "Name": "行秋·雨化竹身",
    "UnlockType": 3,
    "UnlockParameter": 202501
  },
  {
    "Id": 900,
    "Icon": "UI_AvatarIcon_Ningguang_Circle",
    "Name": "凝光",
    "UnlockType": 2,
    "UnlockParameter": 10000027
  },
  {
    "Id": 901,
    "Icon": "UI_AvatarIcon_NingguangCostumeFloral_Circle",
    "Name": "凝光·纱中幽兰",
    "UnlockType": 3,
    "UnlockParameter": 202701
  },
  {
    "Id": 1000,
    "Icon": "UI_AvatarIcon_Fischl_Circle",
    "Name": "菲谢尔",
    "UnlockType": 2,
    "UnlockParameter": 10000031
  },
  {
    "Id": 1001,
    "Icon": "UI_AvatarIcon_FischlCostumeHighness_Circle",
    "Name": "菲谢尔·极夜真梦",
    "UnlockType": 3,
    "UnlockParameter": 203101
  },
  {
    "Id": 1100,
    "Icon": "UI_AvatarIcon_Bennett_Circle",
    "Name": "班尼特",
    "UnlockType": 2,
    "UnlockParameter": 10000032
  },
  {
    "Id": 1200,
    "Icon": "UI_AvatarIcon_Noel_Circle",
    "Name": "诺艾尔",
    "UnlockType": 2,
    "UnlockParameter": 10000034
  },
  {
    "Id": 1300,
    "Icon": "UI_AvatarIcon_Chongyun_Circle",
    "Name": "重云",
    "UnlockType": 2,
    "UnlockParameter": 10000036
  },
  {
    "Id": 1400,
    "Icon": "UI_AvatarIcon_Sucrose_Circle",
    "Name": "砂糖",
    "UnlockType": 2,
    "UnlockParameter": 10000043
  },
  {
    "Id": 1500,
    "Icon": "UI_AvatarIcon_Qin_Circle",
    "Name": "琴",
    "UnlockType": 2,
    "UnlockParameter": 10000003
  },
  {
    "Id": 1501,
    "Icon": "UI_AvatarIcon_QinCostumeWic_Circle",
    "Name": "琴·古恩希尔德的传承",
    "UnlockType": 3,
    "UnlockParameter": 200302
  },
  {
    "Id": 1502,
    "Icon": "UI_AvatarIcon_QinCostumeSea_Circle",
    "Name": "琴·海风之梦",
    "UnlockType": 3,
    "UnlockParameter": 200301
  },
  {
    "Id": 1600,
    "Icon": "UI_AvatarIcon_Diluc_Circle",
    "Name": "迪卢克",
    "UnlockType": 2,
    "UnlockParameter": 10000016
  },
  {
    "Id": 1601,
    "Icon": "UI_AvatarIcon_DilucCostumeFlamme_Circle",
    "Name": "迪卢克·殷红终夜",
    "UnlockType": 3,
    "UnlockParameter": 201601
  },
  {
    "Id": 1700,
    "Icon": "UI_AvatarIcon_Qiqi_Circle",
    "Name": "七七",
    "UnlockType": 2,
    "UnlockParameter": 10000035
  },
  {
    "Id": 1800,
    "Icon": "UI_AvatarIcon_Mona_Circle",
    "Name": "莫娜",
    "UnlockType": 2,
    "UnlockParameter": 10000041
  },
  {
    "Id": 1801,
    "Icon": "UI_AvatarIcon_MonaCostumeWic_Circle",
    "Name": "莫娜·星与月之约",
    "UnlockType": 3,
    "UnlockParameter": 204101
  },
  {
    "Id": 1900,
    "Icon": "UI_AvatarIcon_Keqing_Circle",
    "Name": "刻晴",
    "UnlockType": 2,
    "UnlockParameter": 10000042
  },
  {
    "Id": 1901,
    "Icon": "UI_AvatarIcon_KeqingCostumeFeather_Circle",
    "Name": "刻晴·霓裾翩跹",
    "UnlockType": 3,
    "UnlockParameter": 204201
  },
  {
    "Id": 2000,
    "Icon": "UI_AvatarIcon_Venti_Circle",
    "Name": "温迪",
    "UnlockType": 2,
    "UnlockParameter": 10000022
  },
  {
    "Id": 2100,
    "Icon": "UI_AvatarIcon_Klee_Circle",
    "Name": "可莉",
    "UnlockType": 2,
    "UnlockParameter": 10000029
  },
  {
    "Id": 2101,
    "Icon": "UI_AvatarIcon_KleeCostumeWitch_Circle",
    "Name": "可莉·琪花星烛",
    "UnlockType": 3,
    "UnlockParameter": 202901
  },
  {
    "Id": 2200,
    "Icon": "UI_AvatarIcon_Diona_Circle",
    "Name": "迪奥娜",
    "UnlockType": 2,
    "UnlockParameter": 10000039
  },
  {
    "Id": 2300,
    "Icon": "UI_AvatarIcon_Tartaglia_Circle",
    "Name": "达达利亚",
    "UnlockType": 2,
    "UnlockParameter": 10000033
  },
  {
    "Id": 2400,
    "Icon": "UI_AvatarIcon_Xinyan_Circle",
    "Name": "辛焱",
    "UnlockType": 2,
    "UnlockParameter": 10000044
  },
  {
    "Id": 2500,
    "Icon": "UI_AvatarIcon_Zhongli_Circle",
    "Name": "钟离",
    "UnlockType": 2,
    "UnlockParameter": 10000030
  },
  {
    "Id": 2600,
    "Icon": "UI_AvatarIcon_Albedo_Circle",
    "Name": "阿贝多",
    "UnlockType": 2,
    "UnlockParameter": 10000038
  },
  {
    "Id": 2700,
    "Icon": "UI_AvatarIcon_Ganyu_Circle",
    "Name": "甘雨",
    "UnlockType": 2,
    "UnlockParameter": 10000037
  },
  {
    "Id": 2701,
    "Icon": "UI_AvatarIcon_GanyuCostumeYu_Circle",
    "Name": "甘雨·玄玉瑶芳",
    "UnlockType": 3,
    "UnlockParameter": 203701
  },
  {
    "Id": 2800,
    "Icon": "UI_AvatarIcon_Xiao_Circle",
    "Name": "魈",
    "UnlockType": 2,
    "UnlockParameter": 10000026
  },
  {
    "Id": 2900,
    "Icon": "UI_AvatarIcon_Hutao_Circle",
    "Name": "胡桃",
    "UnlockType": 2,
    "UnlockParameter": 10000046
  },
  {
    "Id": 2901,
    "Icon": "UI_AvatarIcon_HutaoCostumeWinter_Circle",
    "Name": "胡桃·宿雪桃红",
    "UnlockType": 3,
    "UnlockParameter": 204601
  },
  {
    "Id": 3000,
    "Icon": "UI_AvatarIcon_Rosaria_Circle",
    "Name": "罗莎莉亚",
    "UnlockType": 2,
    "UnlockParameter": 10000045
  },
  {
    "Id": 3001,
    "Icon": "UI_AvatarIcon_RosariaCostumeWic_Circle",
    "Name": "罗莎莉亚·致教会自由人",
    "UnlockType": 3,
    "UnlockParameter": 204501
  },
  {
    "Id": 3100,
    "Icon": "UI_AvatarIcon_Feiyan_Circle",
    "Name": "烟绯",
    "UnlockType": 2,
    "UnlockParameter": 10000048
  },
  {
    "Id": 3200,
    "Icon": "UI_AvatarIcon_Eula_Circle",
    "Name": "优菈",
    "UnlockType": 2,
    "UnlockParameter": 10000051
  },
  {
    "Id": 3300,
    "Icon": "UI_AvatarIcon_Kazuha_Circle",
    "Name": "枫原万叶",
    "UnlockType": 2,
    "UnlockParameter": 10000047
  },
  {
    "Id": 3400,
    "Icon": "UI_AvatarIcon_Ayaka_Circle",
    "Name": "神里绫华",
    "UnlockType": 2,
    "UnlockParameter": 10000002
  },
  {
    "Id": 3401,
    "Icon": "UI_AvatarIcon_AyakaCostumeFruhling_Circle",
    "Name": "神里绫华·花时来信",
    "UnlockType": 3,
    "UnlockParameter": 200201
  },
  {
    "Id": 3500,
    "Icon": "UI_AvatarIcon_Sayu_Circle",
    "Name": "早柚",
    "UnlockType": 2,
    "UnlockParameter": 10000053
  },
  {
    "Id": 3600,
    "Icon": "UI_AvatarIcon_Yoimiya_Circle",
    "Name": "宵宫",
    "UnlockType": 2,
    "UnlockParameter": 10000049
  },
  {
    "Id": 3700,
    "Icon": "UI_AvatarIcon_Aloy_Circle",
    "Name": "埃洛伊",
    "UnlockType": 2,
    "UnlockParameter": 10000062
  },
  {
    "Id": 3800,
    "Icon": "UI_AvatarIcon_Sara_Circle",
    "Name": "九条裟罗",
    "UnlockType": 2,
    "UnlockParameter": 10000056
  },
  {
    "Id": 3900,
    "Icon": "UI_AvatarIcon_Shougun_Circle",
    "Name": "雷电将军",
    "UnlockType": 2,
    "UnlockParameter": 10000052
  },
  {
    "Id": 4000,
    "Icon": "UI_AvatarIcon_Kokomi_Circle",
    "Name": "珊瑚宫心海",
    "UnlockType": 2,
    "UnlockParameter": 10000054
  },
  {
    "Id": 4100,
    "Icon": "UI_AvatarIcon_Tohma_Circle",
    "Name": "托马",
    "UnlockType": 2,
    "UnlockParameter": 10000050
  },
  {
    "Id": 4200,
    "Icon": "UI_AvatarIcon_Gorou_Circle",
    "Name": "五郎",
    "UnlockType": 2,
    "UnlockParameter": 10000055
  },
  {
    "Id": 4300,
    "Icon": "UI_AvatarIcon_Itto_Circle",
    "Name": "荒泷一斗",
    "UnlockType": 2,
    "UnlockParameter": 10000057
  },
  {
    "Id": 4400,
    "Icon": "UI_AvatarIcon_Yunjin_Circle",
    "Name": "云堇",
    "UnlockType": 2,
    "UnlockParameter": 10000064
  },
  {
    "Id": 4500,
    "Icon": "UI_AvatarIcon_Shenhe_Circle",
    "Name": "申鹤",
    "UnlockType": 2,
    "UnlockParameter": 10000063
  },
  {
    "Id": 4501,
    "Icon": "UI_AvatarIcon_ShenheCostumeDai_Circle",
    "Name": "申鹤·冷花幽露",
    "UnlockType": 3,
    "UnlockParameter": 206301
  },
  {
    "Id": 4600,
    "Icon": "UI_AvatarIcon_Yae_Circle",
    "Name": "八重神子",
    "UnlockType": 2,
    "UnlockParameter": 10000058
  },
  {
    "Id": 4700,
    "Icon": "UI_AvatarIcon_Ayato_Circle",
    "Name": "神里绫人",
    "UnlockType": 2,
    "UnlockParameter": 10000066
  },
  {
    "Id": 4800,
    "Icon": "UI_AvatarIcon_Yelan_Circle",
    "Name": "夜兰",
    "UnlockType": 2,
    "UnlockParameter": 10000060
  },
  {
    "Id": 4900,
    "Icon": "UI_AvatarIcon_Shinobu_Circle",
    "Name": "久岐忍",
    "UnlockType": 2,
    "UnlockParameter": 10000065
  },
  {
    "Id": 5000,
    "Icon": "UI_AvatarIcon_Heizo_Circle",
    "Name": "鹿野院平藏",
    "UnlockType": 2,
    "UnlockParameter": 10000059
  },
  {
    "Id": 5100,
    "Icon": "UI_AvatarIcon_Collei_Circle",
    "Name": "柯莱",
    "UnlockType": 2,
    "UnlockParameter": 10000067
  },
  {
    "Id": 5200,
    "Icon": "UI_AvatarIcon_Tighnari_Circle",
    "Name": "提纳里",
    "UnlockType": 2,
    "UnlockParameter": 10000069
  },
  {
    "Id": 5300,
    "Icon": "UI_AvatarIcon_Dori_Circle",
    "Name": "多莉",
    "UnlockType": 2,
    "UnlockParameter": 10000068
  },
  {
    "Id": 5400,
    "Icon": "UI_AvatarIcon_Candace_Circle",
    "Name": "坎蒂丝",
    "UnlockType": 2,
    "UnlockParameter": 10000072
  },
  {
    "Id": 5500,
    "Icon": "UI_AvatarIcon_Cyno_Circle",
    "Name": "赛诺",
    "UnlockType": 2,
    "UnlockParameter": 10000071
  },
  {
    "Id": 5600,
    "Icon": "UI_AvatarIcon_Nilou_Circle",
    "Name": "妮露",
    "UnlockType": 2,
    "UnlockParameter": 10000070
  },
  {
    "Id": 5601,
    "Icon": "UI_AvatarIcon_NilouCostumeFairy_Circle",
    "Name": "妮露·莎邦之息",
    "UnlockType": 3,
    "UnlockParameter": 207001
  },
  {
    "Id": 5700,
    "Icon": "UI_AvatarIcon_Nahida_Circle",
    "Name": "纳西妲",
    "UnlockType": 2,
    "UnlockParameter": 10000073
  },
  {
    "Id": 5800,
    "Icon": "UI_AvatarIcon_Layla_Circle",
    "Name": "莱依拉",
    "UnlockType": 2,
    "UnlockParameter": 10000074
  },
  {
    "Id": 5900,
    "Icon": "UI_AvatarIcon_Faruzan_Circle",
    "Name": "珐露珊",
    "UnlockType": 2,
    "UnlockParameter": 10000076
  },
  {
    "Id": 6000,
    "Icon": "UI_AvatarIcon_Wanderer_Circle",
    "Name": "流浪者",
    "UnlockType": 2,
    "UnlockParameter": 10000075
  },
  {
    "Id": 6100,
    "Icon": "UI_AvatarIcon_Yaoyao_Circle",
    "Name": "瑶瑶",
    "UnlockType": 2,
    "UnlockParameter": 10000077
  },
  {
    "Id": 6200,
    "Icon": "UI_AvatarIcon_Alhatham_Circle",
    "Name": "艾尔海森",
    "UnlockType": 2,
    "UnlockParameter": 10000078
  },
  {
    "Id": 6300,
    "Icon": "UI_AvatarIcon_Dehya_Circle",
    "Name": "迪希雅",
    "UnlockType": 2,
    "UnlockParameter": 10000079
  },
  {
    "Id": 6400,
    "Icon": "UI_AvatarIcon_Mika_Circle",
    "Name": "米卡",
    "UnlockType": 2,
    "UnlockParameter": 10000080
  },
  {
    "Id": 6500,
    "Icon": "UI_AvatarIcon_Kaveh_Circle",
    "Name": "卡维",
    "UnlockType": 2,
    "UnlockParameter": 10000081
  },
  {
    "Id": 6600,
    "Icon": "UI_AvatarIcon_Baizhuer_Circle",
    "Name": "白术",
    "UnlockType": 2,
    "UnlockParameter": 10000082
  },
  {
    "Id": 6700,
    "Icon": "UI_AvatarIcon_Momoka_Circle",
    "Name": "绮良良",
    "UnlockType": 2,
    "UnlockParameter": 10000061
  },
  {
    "Id": 6701,
    "Icon": "UI_AvatarIcon_MomokaCostumeErrantry_Circle",
    "Name": "绮良良·倩影游侠",
    "UnlockType": 3,
    "UnlockParameter": 206101
  },
  {
    "Id": 6800,
    "Icon": "UI_AvatarIcon_Linette_Circle",
    "Name": "琳妮特",
    "UnlockType": 2,
    "UnlockParameter": 10000083
  },
  {
    "Id": 6900,
    "Icon": "UI_AvatarIcon_Liney_Circle",
    "Name": "林尼",
    "UnlockType": 2,
    "UnlockParameter": 10000084
  },
  {
    "Id": 7000,
    "Icon": "UI_AvatarIcon_Freminet_Circle",
    "Name": "菲米尼",
    "UnlockType": 2,
    "UnlockParameter": 10000085
  },
  {
    "Id": 7100,
    "Icon": "UI_AvatarIcon_Neuvillette_Circle",
    "Name": "那维莱特",
    "UnlockType": 2,
    "UnlockParameter": 10000087
  },
  {
    "Id": 7200,
    "Icon": "UI_AvatarIcon_Wriothesley_Circle",
    "Name": "莱欧斯利",
    "UnlockType": 2,
    "UnlockParameter": 10000086
  },
  {
    "Id": 7300,
    "Icon": "UI_AvatarIcon_Charlotte_Circle",
    "Name": "夏洛蒂",
    "UnlockType": 2,
    "UnlockParameter": 10000088
  },
  {
    "Id": 7400,
    "Icon": "UI_AvatarIcon_Furina_Circle",
    "Name": "芙宁娜",
    "UnlockType": 2,
    "UnlockParameter": 10000089
  },
  {
    "Id": 7500,
    "Icon": "UI_AvatarIcon_Navia_Circle",
    "Name": "娜维娅",
    "UnlockType": 2,
    "UnlockParameter": 10000091
  },
  {
    "Id": 7600,
    "Icon": "UI_AvatarIcon_Chevreuse_Circle",
    "Name": "夏沃蕾",
    "UnlockType": 2,
    "UnlockParameter": 10000090
  },
  {
    "Id": 7700,
    "Icon": "UI_AvatarIcon_Gaming_Circle",
    "Name": "嘉明",
    "UnlockType": 2,
    "UnlockParameter": 10000092
  },
  {
    "Id": 7800,
    "Icon": "UI_AvatarIcon_Liuyun_Circle",
    "Name": "闲云",
    "UnlockType": 2,
    "UnlockParameter": 10000093
  },
  {
    "Id": 7900,
    "Icon": "UI_AvatarIcon_Chiori_Circle",
    "Name": "千织",
    "UnlockType": 2,
    "UnlockParameter": 10000094
  },
  {
    "Id": 8000,
    "Icon": "UI_AvatarIcon_Arlecchino_Circle",
    "Name": "阿蕾奇诺",
    "UnlockType": 2,
    "UnlockParameter": 10000096
  },
  {
    "Id": 8100,
    "Icon": "UI_AvatarIcon_Clorinde_Circle",
    "Name": "克洛琳德",
    "UnlockType": 2,
    "UnlockParameter": 10000098
  },
  {
    "Id": 8200,
    "Icon": "UI_AvatarIcon_Sethos_Circle",
    "Name": "赛索斯",
    "UnlockType": 2,
    "UnlockParameter": 10000097
  },
  {
    "Id": 8300,
    "Icon": "UI_AvatarIcon_Sigewinne_Circle",
    "Name": "希格雯",
    "UnlockType": 2,
    "UnlockParameter": 10000095
  },
  {
    "Id": 8400,
    "Icon": "UI_AvatarIcon_Emilie_Circle",
    "Name": "艾梅莉埃",
    "UnlockType": 2,
    "UnlockParameter": 10000099
  },
  {
    "Id": 8500,
    "Icon": "UI_AvatarIcon_Kachina_Circle",
    "Name": "卡齐娜",
    "UnlockType": 2,
    "UnlockParameter": 10000100
  },
  {
    "Id": 8600,
    "Icon": "UI_AvatarIcon_Mualani_Circle",
    "Name": "玛拉妮",
    "UnlockType": 2,
    "UnlockParameter": 10000102
  },
  {
    "Id": 8700,
    "Icon": "UI_AvatarIcon_Kinich_Circle",
    "Name": "基尼奇",
    "UnlockType": 2,
    "UnlockParameter": 10000101
  },
  {
    "Id": 8800,
    "Icon": "UI_AvatarIcon_Xilonen_Circle",
    "Name": "希诺宁",
    "UnlockType": 2,
    "UnlockParameter": 10000103
  },
  {
    "Id": 8900,
    "Icon": "UI_AvatarIcon_Olorun_Circle",
    "Name": "欧洛伦",
    "UnlockType": 2,
    "UnlockParameter": 10000105
  },
  {
    "Id": 9000,
    "Icon": "UI_AvatarIcon_Chasca_Circle",
    "Name": "恰斯卡",
    "UnlockType": 2,
    "UnlockParameter": 10000104
  },
  {
    "Id": 9100,
    "Icon": "UI_AvatarIcon_Citlali_Circle",
    "Name": "茜特菈莉",
    "UnlockType": 2,
    "UnlockParameter": 10000107
  },
  {
    "Id": 9200,
    "Icon": "UI_AvatarIcon_Mavuika_Circle",
    "Name": "玛薇卡",
    "UnlockType": 2,
    "UnlockParameter": 10000106
  },
  {
    "Id": 9300,
    "Icon": "UI_AvatarIcon_Lanyan_Circle",
    "Name": "蓝砚",
    "UnlockType": 2,
    "UnlockParameter": 10000108
  },
  {
    "Id": 100010,
    "Icon": "UI_AvatarIcon_72105_Circle",
    "Name": "花散里的面具",
    "UnlockType": 4,
    "UnlockParameter": 72105
  },
  {
    "Id": 100020,
    "Icon": "UI_AvatarIcon_72158_Circle",
    "Name": "浅濑神社的代宫司",
    "UnlockType": 4,
    "UnlockParameter": 72158
  },
  {
    "Id": 100030,
    "Icon": "UI_AvatarIcon_72173_Circle",
    "Name": "雷鸟与少年",
    "UnlockType": 4,
    "UnlockParameter": 72173
  },
  {
    "Id": 100040,
    "Icon": "UI_AvatarIcon_72177_Circle",
    "Name": "大日御舆",
    "UnlockType": 4,
    "UnlockParameter": 72177
  },
  {
    "Id": 100050,
    "Icon": "UI_AvatarIcon_71045_Circle",
    "Name": "志琼的签名",
    "UnlockType": 4,
    "UnlockParameter": 71045
  },
  {
    "Id": 100060,
    "Icon": "UI_AvatarIcon_73038_Circle",
    "Name": "兰罗摩",
    "UnlockType": 4,
    "UnlockParameter": 73038
  },
  {
    "Id": 100070,
    "Icon": "UI_AvatarIcon_73055_Circle",
    "Name": "婕德与奔奔",
    "UnlockType": 4,
    "UnlockParameter": 73055
  },
  {
    "Id": 100080,
    "Icon": "UI_AvatarIcon_73220_Circle",
    "Name": "镇灵之母",
    "UnlockType": 4,
    "UnlockParameter": 73220
  },
  {
    "Id": 100090,
    "Icon": "UI_AvatarIcon_73232_Circle",
    "Name": "花灵勇者·斯露莎",
    "UnlockType": 4,
    "UnlockParameter": 73232
  },
  {
    "Id": 100100,
    "Icon": "UI_AvatarIcon_74007_Circle",
    "Name": "很高兴见到你",
    "UnlockType": 4,
    "UnlockParameter": 74007
  },
  {
    "Id": 100110,
    "Icon": "UI_AvatarIcon_74004_Circle",
    "Name": "安与玛丽安",
    "UnlockType": 4,
    "UnlockParameter": 74004
  },
  {
    "Id": 100120,
    "Icon": "UI_AvatarIcon_74028_Circle",
    "Name": "卡特皮拉",
    "UnlockType": 4,
    "UnlockParameter": 74028
  },
  {
    "Id": 100130,
    "Icon": "UI_AvatarIcon_74053_Circle",
    "Name": "奇械纹章",
    "UnlockType": 4,
    "UnlockParameter": 74053
  },
  {
    "Id": 100140,
    "Icon": "UI_AvatarIcon_74078_Circle",
    "Name": "无形学会",
    "UnlockType": 4,
    "UnlockParameter": 74078
  },
  {
    "Id": 100150,
    "Icon": "UI_AvatarIcon_74085_Circle",
    "Name": "珀西芙！",
    "UnlockType": 4,
    "UnlockParameter": 74085
  },
  {
    "Id": 100160,
    "Icon": "UI_AvatarIcon_71100_Circle",
    "Name": "祀珑典仪",
    "UnlockType": 4,
    "UnlockParameter": 71100
  },
  {
    "Id": 100170,
    "Icon": "UI_AvatarIcon_74196_Circle",
    "Name": "呜斯先生",
    "UnlockType": 4,
    "UnlockParameter": 74196
  },
  {
    "Id": 100180,
    "Icon": "UI_AvatarIcon_75002_Circle",
    "Name": "你的龙伙伴！",
    "UnlockType": 4,
    "UnlockParameter": 75002
  },
  {
    "Id": 100190,
    "Icon": "UI_AvatarIcon_75048_Circle",
    "Name": "烬城最后的勇者",
    "UnlockType": 4,
    "UnlockParameter": 75138
  }
]