[
  {
    "Value": 23.9,
    "Id": 101021,
    "Type": 2
  },
  {
    "Value": 29.88,
    "Id": 101022,
    "Type": 2
  },
  {
    "Value": 50.19,
    "Id": 201021,
    "Type": 2
  },
  {
    "Value": 60.95,
    "Id": 201022,
    "Type": 2
  },
  {
    "Value": 71.7,
    "Id": 201023,
    "Type": 2
  },
  {
    "Value": 100.38,
    "Id": 301021,
    "Type": 2
  },
  {
    "Value": 114.72,
    "Id": 301022,
    "Type": 2
  },
  {
    "Value": 129.06,
    "Id": 301023,
    "Type": 2
  },
  {
    "Value": 143.4,
    "Id": 301024,
    "Type": 2
  },
  {
    "Value": 167.3,
    "Id": 401021,
    "Type": 2
  },
  {
    "Value": 191.2,
    "Id": 401022,
    "Type": 2
  },
  {
    "Value": 215.1,
    "Id": 401023,
    "Type": 2
  },
  {
    "Value": 239,
    "Id": 401024,
    "Type": 2
  },
  {
    "Value": 209.13,
    "Id": 501021,
    "Type": 2
  },
  {
    "Value": 239,
    "Id": 501022,
    "Type": 2
  },
  {
    "Value": 268.88,
    "Id": 501023,
    "Type": 2
  },
  {
    "Value": 298.75,
    "Id": 501024,
    "Type": 2
  },
  {
    "Value": 0.0117,
    "Id": 101031,
    "Type": 3
  },
  {
    "Value": 0.0146,
    "Id": 101032,
    "Type": 3
  },
  {
    "Value": 0.0163,
    "Id": 201031,
    "Type": 3
  },
  {
    "Value": 0.0198,
    "Id": 201032,
    "Type": 3
  },
  {
    "Value": 0.0233,
    "Id": 201033,
    "Type": 3
  },
  {
    "Value": 0.0245,
    "Id": 301031,
    "Type": 3
  },
  {
    "Value": 0.028,
    "Id": 301032,
    "Type": 3
  },
  {
    "Value": 0.0315,
    "Id": 301033,
    "Type": 3
  },
  {
    "Value": 0.035,
    "Id": 301034,
    "Type": 3
  },
  {
    "Value": 0.0326,
    "Id": 401031,
    "Type": 3
  },
  {
    "Value": 0.0373,
    "Id": 401032,
    "Type": 3
  },
  {
    "Value": 0.042,
    "Id": 401033,
    "Type": 3
  },
  {
    "Value": 0.0466,
    "Id": 401034,
    "Type": 3
  },
  {
    "Value": 0.0408,
    "Id": 501031,
    "Type": 3
  },
  {
    "Value": 0.0466,
    "Id": 501032,
    "Type": 3
  },
  {
    "Value": 0.0525,
    "Id": 501033,
    "Type": 3
  },
  {
    "Value": 0.0583,
    "Id": 501034,
    "Type": 3
  },
  {
    "Value": 1.56,
    "Id": 101051,
    "Type": 5
  },
  {
    "Value": 1.95,
    "Id": 101052,
    "Type": 5
  },
  {
    "Value": 3.27,
    "Id": 201051,
    "Type": 5
  },
  {
    "Value": 3.97,
    "Id": 201052,
    "Type": 5
  },
  {
    "Value": 4.67,
    "Id": 201053,
    "Type": 5
  },
  {
    "Value": 6.54,
    "Id": 301051,
    "Type": 5
  },
  {
    "Value": 7.47,
    "Id": 301052,
    "Type": 5
  },
  {
    "Value": 8.4,
    "Id": 301053,
    "Type": 5
  },
  {
    "Value": 9.34,
    "Id": 301054,
    "Type": 5
  },
  {
    "Value": 10.89,
    "Id": 401051,
    "Type": 5
  },
  {
    "Value": 12.45,
    "Id": 401052,
    "Type": 5
  },
  {
    "Value": 14,
    "Id": 401053,
    "Type": 5
  },
  {
    "Value": 15.56,
    "Id": 401054,
    "Type": 5
  },
  {
    "Value": 13.62,
    "Id": 501051,
    "Type": 5
  },
  {
    "Value": 15.56,
    "Id": 501052,
    "Type": 5
  },
  {
    "Value": 17.51,
    "Id": 501053,
    "Type": 5
  },
  {
    "Value": 19.45,
    "Id": 501054,
    "Type": 5
  },
  {
    "Value": 0.0117,
    "Id": 101061,
    "Type": 6
  },
  {
    "Value": 0.0146,
    "Id": 101062,
    "Type": 6
  },
  {
    "Value": 0.0163,
    "Id": 201061,
    "Type": 6
  },
  {
    "Value": 0.0198,
    "Id": 201062,
    "Type": 6
  },
  {
    "Value": 0.0233,
    "Id": 201063,
    "Type": 6
  },
  {
    "Value": 0.0245,
    "Id": 301061,
    "Type": 6
  },
  {
    "Value": 0.028,
    "Id": 301062,
    "Type": 6
  },
  {
    "Value": 0.0315,
    "Id": 301063,
    "Type": 6
  },
  {
    "Value": 0.035,
    "Id": 301064,
    "Type": 6
  },
  {
    "Value": 0.0326,
    "Id": 401061,
    "Type": 6
  },
  {
    "Value": 0.0373,
    "Id": 401062,
    "Type": 6
  },
  {
    "Value": 0.042,
    "Id": 401063,
    "Type": 6
  },
  {
    "Value": 0.0466,
    "Id": 401064,
    "Type": 6
  },
  {
    "Value": 0.0408,
    "Id": 501061,
    "Type": 6
  },
  {
    "Value": 0.0466,
    "Id": 501062,
    "Type": 6
  },
  {
    "Value": 0.0525,
    "Id": 501063,
    "Type": 6
  },
  {
    "Value": 0.0583,
    "Id": 501064,
    "Type": 6
  },
  {
    "Value": 1.85,
    "Id": 101081,
    "Type": 8
  },
  {
    "Value": 2.31,
    "Id": 101082,
    "Type": 8
  },
  {
    "Value": 3.89,
    "Id": 201081,
    "Type": 8
  },
  {
    "Value": 4.72,
    "Id": 201082,
    "Type": 8
  },
  {
    "Value": 5.56,
    "Id": 201083,
    "Type": 8
  },
  {
    "Value": 7.78,
    "Id": 301081,
    "Type": 8
  },
  {
    "Value": 8.89,
    "Id": 301082,
    "Type": 8
  },
  {
    "Value": 10,
    "Id": 301083,
    "Type": 8
  },
  {
    "Value": 11.11,
    "Id": 301084,
    "Type": 8
  },
  {
    "Value": 12.96,
    "Id": 401081,
    "Type": 8
  },
  {
    "Value": 14.82,
    "Id": 401082,
    "Type": 8
  },
  {
    "Value": 16.67,
    "Id": 401083,
    "Type": 8
  },
  {
    "Value": 18.52,
    "Id": 401084,
    "Type": 8
  },
  {
    "Value": 16.2,
    "Id": 501081,
    "Type": 8
  },
  {
    "Value": 18.52,
    "Id": 501082,
    "Type": 8
  },
  {
    "Value": 20.83,
    "Id": 501083,
    "Type": 8
  },
  {
    "Value": 23.15,
    "Id": 501084,
    "Type": 8
  },
  {
    "Value": 0.0146,
    "Id": 101091,
    "Type": 9
  },
  {
    "Value": 0.0182,
    "Id": 101092,
    "Type": 9
  },
  {
    "Value": 0.0204,
    "Id": 201091,
    "Type": 9
  },
  {
    "Value": 0.0248,
    "Id": 201092,
    "Type": 9
  },
  {
    "Value": 0.0291,
    "Id": 201093,
    "Type": 9
  },
  {
    "Value": 0.0306,
    "Id": 301091,
    "Type": 9
  },
  {
    "Value": 0.035,
    "Id": 301092,
    "Type": 9
  },
  {
    "Value": 0.0393,
    "Id": 301093,
    "Type": 9
  },
  {
    "Value": 0.0437,
    "Id": 301094,
    "Type": 9
  },
  {
    "Value": 0.0408,
    "Id": 401091,
    "Type": 9
  },
  {
    "Value": 0.0466,
    "Id": 401092,
    "Type": 9
  },
  {
    "Value": 0.0525,
    "Id": 401093,
    "Type": 9
  },
  {
    "Value": 0.0583,
    "Id": 401094,
    "Type": 9
  },
  {
    "Value": 0.051,
    "Id": 501091,
    "Type": 9
  },
  {
    "Value": 0.0583,
    "Id": 501092,
    "Type": 9
  },
  {
    "Value": 0.0656,
    "Id": 501093,
    "Type": 9
  },
  {
    "Value": 0.0729,
    "Id": 501094,
    "Type": 9
  },
  {
    "Value": 0.013,
    "Id": 101231,
    "Type": 23
  },
  {
    "Value": 0.0162,
    "Id": 101232,
    "Type": 23
  },
  {
    "Value": 0.0181,
    "Id": 201231,
    "Type": 23
  },
  {
    "Value": 0.022,
    "Id": 201232,
    "Type": 23
  },
  {
    "Value": 0.0259,
    "Id": 201233,
    "Type": 23
  },
  {
    "Value": 0.0272,
    "Id": 301231,
    "Type": 23
  },
  {
    "Value": 0.0311,
    "Id": 301232,
    "Type": 23
  },
  {
    "Value": 0.035,
    "Id": 301233,
    "Type": 23
  },
  {
    "Value": 0.0389,
    "Id": 301234,
    "Type": 23
  },
  {
    "Value": 0.0363,
    "Id": 401231,
    "Type": 23
  },
  {
    "Value": 0.0414,
    "Id": 401232,
    "Type": 23
  },
  {
    "Value": 0.0466,
    "Id": 401233,
    "Type": 23
  },
  {
    "Value": 0.0518,
    "Id": 401234,
    "Type": 23
  },
  {
    "Value": 0.0453,
    "Id": 501231,
    "Type": 23
  },
  {
    "Value": 0.0518,
    "Id": 501232,
    "Type": 23
  },
  {
    "Value": 0.0583,
    "Id": 501233,
    "Type": 23
  },
  {
    "Value": 0.0648,
    "Id": 501234,
    "Type": 23
  },
  {
    "Value": 4.66,
    "Id": 101241,
    "Type": 28
  },
  {
    "Value": 5.83,
    "Id": 101242,
    "Type": 28
  },
  {
    "Value": 6.53,
    "Id": 201241,
    "Type": 28
  },
  {
    "Value": 7.93,
    "Id": 201242,
    "Type": 28
  },
  {
    "Value": 9.33,
    "Id": 201243,
    "Type": 28
  },
  {
    "Value": 9.79,
    "Id": 301241,
    "Type": 28
  },
  {
    "Value": 11.19,
    "Id": 301242,
    "Type": 28
  },
  {
    "Value": 12.59,
    "Id": 301243,
    "Type": 28
  },
  {
    "Value": 13.99,
    "Id": 301244,
    "Type": 28
  },
  {
    "Value": 13.06,
    "Id": 401241,
    "Type": 28
  },
  {
    "Value": 14.92,
    "Id": 401242,
    "Type": 28
  },
  {
    "Value": 16.79,
    "Id": 401243,
    "Type": 28
  },
  {
    "Value": 18.65,
    "Id": 401244,
    "Type": 28
  },
  {
    "Value": 16.32,
    "Id": 501241,
    "Type": 28
  },
  {
    "Value": 18.65,
    "Id": 501242,
    "Type": 28
  },
  {
    "Value": 20.98,
    "Id": 501243,
    "Type": 28
  },
  {
    "Value": 23.31,
    "Id": 501244,
    "Type": 28
  },
  {
    "Value": 0.0078,
    "Id": 101201,
    "Type": 20
  },
  {
    "Value": 0.0097,
    "Id": 101202,
    "Type": 20
  },
  {
    "Value": 0.0109,
    "Id": 201201,
    "Type": 20
  },
  {
    "Value": 0.0132,
    "Id": 201202,
    "Type": 20
  },
  {
    "Value": 0.0155,
    "Id": 201203,
    "Type": 20
  },
  {
    "Value": 0.0163,
    "Id": 301201,
    "Type": 20
  },
  {
    "Value": 0.0186,
    "Id": 301202,
    "Type": 20
  },
  {
    "Value": 0.021,
    "Id": 301203,
    "Type": 20
  },
  {
    "Value": 0.0233,
    "Id": 301204,
    "Type": 20
  },
  {
    "Value": 0.0218,
    "Id": 401201,
    "Type": 20
  },
  {
    "Value": 0.0249,
    "Id": 401202,
    "Type": 20
  },
  {
    "Value": 0.028,
    "Id": 401203,
    "Type": 20
  },
  {
    "Value": 0.0311,
    "Id": 401204,
    "Type": 20
  },
  {
    "Value": 0.0272,
    "Id": 501201,
    "Type": 20
  },
  {
    "Value": 0.0311,
    "Id": 501202,
    "Type": 20
  },
  {
    "Value": 0.035,
    "Id": 501203,
    "Type": 20
  },
  {
    "Value": 0.0389,
    "Id": 501204,
    "Type": 20
  },
  {
    "Value": 0.0155,
    "Id": 101221,
    "Type": 22
  },
  {
    "Value": 0.0194,
    "Id": 101222,
    "Type": 22
  },
  {
    "Value": 0.0218,
    "Id": 201221,
    "Type": 22
  },
  {
    "Value": 0.0264,
    "Id": 201222,
    "Type": 22
  },
  {
    "Value": 0.0311,
    "Id": 201223,
    "Type": 22
  },
  {
    "Value": 0.0326,
    "Id": 301221,
    "Type": 22
  },
  {
    "Value": 0.0373,
    "Id": 301222,
    "Type": 22
  },
  {
    "Value": 0.042,
    "Id": 301223,
    "Type": 22
  },
  {
    "Value": 0.0466,
    "Id": 301224,
    "Type": 22
  },
  {
    "Value": 0.0435,
    "Id": 401221,
    "Type": 22
  },
  {
    "Value": 0.0497,
    "Id": 401222,
    "Type": 22
  },
  {
    "Value": 0.056,
    "Id": 401223,
    "Type": 22
  },
  {
    "Value": 0.0622,
    "Id": 401224,
    "Type": 22
  },
  {
    "Value": 0.0544,
    "Id": 501221,
    "Type": 22
  },
  {
    "Value": 0.0622,
    "Id": 501222,
    "Type": 22
  },
  {
    "Value": 0.0699,
    "Id": 501223,
    "Type": 22
  },
  {
    "Value": 0.0777,
    "Id": 501224,
    "Type": 22
  },
  {
    "Value": 3.5,
    "Id": 999001,
    "Type": 22
  },
  {
    "Value": 1,
    "Id": 999002,
    "Type": 20
  },
  {
    "Value": 233333,
    "Id": 999003,
    "Type": 5
  },
  {
    "Value": 233333,
    "Id": 999004,
    "Type": 8
  },
  {
    "Value": 0.1457,
    "Id": 998001,
    "Type": 3
  },
  {
    "Value": 0.1457,
    "Id": 998002,
    "Type": 6
  },
  {
    "Value": 0.1821,
    "Id": 998003,
    "Type": 9
  },
  {
    "Value": 0.0971,
    "Id": 998004,
    "Type": 20
  },
  {
    "Value": 0.1619,
    "Id": 998005,
    "Type": 23
  },
  {
    "Value": 58.28,
    "Id": 998006,
    "Type": 28
  },
  {
    "Value": 0.1943,
    "Id": 998007,
    "Type": 22
  },
  {
    "Value": 0.1457,
    "Id": 995001,
    "Type": 3
  },
  {
    "Value": 0.1457,
    "Id": 995002,
    "Type": 6
  },
  {
    "Value": 0.1821,
    "Id": 995003,
    "Type": 9
  },
  {
    "Value": 0.0971,
    "Id": 995004,
    "Type": 20
  },
  {
    "Value": 0.1619,
    "Id": 995005,
    "Type": 23
  },
  {
    "Value": 58.28,
    "Id": 995006,
    "Type": 28
  },
  {
    "Value": 0.1943,
    "Id": 995007,
    "Type": 22
  },
  {
    "Value": 0.0932,
    "Id": 997001,
    "Type": 3
  },
  {
    "Value": 0.0932,
    "Id": 997002,
    "Type": 6
  },
  {
    "Value": 0.1166,
    "Id": 997003,
    "Type": 9
  },
  {
    "Value": 0.0622,
    "Id": 997004,
    "Type": 20
  },
  {
    "Value": 0.1036,
    "Id": 997005,
    "Type": 23
  },
  {
    "Value": 37.3,
    "Id": 997006,
    "Type": 28
  },
  {
    "Value": 0.1243,
    "Id": 997007,
    "Type": 22
  },
  {
    "Value": 0.0932,
    "Id": 996001,
    "Type": 3
  },
  {
    "Value": 0.0932,
    "Id": 996002,
    "Type": 6
  },
  {
    "Value": 0.1166,
    "Id": 996003,
    "Type": 9
  },
  {
    "Value": 0.0622,
    "Id": 996004,
    "Type": 20
  },
  {
    "Value": 0.1036,
    "Id": 996005,
    "Type": 23
  },
  {
    "Value": 37.3,
    "Id": 996006,
    "Type": 28
  },
  {
    "Value": 0.1243,
    "Id": 996007,
    "Type": 22
  },
  {
    "Value": 478,
    "Id": 996008,
    "Type": 2
  },
  {
    "Value": 31.12,
    "Id": 996009,
    "Type": 5
  },
  {
    "Value": 37.04,
    "Id": 996010,
    "Type": 8
  },
  {
    "Value": 0.8,
    "Id": 994001,
    "Type": 20
  },
  {
    "Value": 0.8,
    "Id": 993001,
    "Type": 22
  },
  {
    "Value": 0.8,
    "Id": 992001,
    "Type": 81
  },
  {
    "Value": 0.8,
    "Id": 991001,
    "Type": 26
  },
  {
    "Value": 0.8,
    "Id": 990001,
    "Type": 27
  },
  {
    "Value": 0.5,
    "Id": 989001,
    "Type": 80
  },
  {
    "Value": 0.3,
    "Id": 988001,
    "Type": 11
  },
  {
    "Value": 0.8,
    "Id": 987001,
    "Type": 40
  },
  {
    "Value": 0.8,
    "Id": 986001,
    "Type": 41
  },
  {
    "Value": 0.8,
    "Id": 985001,
    "Type": 42
  },
  {
    "Value": 0.8,
    "Id": 984001,
    "Type": 43
  },
  {
    "Value": 0.8,
    "Id": 983001,
    "Type": 44
  },
  {
    "Value": 0.8,
    "Id": 982001,
    "Type": 45
  },
  {
    "Value": 0.8,
    "Id": 981001,
    "Type": 46
  },
  {
    "Value": 0.8,
    "Id": 980001,
    "Type": 30
  },
  {
    "Value": 0.8,
    "Id": 979001,
    "Type": 50
  },
  {
    "Value": 0.8,
    "Id": 978001,
    "Type": 51
  },
  {
    "Value": 0.8,
    "Id": 977001,
    "Type": 52
  },
  {
    "Value": 0.8,
    "Id": 976001,
    "Type": 53
  },
  {
    "Value": 0.8,
    "Id": 975001,
    "Type": 54
  },
  {
    "Value": 0.8,
    "Id": 974001,
    "Type": 55
  },
  {
    "Value": 0.8,
    "Id": 973001,
    "Type": 56
  },
  {
    "Value": 0.8,
    "Id": 972001,
    "Type": 29
  },
  {
    "Value": 0.8,
    "Id": 971001,
    "Type": 24
  },
  {
    "Value": 0.8,
    "Id": 970001,
    "Type": 25
  },
  {
    "Value": -500,
    "Id": 969001,
    "Type": 8
  },
  {
    "Value": -300,
    "Id": 968001,
    "Type": 28
  },
  {
    "Value": 1,
    "Id": 967001,
    "Type": 20
  },
  {
    "Value": 300,
    "Id": 966001,
    "Type": 28
  },
  {
    "Value": 0.1457,
    "Id": 961001,
    "Type": 3
  },
  {
    "Value": 0.1457,
    "Id": 961002,
    "Type": 6
  },
  {
    "Value": 0.1821,
    "Id": 961003,
    "Type": 9
  },
  {
    "Value": 0.0971,
    "Id": 961004,
    "Type": 20
  },
  {
    "Value": 0.1619,
    "Id": 961005,
    "Type": 23
  },
  {
    "Value": 58.28,
    "Id": 961006,
    "Type": 28
  },
  {
    "Value": 0.1943,
    "Id": 961007,
    "Type": 22
  },
  {
    "Value": 746.88,
    "Id": 961008,
    "Type": 2
  },
  {
    "Value": 48.63,
    "Id": 961009,
    "Type": 5
  },
  {
    "Value": 57.87,
    "Id": 961010,
    "Type": 8
  },
  {
    "Value": 0.1457,
    "Id": 962001,
    "Type": 3
  },
  {
    "Value": 0.1457,
    "Id": 962002,
    "Type": 6
  },
  {
    "Value": 0.1821,
    "Id": 962003,
    "Type": 9
  },
  {
    "Value": 0.0971,
    "Id": 962004,
    "Type": 20
  },
  {
    "Value": 0.1619,
    "Id": 962005,
    "Type": 23
  },
  {
    "Value": 58.28,
    "Id": 962006,
    "Type": 28
  },
  {
    "Value": 0.1943,
    "Id": 962007,
    "Type": 22
  },
  {
    "Value": 746.88,
    "Id": 962008,
    "Type": 2
  },
  {
    "Value": 48.63,
    "Id": 962009,
    "Type": 5
  },
  {
    "Value": 57.87,
    "Id": 962010,
    "Type": 8
  },
  {
    "Value": 0.1457,
    "Id": 963001,
    "Type": 3
  },
  {
    "Value": 0.1457,
    "Id": 963002,
    "Type": 6
  },
  {
    "Value": 0.1821,
    "Id": 963003,
    "Type": 9
  },
  {
    "Value": 0.0971,
    "Id": 963004,
    "Type": 20
  },
  {
    "Value": 0.1619,
    "Id": 963005,
    "Type": 23
  },
  {
    "Value": 58.28,
    "Id": 963006,
    "Type": 28
  },
  {
    "Value": 0.1943,
    "Id": 963007,
    "Type": 22
  },
  {
    "Value": 746.88,
    "Id": 963008,
    "Type": 2
  },
  {
    "Value": 48.63,
    "Id": 963009,
    "Type": 5
  },
  {
    "Value": 57.87,
    "Id": 963010,
    "Type": 8
  },
  {
    "Value": 0.1457,
    "Id": 964001,
    "Type": 3
  },
  {
    "Value": 0.1457,
    "Id": 964002,
    "Type": 6
  },
  {
    "Value": 0.1821,
    "Id": 964003,
    "Type": 9
  },
  {
    "Value": 0.0971,
    "Id": 964004,
    "Type": 20
  },
  {
    "Value": 0.1619,
    "Id": 964005,
    "Type": 23
  },
  {
    "Value": 58.28,
    "Id": 964006,
    "Type": 28
  },
  {
    "Value": 0.1943,
    "Id": 964007,
    "Type": 22
  },
  {
    "Value": 746.88,
    "Id": 964008,
    "Type": 2
  },
  {
    "Value": 48.63,
    "Id": 964009,
    "Type": 5
  },
  {
    "Value": 57.87,
    "Id": 964010,
    "Type": 8
  },
  {
    "Value": 0.1457,
    "Id": 965001,
    "Type": 3
  },
  {
    "Value": 0.1457,
    "Id": 965002,
    "Type": 6
  },
  {
    "Value": 0.1821,
    "Id": 965003,
    "Type": 9
  },
  {
    "Value": 0.0971,
    "Id": 965004,
    "Type": 20
  },
  {
    "Value": 0.1619,
    "Id": 965005,
    "Type": 23
  },
  {
    "Value": 58.28,
    "Id": 965006,
    "Type": 28
  },
  {
    "Value": 0.1943,
    "Id": 965007,
    "Type": 22
  },
  {
    "Value": 746.88,
    "Id": 965008,
    "Type": 2
  },
  {
    "Value": 48.63,
    "Id": 965009,
    "Type": 5
  },
  {
    "Value": 57.87,
    "Id": 965010,
    "Type": 8
  },
  {
    "Value": 0.1457,
    "Id": 951001,
    "Type": 3
  },
  {
    "Value": 0.1457,
    "Id": 951002,
    "Type": 6
  },
  {
    "Value": 0.1821,
    "Id": 951003,
    "Type": 9
  },
  {
    "Value": 0.0971,
    "Id": 951004,
    "Type": 20
  },
  {
    "Value": 0.1619,
    "Id": 951005,
    "Type": 23
  },
  {
    "Value": 58.28,
    "Id": 951006,
    "Type": 28
  },
  {
    "Value": 0.1943,
    "Id": 951007,
    "Type": 22
  },
  {
    "Value": 0.1457,
    "Id": 952001,
    "Type": 3
  },
  {
    "Value": 0.1457,
    "Id": 952002,
    "Type": 6
  },
  {
    "Value": 0.1821,
    "Id": 952003,
    "Type": 9
  },
  {
    "Value": 0.0971,
    "Id": 952004,
    "Type": 20
  },
  {
    "Value": 0.1619,
    "Id": 952005,
    "Type": 23
  },
  {
    "Value": 58.28,
    "Id": 952006,
    "Type": 28
  },
  {
    "Value": 0.1943,
    "Id": 952007,
    "Type": 22
  },
  {
    "Value": 0.1457,
    "Id": 953001,
    "Type": 3
  },
  {
    "Value": 0.1457,
    "Id": 953002,
    "Type": 6
  },
  {
    "Value": 0.1821,
    "Id": 953003,
    "Type": 9
  },
  {
    "Value": 0.0971,
    "Id": 953004,
    "Type": 20
  },
  {
    "Value": 0.1619,
    "Id": 953005,
    "Type": 23
  },
  {
    "Value": 58.28,
    "Id": 953006,
    "Type": 28
  },
  {
    "Value": 0.1943,
    "Id": 953007,
    "Type": 22
  },
  {
    "Value": 0.1457,
    "Id": 956001,
    "Type": 3
  },
  {
    "Value": 0.1457,
    "Id": 956002,
    "Type": 6
  },
  {
    "Value": 0.1821,
    "Id": 956003,
    "Type": 9
  },
  {
    "Value": 0.0971,
    "Id": 956004,
    "Type": 20
  },
  {
    "Value": 0.1619,
    "Id": 956005,
    "Type": 23
  },
  {
    "Value": 58.28,
    "Id": 956006,
    "Type": 28
  },
  {
    "Value": 0.1943,
    "Id": 956007,
    "Type": 22
  },
  {
    "Value": 0.0932,
    "Id": 941001,
    "Type": 3
  },
  {
    "Value": 0.0932,
    "Id": 941002,
    "Type": 6
  },
  {
    "Value": 0.1166,
    "Id": 941003,
    "Type": 9
  },
  {
    "Value": 0.0622,
    "Id": 941004,
    "Type": 20
  },
  {
    "Value": 0.1036,
    "Id": 941005,
    "Type": 23
  },
  {
    "Value": 37.3,
    "Id": 941006,
    "Type": 28
  },
  {
    "Value": 0.1243,
    "Id": 941007,
    "Type": 22
  },
  {
    "Value": 0.0932,
    "Id": 942001,
    "Type": 3
  },
  {
    "Value": 0.0932,
    "Id": 942002,
    "Type": 6
  },
  {
    "Value": 0.1166,
    "Id": 942003,
    "Type": 9
  },
  {
    "Value": 0.0622,
    "Id": 942004,
    "Type": 20
  },
  {
    "Value": 0.1036,
    "Id": 942005,
    "Type": 23
  },
  {
    "Value": 37.3,
    "Id": 942006,
    "Type": 28
  },
  {
    "Value": 0.1243,
    "Id": 942007,
    "Type": 22
  },
  {
    "Value": 0.0932,
    "Id": 943001,
    "Type": 3
  },
  {
    "Value": 0.0932,
    "Id": 943002,
    "Type": 6
  },
  {
    "Value": 0.1166,
    "Id": 943003,
    "Type": 9
  },
  {
    "Value": 0.0622,
    "Id": 943004,
    "Type": 20
  },
  {
    "Value": 0.1036,
    "Id": 943005,
    "Type": 23
  },
  {
    "Value": 37.3,
    "Id": 943006,
    "Type": 28
  },
  {
    "Value": 0.1243,
    "Id": 943007,
    "Type": 22
  },
  {
    "Value": 0.0932,
    "Id": 946001,
    "Type": 3
  },
  {
    "Value": 0.0932,
    "Id": 946002,
    "Type": 6
  },
  {
    "Value": 0.1166,
    "Id": 946003,
    "Type": 9
  },
  {
    "Value": 0.0622,
    "Id": 946004,
    "Type": 20
  },
  {
    "Value": 0.1036,
    "Id": 946005,
    "Type": 23
  },
  {
    "Value": 37.3,
    "Id": 946006,
    "Type": 28
  },
  {
    "Value": 0.1243,
    "Id": 946007,
    "Type": 22
  },
  {
    "Value": 0.0396,
    "Id": 947001,
    "Type": 3
  },
  {
    "Value": 0.0396,
    "Id": 947002,
    "Type": 6
  },
  {
    "Value": 0.0495,
    "Id": 947003,
    "Type": 9
  },
  {
    "Value": 0.0264,
    "Id": 947004,
    "Type": 20
  },
  {
    "Value": 0.044,
    "Id": 947005,
    "Type": 23
  },
  {
    "Value": 15.85,
    "Id": 947006,
    "Type": 28
  },
  {
    "Value": 0.0528,
    "Id": 947007,
    "Type": 22
  },
  {
    "Value": 203.15,
    "Id": 947008,
    "Type": 2
  },
  {
    "Value": 13.23,
    "Id": 947009,
    "Type": 5
  },
  {
    "Value": 15.74,
    "Id": 947010,
    "Type": 8
  }
]