[
  {
    "Id": 3,
    "Begin": "2024-07-01T10:00:00+08:00",
    "End": "2024-08-01T03:59:59+08:00",
    "Elements": [
      1,
      4,
      7
    ],
    "SpecialAvatars": [
      10000082,
      10000095,
      10000078,
      10000086
    ],
    "InitialAvatars": [
      10000096,
      10000050,
      10000098,
      10000065,
      10000075,
      10000076
    ]
  },
  {
    "Id": 4,
    "Begin": "2024-08-01T04:00:00+08:00",
    "End": "2024-09-01T03:59:59+08:00",
    "Elements": [
      2,
      5,
      7
    ],
    "SpecialAvatars": [
      10000073,
      10000099,
      10000079,
      10000023
    ],
    "InitialAvatars": [
      10000089,
      10000014,
      10000002,
      10000039,
      10000026,
      10000076
    ]
  },
  {
    "Id": 5,
    "Begin": "2024-09-01T04:00:00+08:00",
    "End": "2024-10-01T03:59:59+08:00",
    "Elements": [
      1,
      2,
      3
    ],
    "SpecialAvatars": [
      10000047,
      10000100,
      10000052,
      10000098
    ],
    "InitialAvatars": [
      10000079,
      10000023,
      10000102,
      10000072,
      10000099,
      10000077
    ]
  },
  {
    "Id": 6,
    "Begin": "2024-10-01T04:00:00+08:00",
    "End": "2024-11-01T03:59:59+08:00",
    "Elements": [
      1,
      4,
      8
    ],
    "SpecialAvatars": [
      10000101,
      10000060,
      10000022,
      10000043
    ],
    "InitialAvatars": [
      10000079,
      10000090,
      10000042,
      10000031,
      10000094,
      10000027
    ]
  },
  {
    "Id": 7,
    "Begin": "2024-11-01T04:00:00+08:00",
    "End": "2024-12-01T03:59:59+08:00",
    "Elements": [
      1,
      4,
      3
    ],
    "SpecialAvatars": [
      10000103,
      10000094,
      10000025,
      10000074
    ],
    "InitialAvatars": [
      10000029,
      10000044,
      10000058,
      10000068,
      10000069,
      10000061
    ]
  },
  {
    "Id": 8,
    "Begin": "2024-12-01T04:00:00+08:00",
    "End": "2025-01-01T03:59:59+08:00",
    "Elements": [
      2,
      4,
      7
    ],
    "SpecialAvatars": [
      10000084,
      10000032,
      10000030,
      10000067
    ],
    "InitialAvatars": [
      10000054,
      10000025,
      10000052,
      10000056,
      10000003,
      10000083
    ]
  },
  {
    "Id": 9,
    "Begin": "2025-01-01T04:00:00+08:00",
    "End": "2025-02-01T03:59:59+08:00",
    "Elements": [
      1,
      5,
      8
    ],
    "SpecialAvatars": [
      10000066,
      10000093,
      10000053,
      10000031
    ],
    "InitialAvatars": [
      10000016,
      10000032,
      10000037,
      10000015,
      10000091,
      10000034
    ]
  },
  {
    "Id": 10,
    "Begin": "2025-02-01T04:00:00+08:00",
    "End": "2025-03-01T03:59:59+08:00",
    "Elements": [
      1,
      2,
      7
    ],
    "SpecialAvatars": [
      10000098,
      10000105,
      10000107,
      10000064
    ],
    "InitialAvatars": [
      10000046,
      10000092,
      10000041,
      10000025,
      10000022,
      10000059
    ]
  }
]